<?xml version="1.0" encoding="UTF-8"?>

<Bundle xmlns="http://hl7.org/fhir">
  <id value="e162ed30-7192-401c-9a65-1bad85685360"/>
  <meta>
    <lastUpdated value="2019-10-23T13:25:34.873+01:00"/>
  </meta>
  <type value="collection"/>
  <entry>
    <fullUrl value="https://fhir.nhs.uk/R4/ValueSet/UKCore-ResidentialStatus-1-0-0"/>
    <resource>
      <ValueSet>
        <id value="UKCore-ResidentialStatus-1-0-0"/>
        <text>
          <status value="generated"/>
          <div xmlns="http://www.w3.org/1999/xhtml">
            <p>This value set contains 2 concepts</p>
            <p style="border: black 1px dotted; background-color: #EEEEEE; padding: 8px">Expansion based on https://fhir.nhs.uk/R4/CodeSystem/UKCore-ResidentialStatus-1-0-0 version 1.0.0</p>
            <p>All codes from system 
              <a href="CodeSystem-UKCore-ResidentialStatus-1-0-0.html">
                <code>https://fhir.nhs.uk/R4/CodeSystem/UKCore-ResidentialStatus-1-0-0</code>
              </a>
            </p>
            <table class="codes">
              <tr>
                <td style="white-space:nowrap">
                  <b>Code</b>
                </td>
                <td>
                  <b>Display</b>
                </td>
                <td>
                  <b>Definition</b>
                </td>
              </tr>
              <tr>
                <td style="white-space:nowrap">
                  <a name="https---fhir.nhs.uk-R4-CodeSystem-UKCore-ResidentialStatus-1-0-0-H"> </a>
                  <a href="CodeSystem-UKCore-ResidentialStatus-1-0-0.html#UKCore-ResidentialStatus-1-0-0-H">H</a>
                </td>
                <td>UK Resident</td>
                <td/>
              </tr>
              <tr>
                <td style="white-space:nowrap">
                  <a name="https---fhir.nhs.uk-R4-CodeSystem-UKCore-ResidentialStatus-1-0-0-O"> </a>
                  <a href="CodeSystem-UKCore-ResidentialStatus-1-0-0.html#UKCore-ResidentialStatus-1-0-0-O">O</a>
                </td>
                <td>Overseas Resident</td>
                <td/>
              </tr>
            </table>
          </div>
        </text>
        <url value="https://fhir.nhs.uk/R4/ValueSet/UKCore-ResidentialStatus-1-0-0"/>
        <version value="1.0.0"/>
        <name value="UKCoreResidentialStatus"/>
        <title value="UK Core Residential Status"/>
        <status value="draft"/>
        <date value="2019-10-18T01:00:00+01:00"/>
        <publisher value="NHS Digital"/>
        <contact>
          <name value="Interoperability Team"/>
          <telecom>
            <system value="email"/>
            <value value="interoperabilityteam@nhs.net"/>
            <use value="work"/>
          </telecom>
        </contact>
        <description value="A ValueSet that identifies the residential status of a patient."/>
        <copyright value="Copyright &#xA9; 2019 NHS Digital"/>
        <expansion>
          <identifier value="urn:uuid:5e8edec7-603d-4d79-a423-33df8e8ee75e"/>
          <timestamp value="2019-10-23T13:25:41+01:00"/>
          <total value="2"/>
          <parameter>
            <name value="excludeNested"/>
            <valueBoolean value="false"/>
          </parameter>
          <parameter>
            <name value="version"/>
            <valueUri value="https://fhir.nhs.uk/R4/CodeSystem/UKCore-ResidentialStatus-1-0-0|1.0.0"/>
          </parameter>
          <contains>
            <system value="https://fhir.nhs.uk/R4/CodeSystem/UKCore-ResidentialStatus-1-0-0"/>
            <code value="H"/>
            <display value="UK Resident"/>
          </contains>
          <contains>
            <system value="https://fhir.nhs.uk/R4/CodeSystem/UKCore-ResidentialStatus-1-0-0"/>
            <code value="O"/>
            <display value="Overseas Resident"/>
          </contains>
        </expansion>
      </ValueSet>
    </resource>
  </entry>
  <entry>
    <fullUrl value="https://fhir.nhs.uk/R4/ValueSet/UKCore-EthnicCategory-1-0-0"/>
    <resource>
      <ValueSet>
        <id value="UKCore-EthnicCategory-1-0-0"/>
        <text>
          <status value="generated"/>
          <div xmlns="http://www.w3.org/1999/xhtml">
            <p>This value set contains 68 concepts</p>
            <p style="border: black 1px dotted; background-color: #EEEEEE; padding: 8px">Expansion based on https://fhir.nhs.uk/R4/CodeSystem/UKCore-EthnicCategory-1-0-0 version 1.0.0</p>
            <p>All codes from system 
              <a href="CodeSystem-UKCore-EthnicCategory-1-0-0.html">
                <code>https://fhir.nhs.uk/R4/CodeSystem/UKCore-EthnicCategory-1-0-0</code>
              </a>
            </p>
            <table class="codes">
              <tr>
                <td style="white-space:nowrap">
                  <b>Code</b>
                </td>
                <td>
                  <b>Display</b>
                </td>
                <td>
                  <b>Definition</b>
                </td>
              </tr>
              <tr>
                <td style="white-space:nowrap">
                  <a name="https---fhir.nhs.uk-R4-CodeSystem-UKCore-EthnicCategory-1-0-0-A"> </a>
                  <a href="CodeSystem-UKCore-EthnicCategory-1-0-0.html#UKCore-EthnicCategory-1-0-0-A">A</a>
                </td>
                <td>British, Mixed British</td>
                <td/>
              </tr>
              <tr>
                <td style="white-space:nowrap">
                  <a name="https---fhir.nhs.uk-R4-CodeSystem-UKCore-EthnicCategory-1-0-0-B"> </a>
                  <a href="CodeSystem-UKCore-EthnicCategory-1-0-0.html#UKCore-EthnicCategory-1-0-0-B">B</a>
                </td>
                <td>Irish</td>
                <td/>
              </tr>
              <tr>
                <td style="white-space:nowrap">
                  <a name="https---fhir.nhs.uk-R4-CodeSystem-UKCore-EthnicCategory-1-0-0-C"> </a>
                  <a href="CodeSystem-UKCore-EthnicCategory-1-0-0.html#UKCore-EthnicCategory-1-0-0-C">C</a>
                </td>
                <td>Any other White background</td>
                <td/>
              </tr>
              <tr>
                <td style="white-space:nowrap">
                  <a name="https---fhir.nhs.uk-R4-CodeSystem-UKCore-EthnicCategory-1-0-0-C2"> </a>
                  <a href="CodeSystem-UKCore-EthnicCategory-1-0-0.html#UKCore-EthnicCategory-1-0-0-C2">C2</a>
                </td>
                <td>Northern Irish</td>
                <td/>
              </tr>
              <tr>
                <td style="white-space:nowrap">
                  <a name="https---fhir.nhs.uk-R4-CodeSystem-UKCore-EthnicCategory-1-0-0-C3"> </a>
                  <a href="CodeSystem-UKCore-EthnicCategory-1-0-0.html#UKCore-EthnicCategory-1-0-0-C3">C3</a>
                </td>
                <td>Other white, white unspecified</td>
                <td/>
              </tr>
              <tr>
                <td style="white-space:nowrap">
                  <a name="https---fhir.nhs.uk-R4-CodeSystem-UKCore-EthnicCategory-1-0-0-CA"> </a>
                  <a href="CodeSystem-UKCore-EthnicCategory-1-0-0.html#UKCore-EthnicCategory-1-0-0-CA">CA</a>
                </td>
                <td>English</td>
                <td/>
              </tr>
              <tr>
                <td style="white-space:nowrap">
                  <a name="https---fhir.nhs.uk-R4-CodeSystem-UKCore-EthnicCategory-1-0-0-CB"> </a>
                  <a href="CodeSystem-UKCore-EthnicCategory-1-0-0.html#UKCore-EthnicCategory-1-0-0-CB">CB</a>
                </td>
                <td>Scottish</td>
                <td/>
              </tr>
              <tr>
                <td style="white-space:nowrap">
                  <a name="https---fhir.nhs.uk-R4-CodeSystem-UKCore-EthnicCategory-1-0-0-CC"> </a>
                  <a href="CodeSystem-UKCore-EthnicCategory-1-0-0.html#UKCore-EthnicCategory-1-0-0-CC">CC</a>
                </td>
                <td>Welsh</td>
                <td/>
              </tr>
              <tr>
                <td style="white-space:nowrap">
                  <a name="https---fhir.nhs.uk-R4-CodeSystem-UKCore-EthnicCategory-1-0-0-CD"> </a>
                  <a href="CodeSystem-UKCore-EthnicCategory-1-0-0.html#UKCore-EthnicCategory-1-0-0-CD">CD</a>
                </td>
                <td>Cornish</td>
                <td/>
              </tr>
              <tr>
                <td style="white-space:nowrap">
                  <a name="https---fhir.nhs.uk-R4-CodeSystem-UKCore-EthnicCategory-1-0-0-CE"> </a>
                  <a href="CodeSystem-UKCore-EthnicCategory-1-0-0.html#UKCore-EthnicCategory-1-0-0-CE">CE</a>
                </td>
                <td>Cypriot (part not stated)</td>
                <td/>
              </tr>
              <tr>
                <td style="white-space:nowrap">
                  <a name="https---fhir.nhs.uk-R4-CodeSystem-UKCore-EthnicCategory-1-0-0-CF"> </a>
                  <a href="CodeSystem-UKCore-EthnicCategory-1-0-0.html#UKCore-EthnicCategory-1-0-0-CF">CF</a>
                </td>
                <td>Greek</td>
                <td/>
              </tr>
              <tr>
                <td style="white-space:nowrap">
                  <a name="https---fhir.nhs.uk-R4-CodeSystem-UKCore-EthnicCategory-1-0-0-CG"> </a>
                  <a href="CodeSystem-UKCore-EthnicCategory-1-0-0.html#UKCore-EthnicCategory-1-0-0-CG">CG</a>
                </td>
                <td>Greek Cypriot</td>
                <td/>
              </tr>
              <tr>
                <td style="white-space:nowrap">
                  <a name="https---fhir.nhs.uk-R4-CodeSystem-UKCore-EthnicCategory-1-0-0-CH"> </a>
                  <a href="CodeSystem-UKCore-EthnicCategory-1-0-0.html#UKCore-EthnicCategory-1-0-0-CH">CH</a>
                </td>
                <td>Turkish</td>
                <td/>
              </tr>
              <tr>
                <td style="white-space:nowrap">
                  <a name="https---fhir.nhs.uk-R4-CodeSystem-UKCore-EthnicCategory-1-0-0-CJ"> </a>
                  <a href="CodeSystem-UKCore-EthnicCategory-1-0-0.html#UKCore-EthnicCategory-1-0-0-CJ">CJ</a>
                </td>
                <td>Turkish Cypriot</td>
                <td/>
              </tr>
              <tr>
                <td style="white-space:nowrap">
                  <a name="https---fhir.nhs.uk-R4-CodeSystem-UKCore-EthnicCategory-1-0-0-CK"> </a>
                  <a href="CodeSystem-UKCore-EthnicCategory-1-0-0.html#UKCore-EthnicCategory-1-0-0-CK">CK</a>
                </td>
                <td>Italian</td>
                <td/>
              </tr>
              <tr>
                <td style="white-space:nowrap">
                  <a name="https---fhir.nhs.uk-R4-CodeSystem-UKCore-EthnicCategory-1-0-0-CL"> </a>
                  <a href="CodeSystem-UKCore-EthnicCategory-1-0-0.html#UKCore-EthnicCategory-1-0-0-CL">CL</a>
                </td>
                <td>Irish Traveller</td>
                <td/>
              </tr>
              <tr>
                <td style="white-space:nowrap">
                  <a name="https---fhir.nhs.uk-R4-CodeSystem-UKCore-EthnicCategory-1-0-0-CM"> </a>
                  <a href="CodeSystem-UKCore-EthnicCategory-1-0-0.html#UKCore-EthnicCategory-1-0-0-CM">CM</a>
                </td>
                <td>Traveller</td>
                <td/>
              </tr>
              <tr>
                <td style="white-space:nowrap">
                  <a name="https---fhir.nhs.uk-R4-CodeSystem-UKCore-EthnicCategory-1-0-0-CN"> </a>
                  <a href="CodeSystem-UKCore-EthnicCategory-1-0-0.html#UKCore-EthnicCategory-1-0-0-CN">CN</a>
                </td>
                <td>Gypsy/Romany</td>
                <td/>
              </tr>
              <tr>
                <td style="white-space:nowrap">
                  <a name="https---fhir.nhs.uk-R4-CodeSystem-UKCore-EthnicCategory-1-0-0-CP"> </a>
                  <a href="CodeSystem-UKCore-EthnicCategory-1-0-0.html#UKCore-EthnicCategory-1-0-0-CP">CP</a>
                </td>
                <td>Polish</td>
                <td/>
              </tr>
              <tr>
                <td style="white-space:nowrap">
                  <a name="https---fhir.nhs.uk-R4-CodeSystem-UKCore-EthnicCategory-1-0-0-CQ"> </a>
                  <a href="CodeSystem-UKCore-EthnicCategory-1-0-0.html#UKCore-EthnicCategory-1-0-0-CQ">CQ</a>
                </td>
                <td>All republics which made up the former USSR</td>
                <td/>
              </tr>
              <tr>
                <td style="white-space:nowrap">
                  <a name="https---fhir.nhs.uk-R4-CodeSystem-UKCore-EthnicCategory-1-0-0-CR"> </a>
                  <a href="CodeSystem-UKCore-EthnicCategory-1-0-0.html#UKCore-EthnicCategory-1-0-0-CR">CR</a>
                </td>
                <td>Kosovan</td>
                <td/>
              </tr>
              <tr>
                <td style="white-space:nowrap">
                  <a name="https---fhir.nhs.uk-R4-CodeSystem-UKCore-EthnicCategory-1-0-0-CS"> </a>
                  <a href="CodeSystem-UKCore-EthnicCategory-1-0-0.html#UKCore-EthnicCategory-1-0-0-CS">CS</a>
                </td>
                <td>Albanian</td>
                <td/>
              </tr>
              <tr>
                <td style="white-space:nowrap">
                  <a name="https---fhir.nhs.uk-R4-CodeSystem-UKCore-EthnicCategory-1-0-0-CT"> </a>
                  <a href="CodeSystem-UKCore-EthnicCategory-1-0-0.html#UKCore-EthnicCategory-1-0-0-CT">CT</a>
                </td>
                <td>Bosnian</td>
                <td/>
              </tr>
              <tr>
                <td style="white-space:nowrap">
                  <a name="https---fhir.nhs.uk-R4-CodeSystem-UKCore-EthnicCategory-1-0-0-CU"> </a>
                  <a href="CodeSystem-UKCore-EthnicCategory-1-0-0.html#UKCore-EthnicCategory-1-0-0-CU">CU</a>
                </td>
                <td>Croatian</td>
                <td/>
              </tr>
              <tr>
                <td style="white-space:nowrap">
                  <a name="https---fhir.nhs.uk-R4-CodeSystem-UKCore-EthnicCategory-1-0-0-CV"> </a>
                  <a href="CodeSystem-UKCore-EthnicCategory-1-0-0.html#UKCore-EthnicCategory-1-0-0-CV">CV</a>
                </td>
                <td>Serbian</td>
                <td/>
              </tr>
              <tr>
                <td style="white-space:nowrap">
                  <a name="https---fhir.nhs.uk-R4-CodeSystem-UKCore-EthnicCategory-1-0-0-CW"> </a>
                  <a href="CodeSystem-UKCore-EthnicCategory-1-0-0.html#UKCore-EthnicCategory-1-0-0-CW">CW</a>
                </td>
                <td>Other republics which made up the former Yugoslavia</td>
                <td/>
              </tr>
              <tr>
                <td style="white-space:nowrap">
                  <a name="https---fhir.nhs.uk-R4-CodeSystem-UKCore-EthnicCategory-1-0-0-CX"> </a>
                  <a href="CodeSystem-UKCore-EthnicCategory-1-0-0.html#UKCore-EthnicCategory-1-0-0-CX">CX</a>
                </td>
                <td>Mixed white</td>
                <td/>
              </tr>
              <tr>
                <td style="white-space:nowrap">
                  <a name="https---fhir.nhs.uk-R4-CodeSystem-UKCore-EthnicCategory-1-0-0-CY"> </a>
                  <a href="CodeSystem-UKCore-EthnicCategory-1-0-0.html#UKCore-EthnicCategory-1-0-0-CY">CY</a>
                </td>
                <td>Other white European, European unspecified, European mixed</td>
                <td/>
              </tr>
              <tr>
                <td style="white-space:nowrap">
                  <a name="https---fhir.nhs.uk-R4-CodeSystem-UKCore-EthnicCategory-1-0-0-D"> </a>
                  <a href="CodeSystem-UKCore-EthnicCategory-1-0-0.html#UKCore-EthnicCategory-1-0-0-D">D</a>
                </td>
                <td>White and Black Caribbean</td>
                <td/>
              </tr>
              <tr>
                <td style="white-space:nowrap">
                  <a name="https---fhir.nhs.uk-R4-CodeSystem-UKCore-EthnicCategory-1-0-0-E"> </a>
                  <a href="CodeSystem-UKCore-EthnicCategory-1-0-0.html#UKCore-EthnicCategory-1-0-0-E">E</a>
                </td>
                <td>White and Black African</td>
                <td/>
              </tr>
              <tr>
                <td style="white-space:nowrap">
                  <a name="https---fhir.nhs.uk-R4-CodeSystem-UKCore-EthnicCategory-1-0-0-F"> </a>
                  <a href="CodeSystem-UKCore-EthnicCategory-1-0-0.html#UKCore-EthnicCategory-1-0-0-F">F</a>
                </td>
                <td>White and Asian</td>
                <td/>
              </tr>
              <tr>
                <td style="white-space:nowrap">
                  <a name="https---fhir.nhs.uk-R4-CodeSystem-UKCore-EthnicCategory-1-0-0-G"> </a>
                  <a href="CodeSystem-UKCore-EthnicCategory-1-0-0.html#UKCore-EthnicCategory-1-0-0-G">G</a>
                </td>
                <td>Any other mixed background</td>
                <td/>
              </tr>
              <tr>
                <td style="white-space:nowrap">
                  <a name="https---fhir.nhs.uk-R4-CodeSystem-UKCore-EthnicCategory-1-0-0-GA"> </a>
                  <a href="CodeSystem-UKCore-EthnicCategory-1-0-0.html#UKCore-EthnicCategory-1-0-0-GA">GA</a>
                </td>
                <td>Black and Asian</td>
                <td/>
              </tr>
              <tr>
                <td style="white-space:nowrap">
                  <a name="https---fhir.nhs.uk-R4-CodeSystem-UKCore-EthnicCategory-1-0-0-GB"> </a>
                  <a href="CodeSystem-UKCore-EthnicCategory-1-0-0.html#UKCore-EthnicCategory-1-0-0-GB">GB</a>
                </td>
                <td>Black and Chinese</td>
                <td/>
              </tr>
              <tr>
                <td style="white-space:nowrap">
                  <a name="https---fhir.nhs.uk-R4-CodeSystem-UKCore-EthnicCategory-1-0-0-GC"> </a>
                  <a href="CodeSystem-UKCore-EthnicCategory-1-0-0.html#UKCore-EthnicCategory-1-0-0-GC">GC</a>
                </td>
                <td>Black and White</td>
                <td/>
              </tr>
              <tr>
                <td style="white-space:nowrap">
                  <a name="https---fhir.nhs.uk-R4-CodeSystem-UKCore-EthnicCategory-1-0-0-GD"> </a>
                  <a href="CodeSystem-UKCore-EthnicCategory-1-0-0.html#UKCore-EthnicCategory-1-0-0-GD">GD</a>
                </td>
                <td>Chinese and White</td>
                <td/>
              </tr>
              <tr>
                <td style="white-space:nowrap">
                  <a name="https---fhir.nhs.uk-R4-CodeSystem-UKCore-EthnicCategory-1-0-0-GE"> </a>
                  <a href="CodeSystem-UKCore-EthnicCategory-1-0-0.html#UKCore-EthnicCategory-1-0-0-GE">GE</a>
                </td>
                <td>Asian and Chinese</td>
                <td/>
              </tr>
              <tr>
                <td style="white-space:nowrap">
                  <a name="https---fhir.nhs.uk-R4-CodeSystem-UKCore-EthnicCategory-1-0-0-GF"> </a>
                  <a href="CodeSystem-UKCore-EthnicCategory-1-0-0.html#UKCore-EthnicCategory-1-0-0-GF">GF</a>
                </td>
                <td>Other Mixed, Mixed Unspecified</td>
                <td/>
              </tr>
              <tr>
                <td style="white-space:nowrap">
                  <a name="https---fhir.nhs.uk-R4-CodeSystem-UKCore-EthnicCategory-1-0-0-H"> </a>
                  <a href="CodeSystem-UKCore-EthnicCategory-1-0-0.html#UKCore-EthnicCategory-1-0-0-H">H</a>
                </td>
                <td>Indian or British Indian</td>
                <td/>
              </tr>
              <tr>
                <td style="white-space:nowrap">
                  <a name="https---fhir.nhs.uk-R4-CodeSystem-UKCore-EthnicCategory-1-0-0-J"> </a>
                  <a href="CodeSystem-UKCore-EthnicCategory-1-0-0.html#UKCore-EthnicCategory-1-0-0-J">J</a>
                </td>
                <td>Pakistani or British Pakistani</td>
                <td/>
              </tr>
              <tr>
                <td style="white-space:nowrap">
                  <a name="https---fhir.nhs.uk-R4-CodeSystem-UKCore-EthnicCategory-1-0-0-K"> </a>
                  <a href="CodeSystem-UKCore-EthnicCategory-1-0-0.html#UKCore-EthnicCategory-1-0-0-K">K</a>
                </td>
                <td>Bangladeshi or British Bangladeshi</td>
                <td/>
              </tr>
              <tr>
                <td style="white-space:nowrap">
                  <a name="https---fhir.nhs.uk-R4-CodeSystem-UKCore-EthnicCategory-1-0-0-L"> </a>
                  <a href="CodeSystem-UKCore-EthnicCategory-1-0-0.html#UKCore-EthnicCategory-1-0-0-L">L</a>
                </td>
                <td>Any other Asian background</td>
                <td/>
              </tr>
              <tr>
                <td style="white-space:nowrap">
                  <a name="https---fhir.nhs.uk-R4-CodeSystem-UKCore-EthnicCategory-1-0-0-LA"> </a>
                  <a href="CodeSystem-UKCore-EthnicCategory-1-0-0.html#UKCore-EthnicCategory-1-0-0-LA">LA</a>
                </td>
                <td>Mixed Asian</td>
                <td/>
              </tr>
              <tr>
                <td style="white-space:nowrap">
                  <a name="https---fhir.nhs.uk-R4-CodeSystem-UKCore-EthnicCategory-1-0-0-LB"> </a>
                  <a href="CodeSystem-UKCore-EthnicCategory-1-0-0.html#UKCore-EthnicCategory-1-0-0-LB">LB</a>
                </td>
                <td>Punjabi</td>
                <td/>
              </tr>
              <tr>
                <td style="white-space:nowrap">
                  <a name="https---fhir.nhs.uk-R4-CodeSystem-UKCore-EthnicCategory-1-0-0-LC"> </a>
                  <a href="CodeSystem-UKCore-EthnicCategory-1-0-0.html#UKCore-EthnicCategory-1-0-0-LC">LC</a>
                </td>
                <td>Kashmiri</td>
                <td/>
              </tr>
              <tr>
                <td style="white-space:nowrap">
                  <a name="https---fhir.nhs.uk-R4-CodeSystem-UKCore-EthnicCategory-1-0-0-LD"> </a>
                  <a href="CodeSystem-UKCore-EthnicCategory-1-0-0.html#UKCore-EthnicCategory-1-0-0-LD">LD</a>
                </td>
                <td>East African Asian</td>
                <td/>
              </tr>
              <tr>
                <td style="white-space:nowrap">
                  <a name="https---fhir.nhs.uk-R4-CodeSystem-UKCore-EthnicCategory-1-0-0-LE"> </a>
                  <a href="CodeSystem-UKCore-EthnicCategory-1-0-0.html#UKCore-EthnicCategory-1-0-0-LE">LE</a>
                </td>
                <td>Sri Lanka</td>
                <td/>
              </tr>
              <tr>
                <td style="white-space:nowrap">
                  <a name="https---fhir.nhs.uk-R4-CodeSystem-UKCore-EthnicCategory-1-0-0-LF"> </a>
                  <a href="CodeSystem-UKCore-EthnicCategory-1-0-0.html#UKCore-EthnicCategory-1-0-0-LF">LF</a>
                </td>
                <td>Tamil</td>
                <td/>
              </tr>
              <tr>
                <td style="white-space:nowrap">
                  <a name="https---fhir.nhs.uk-R4-CodeSystem-UKCore-EthnicCategory-1-0-0-LG"> </a>
                  <a href="CodeSystem-UKCore-EthnicCategory-1-0-0.html#UKCore-EthnicCategory-1-0-0-LG">LG</a>
                </td>
                <td>Sinhalese</td>
                <td/>
              </tr>
              <tr>
                <td style="white-space:nowrap">
                  <a name="https---fhir.nhs.uk-R4-CodeSystem-UKCore-EthnicCategory-1-0-0-LH"> </a>
                  <a href="CodeSystem-UKCore-EthnicCategory-1-0-0.html#UKCore-EthnicCategory-1-0-0-LH">LH</a>
                </td>
                <td>British Asian</td>
                <td/>
              </tr>
              <tr>
                <td style="white-space:nowrap">
                  <a name="https---fhir.nhs.uk-R4-CodeSystem-UKCore-EthnicCategory-1-0-0-LJ"> </a>
                  <a href="CodeSystem-UKCore-EthnicCategory-1-0-0.html#UKCore-EthnicCategory-1-0-0-LJ">LJ</a>
                </td>
                <td>Caribbean Asian</td>
                <td/>
              </tr>
              <tr>
                <td style="white-space:nowrap">
                  <a name="https---fhir.nhs.uk-R4-CodeSystem-UKCore-EthnicCategory-1-0-0-LK"> </a>
                  <a href="CodeSystem-UKCore-EthnicCategory-1-0-0.html#UKCore-EthnicCategory-1-0-0-LK">LK</a>
                </td>
                <td>Other Asian, Asian unspecified</td>
                <td/>
              </tr>
              <tr>
                <td style="white-space:nowrap">
                  <a name="https---fhir.nhs.uk-R4-CodeSystem-UKCore-EthnicCategory-1-0-0-M"> </a>
                  <a href="CodeSystem-UKCore-EthnicCategory-1-0-0.html#UKCore-EthnicCategory-1-0-0-M">M</a>
                </td>
                <td>Caribbean</td>
                <td/>
              </tr>
              <tr>
                <td style="white-space:nowrap">
                  <a name="https---fhir.nhs.uk-R4-CodeSystem-UKCore-EthnicCategory-1-0-0-N"> </a>
                  <a href="CodeSystem-UKCore-EthnicCategory-1-0-0.html#UKCore-EthnicCategory-1-0-0-N">N</a>
                </td>
                <td>African</td>
                <td/>
              </tr>
              <tr>
                <td style="white-space:nowrap">
                  <a name="https---fhir.nhs.uk-R4-CodeSystem-UKCore-EthnicCategory-1-0-0-P"> </a>
                  <a href="CodeSystem-UKCore-EthnicCategory-1-0-0.html#UKCore-EthnicCategory-1-0-0-P">P</a>
                </td>
                <td>Any other Black background</td>
                <td/>
              </tr>
              <tr>
                <td style="white-space:nowrap">
                  <a name="https---fhir.nhs.uk-R4-CodeSystem-UKCore-EthnicCategory-1-0-0-PA"> </a>
                  <a href="CodeSystem-UKCore-EthnicCategory-1-0-0.html#UKCore-EthnicCategory-1-0-0-PA">PA</a>
                </td>
                <td>Somali</td>
                <td/>
              </tr>
              <tr>
                <td style="white-space:nowrap">
                  <a name="https---fhir.nhs.uk-R4-CodeSystem-UKCore-EthnicCategory-1-0-0-PB"> </a>
                  <a href="CodeSystem-UKCore-EthnicCategory-1-0-0.html#UKCore-EthnicCategory-1-0-0-PB">PB</a>
                </td>
                <td>Mixed Black</td>
                <td/>
              </tr>
              <tr>
                <td style="white-space:nowrap">
                  <a name="https---fhir.nhs.uk-R4-CodeSystem-UKCore-EthnicCategory-1-0-0-PC"> </a>
                  <a href="CodeSystem-UKCore-EthnicCategory-1-0-0.html#UKCore-EthnicCategory-1-0-0-PC">PC</a>
                </td>
                <td>Nigerian</td>
                <td/>
              </tr>
              <tr>
                <td style="white-space:nowrap">
                  <a name="https---fhir.nhs.uk-R4-CodeSystem-UKCore-EthnicCategory-1-0-0-PD"> </a>
                  <a href="CodeSystem-UKCore-EthnicCategory-1-0-0.html#UKCore-EthnicCategory-1-0-0-PD">PD</a>
                </td>
                <td>Black British</td>
                <td/>
              </tr>
              <tr>
                <td style="white-space:nowrap">
                  <a name="https---fhir.nhs.uk-R4-CodeSystem-UKCore-EthnicCategory-1-0-0-PE"> </a>
                  <a href="CodeSystem-UKCore-EthnicCategory-1-0-0.html#UKCore-EthnicCategory-1-0-0-PE">PE</a>
                </td>
                <td>Other Black, Black unspecified</td>
                <td/>
              </tr>
              <tr>
                <td style="white-space:nowrap">
                  <a name="https---fhir.nhs.uk-R4-CodeSystem-UKCore-EthnicCategory-1-0-0-R"> </a>
                  <a href="CodeSystem-UKCore-EthnicCategory-1-0-0.html#UKCore-EthnicCategory-1-0-0-R">R</a>
                </td>
                <td>Chinese</td>
                <td/>
              </tr>
              <tr>
                <td style="white-space:nowrap">
                  <a name="https---fhir.nhs.uk-R4-CodeSystem-UKCore-EthnicCategory-1-0-0-S"> </a>
                  <a href="CodeSystem-UKCore-EthnicCategory-1-0-0.html#UKCore-EthnicCategory-1-0-0-S">S</a>
                </td>
                <td>Any other ethnic group</td>
                <td/>
              </tr>
              <tr>
                <td style="white-space:nowrap">
                  <a name="https---fhir.nhs.uk-R4-CodeSystem-UKCore-EthnicCategory-1-0-0-SA"> </a>
                  <a href="CodeSystem-UKCore-EthnicCategory-1-0-0.html#UKCore-EthnicCategory-1-0-0-SA">SA</a>
                </td>
                <td>Vietnamese</td>
                <td/>
              </tr>
              <tr>
                <td style="white-space:nowrap">
                  <a name="https---fhir.nhs.uk-R4-CodeSystem-UKCore-EthnicCategory-1-0-0-SB"> </a>
                  <a href="CodeSystem-UKCore-EthnicCategory-1-0-0.html#UKCore-EthnicCategory-1-0-0-SB">SB</a>
                </td>
                <td>Japanese</td>
                <td/>
              </tr>
              <tr>
                <td style="white-space:nowrap">
                  <a name="https---fhir.nhs.uk-R4-CodeSystem-UKCore-EthnicCategory-1-0-0-SC"> </a>
                  <a href="CodeSystem-UKCore-EthnicCategory-1-0-0.html#UKCore-EthnicCategory-1-0-0-SC">SC</a>
                </td>
                <td>Filipino</td>
                <td/>
              </tr>
              <tr>
                <td style="white-space:nowrap">
                  <a name="https---fhir.nhs.uk-R4-CodeSystem-UKCore-EthnicCategory-1-0-0-SD"> </a>
                  <a href="CodeSystem-UKCore-EthnicCategory-1-0-0.html#UKCore-EthnicCategory-1-0-0-SD">SD</a>
                </td>
                <td>Malaysian</td>
                <td/>
              </tr>
              <tr>
                <td style="white-space:nowrap">
                  <a name="https---fhir.nhs.uk-R4-CodeSystem-UKCore-EthnicCategory-1-0-0-SE"> </a>
                  <a href="CodeSystem-UKCore-EthnicCategory-1-0-0.html#UKCore-EthnicCategory-1-0-0-SE">SE</a>
                </td>
                <td>Any Other Group</td>
                <td/>
              </tr>
              <tr>
                <td style="white-space:nowrap">
                  <a name="https---fhir.nhs.uk-R4-CodeSystem-UKCore-EthnicCategory-1-0-0-Z"> </a>
                  <a href="CodeSystem-UKCore-EthnicCategory-1-0-0.html#UKCore-EthnicCategory-1-0-0-Z">Z</a>
                </td>
                <td>Not stated</td>
                <td/>
              </tr>
            </table>
          </div>
        </text>
        <extension url="http://hl7.org/fhir/StructureDefinition/valueset-sourceReference">
          <valueUri value="http://www.datadictionary.nhs.uk/data_dictionary/data_field_notes/p/pds/pds_ethnic_category_code_de.asp?shownav=0"/>
        </extension>
        <url value="https://fhir.nhs.uk/R4/ValueSet/UKCore-EthnicCategory-1-0-0"/>
        <version value="1.0.0"/>
        <name value="UKCoreEthnicCategory"/>
        <title value="UK Core Ethnic Category"/>
        <status value="draft"/>
        <date value="2019-10-17T01:00:00+01:00"/>
        <publisher value="NHS Digital"/>
        <contact>
          <name value="Interoperability Team"/>
          <telecom>
            <system value="email"/>
            <value value="interoperabilityteam@nhs.net"/>
            <use value="work"/>
          </telecom>
        </contact>
        <description value="A ValueSet to identify the ethnicity of a Person, as specified by the Person. This vocabulary describes a person&#39;s ethnic category, it is an extension of the Ethnic Category Code described in the NHS Data Model and Dictionary."/>
        <copyright value="Copyright &#xA9; 2019 NHS Digital"/>
        <expansion>
          <identifier value="urn:uuid:f91b867c-f07c-4cf0-abcc-3a35f6c380b5"/>
          <timestamp value="2019-10-23T13:25:41+01:00"/>
          <total value="68"/>
          <parameter>
            <name value="excludeNested"/>
            <valueBoolean value="false"/>
          </parameter>
          <parameter>
            <name value="version"/>
            <valueUri value="https://fhir.nhs.uk/R4/CodeSystem/UKCore-EthnicCategory-1-0-0|1.0.0"/>
          </parameter>
          <contains>
            <system value="https://fhir.nhs.uk/R4/CodeSystem/UKCore-EthnicCategory-1-0-0"/>
            <code value="A"/>
            <display value="British, Mixed British"/>
          </contains>
          <contains>
            <system value="https://fhir.nhs.uk/R4/CodeSystem/UKCore-EthnicCategory-1-0-0"/>
            <code value="B"/>
            <display value="Irish"/>
          </contains>
          <contains>
            <system value="https://fhir.nhs.uk/R4/CodeSystem/UKCore-EthnicCategory-1-0-0"/>
            <code value="C"/>
            <display value="Any other White background"/>
          </contains>
          <contains>
            <system value="https://fhir.nhs.uk/R4/CodeSystem/UKCore-EthnicCategory-1-0-0"/>
            <code value="C2"/>
            <display value="Northern Irish"/>
          </contains>
          <contains>
            <system value="https://fhir.nhs.uk/R4/CodeSystem/UKCore-EthnicCategory-1-0-0"/>
            <code value="C3"/>
            <display value="Other white, white unspecified"/>
          </contains>
          <contains>
            <system value="https://fhir.nhs.uk/R4/CodeSystem/UKCore-EthnicCategory-1-0-0"/>
            <code value="CA"/>
            <display value="English"/>
          </contains>
          <contains>
            <system value="https://fhir.nhs.uk/R4/CodeSystem/UKCore-EthnicCategory-1-0-0"/>
            <code value="CB"/>
            <display value="Scottish"/>
          </contains>
          <contains>
            <system value="https://fhir.nhs.uk/R4/CodeSystem/UKCore-EthnicCategory-1-0-0"/>
            <code value="CC"/>
            <display value="Welsh"/>
          </contains>
          <contains>
            <system value="https://fhir.nhs.uk/R4/CodeSystem/UKCore-EthnicCategory-1-0-0"/>
            <code value="CD"/>
            <display value="Cornish"/>
          </contains>
          <contains>
            <system value="https://fhir.nhs.uk/R4/CodeSystem/UKCore-EthnicCategory-1-0-0"/>
            <code value="CE"/>
            <display value="Cypriot (part not stated)"/>
          </contains>
          <contains>
            <system value="https://fhir.nhs.uk/R4/CodeSystem/UKCore-EthnicCategory-1-0-0"/>
            <code value="CF"/>
            <display value="Greek"/>
          </contains>
          <contains>
            <system value="https://fhir.nhs.uk/R4/CodeSystem/UKCore-EthnicCategory-1-0-0"/>
            <code value="CG"/>
            <display value="Greek Cypriot"/>
          </contains>
          <contains>
            <system value="https://fhir.nhs.uk/R4/CodeSystem/UKCore-EthnicCategory-1-0-0"/>
            <code value="CH"/>
            <display value="Turkish"/>
          </contains>
          <contains>
            <system value="https://fhir.nhs.uk/R4/CodeSystem/UKCore-EthnicCategory-1-0-0"/>
            <code value="CJ"/>
            <display value="Turkish Cypriot"/>
          </contains>
          <contains>
            <system value="https://fhir.nhs.uk/R4/CodeSystem/UKCore-EthnicCategory-1-0-0"/>
            <code value="CK"/>
            <display value="Italian"/>
          </contains>
          <contains>
            <system value="https://fhir.nhs.uk/R4/CodeSystem/UKCore-EthnicCategory-1-0-0"/>
            <code value="CL"/>
            <display value="Irish Traveller"/>
          </contains>
          <contains>
            <system value="https://fhir.nhs.uk/R4/CodeSystem/UKCore-EthnicCategory-1-0-0"/>
            <code value="CM"/>
            <display value="Traveller"/>
          </contains>
          <contains>
            <system value="https://fhir.nhs.uk/R4/CodeSystem/UKCore-EthnicCategory-1-0-0"/>
            <code value="CN"/>
            <display value="Gypsy/Romany"/>
          </contains>
          <contains>
            <system value="https://fhir.nhs.uk/R4/CodeSystem/UKCore-EthnicCategory-1-0-0"/>
            <code value="CP"/>
            <display value="Polish"/>
          </contains>
          <contains>
            <system value="https://fhir.nhs.uk/R4/CodeSystem/UKCore-EthnicCategory-1-0-0"/>
            <code value="CQ"/>
            <display value="All republics which made up the former USSR"/>
          </contains>
          <contains>
            <system value="https://fhir.nhs.uk/R4/CodeSystem/UKCore-EthnicCategory-1-0-0"/>
            <code value="CR"/>
            <display value="Kosovan"/>
          </contains>
          <contains>
            <system value="https://fhir.nhs.uk/R4/CodeSystem/UKCore-EthnicCategory-1-0-0"/>
            <code value="CS"/>
            <display value="Albanian"/>
          </contains>
          <contains>
            <system value="https://fhir.nhs.uk/R4/CodeSystem/UKCore-EthnicCategory-1-0-0"/>
            <code value="CT"/>
            <display value="Bosnian"/>
          </contains>
          <contains>
            <system value="https://fhir.nhs.uk/R4/CodeSystem/UKCore-EthnicCategory-1-0-0"/>
            <code value="CU"/>
            <display value="Croatian"/>
          </contains>
          <contains>
            <system value="https://fhir.nhs.uk/R4/CodeSystem/UKCore-EthnicCategory-1-0-0"/>
            <code value="CV"/>
            <display value="Serbian"/>
          </contains>
          <contains>
            <system value="https://fhir.nhs.uk/R4/CodeSystem/UKCore-EthnicCategory-1-0-0"/>
            <code value="CW"/>
            <display value="Other republics which made up the former Yugoslavia"/>
          </contains>
          <contains>
            <system value="https://fhir.nhs.uk/R4/CodeSystem/UKCore-EthnicCategory-1-0-0"/>
            <code value="CX"/>
            <display value="Mixed white"/>
          </contains>
          <contains>
            <system value="https://fhir.nhs.uk/R4/CodeSystem/UKCore-EthnicCategory-1-0-0"/>
            <code value="CY"/>
            <display value="Other white European, European unspecified, European mixed"/>
          </contains>
          <contains>
            <system value="https://fhir.nhs.uk/R4/CodeSystem/UKCore-EthnicCategory-1-0-0"/>
            <code value="D"/>
            <display value="White and Black Caribbean"/>
          </contains>
          <contains>
            <system value="https://fhir.nhs.uk/R4/CodeSystem/UKCore-EthnicCategory-1-0-0"/>
            <code value="E"/>
            <display value="White and Black African"/>
          </contains>
          <contains>
            <system value="https://fhir.nhs.uk/R4/CodeSystem/UKCore-EthnicCategory-1-0-0"/>
            <code value="F"/>
            <display value="White and Asian"/>
          </contains>
          <contains>
            <system value="https://fhir.nhs.uk/R4/CodeSystem/UKCore-EthnicCategory-1-0-0"/>
            <code value="G"/>
            <display value="Any other mixed background"/>
          </contains>
          <contains>
            <system value="https://fhir.nhs.uk/R4/CodeSystem/UKCore-EthnicCategory-1-0-0"/>
            <code value="GA"/>
            <display value="Black and Asian"/>
          </contains>
          <contains>
            <system value="https://fhir.nhs.uk/R4/CodeSystem/UKCore-EthnicCategory-1-0-0"/>
            <code value="GB"/>
            <display value="Black and Chinese"/>
          </contains>
          <contains>
            <system value="https://fhir.nhs.uk/R4/CodeSystem/UKCore-EthnicCategory-1-0-0"/>
            <code value="GC"/>
            <display value="Black and White"/>
          </contains>
          <contains>
            <system value="https://fhir.nhs.uk/R4/CodeSystem/UKCore-EthnicCategory-1-0-0"/>
            <code value="GD"/>
            <display value="Chinese and White"/>
          </contains>
          <contains>
            <system value="https://fhir.nhs.uk/R4/CodeSystem/UKCore-EthnicCategory-1-0-0"/>
            <code value="GE"/>
            <display value="Asian and Chinese"/>
          </contains>
          <contains>
            <system value="https://fhir.nhs.uk/R4/CodeSystem/UKCore-EthnicCategory-1-0-0"/>
            <code value="GF"/>
            <display value="Other Mixed, Mixed Unspecified"/>
          </contains>
          <contains>
            <system value="https://fhir.nhs.uk/R4/CodeSystem/UKCore-EthnicCategory-1-0-0"/>
            <code value="H"/>
            <display value="Indian or British Indian"/>
          </contains>
          <contains>
            <system value="https://fhir.nhs.uk/R4/CodeSystem/UKCore-EthnicCategory-1-0-0"/>
            <code value="J"/>
            <display value="Pakistani or British Pakistani"/>
          </contains>
          <contains>
            <system value="https://fhir.nhs.uk/R4/CodeSystem/UKCore-EthnicCategory-1-0-0"/>
            <code value="K"/>
            <display value="Bangladeshi or British Bangladeshi"/>
          </contains>
          <contains>
            <system value="https://fhir.nhs.uk/R4/CodeSystem/UKCore-EthnicCategory-1-0-0"/>
            <code value="L"/>
            <display value="Any other Asian background"/>
          </contains>
          <contains>
            <system value="https://fhir.nhs.uk/R4/CodeSystem/UKCore-EthnicCategory-1-0-0"/>
            <code value="LA"/>
            <display value="Mixed Asian"/>
          </contains>
          <contains>
            <system value="https://fhir.nhs.uk/R4/CodeSystem/UKCore-EthnicCategory-1-0-0"/>
            <code value="LB"/>
            <display value="Punjabi"/>
          </contains>
          <contains>
            <system value="https://fhir.nhs.uk/R4/CodeSystem/UKCore-EthnicCategory-1-0-0"/>
            <code value="LC"/>
            <display value="Kashmiri"/>
          </contains>
          <contains>
            <system value="https://fhir.nhs.uk/R4/CodeSystem/UKCore-EthnicCategory-1-0-0"/>
            <code value="LD"/>
            <display value="East African Asian"/>
          </contains>
          <contains>
            <system value="https://fhir.nhs.uk/R4/CodeSystem/UKCore-EthnicCategory-1-0-0"/>
            <code value="LE"/>
            <display value="Sri Lanka"/>
          </contains>
          <contains>
            <system value="https://fhir.nhs.uk/R4/CodeSystem/UKCore-EthnicCategory-1-0-0"/>
            <code value="LF"/>
            <display value="Tamil"/>
          </contains>
          <contains>
            <system value="https://fhir.nhs.uk/R4/CodeSystem/UKCore-EthnicCategory-1-0-0"/>
            <code value="LG"/>
            <display value="Sinhalese"/>
          </contains>
          <contains>
            <system value="https://fhir.nhs.uk/R4/CodeSystem/UKCore-EthnicCategory-1-0-0"/>
            <code value="LH"/>
            <display value="British Asian"/>
          </contains>
          <contains>
            <system value="https://fhir.nhs.uk/R4/CodeSystem/UKCore-EthnicCategory-1-0-0"/>
            <code value="LJ"/>
            <display value="Caribbean Asian"/>
          </contains>
          <contains>
            <system value="https://fhir.nhs.uk/R4/CodeSystem/UKCore-EthnicCategory-1-0-0"/>
            <code value="LK"/>
            <display value="Other Asian, Asian unspecified"/>
          </contains>
          <contains>
            <system value="https://fhir.nhs.uk/R4/CodeSystem/UKCore-EthnicCategory-1-0-0"/>
            <code value="M"/>
            <display value="Caribbean"/>
          </contains>
          <contains>
            <system value="https://fhir.nhs.uk/R4/CodeSystem/UKCore-EthnicCategory-1-0-0"/>
            <code value="N"/>
            <display value="African"/>
          </contains>
          <contains>
            <system value="https://fhir.nhs.uk/R4/CodeSystem/UKCore-EthnicCategory-1-0-0"/>
            <code value="P"/>
            <display value="Any other Black background"/>
          </contains>
          <contains>
            <system value="https://fhir.nhs.uk/R4/CodeSystem/UKCore-EthnicCategory-1-0-0"/>
            <code value="PA"/>
            <display value="Somali"/>
          </contains>
          <contains>
            <system value="https://fhir.nhs.uk/R4/CodeSystem/UKCore-EthnicCategory-1-0-0"/>
            <code value="PB"/>
            <display value="Mixed Black"/>
          </contains>
          <contains>
            <system value="https://fhir.nhs.uk/R4/CodeSystem/UKCore-EthnicCategory-1-0-0"/>
            <code value="PC"/>
            <display value="Nigerian"/>
          </contains>
          <contains>
            <system value="https://fhir.nhs.uk/R4/CodeSystem/UKCore-EthnicCategory-1-0-0"/>
            <code value="PD"/>
            <display value="Black British"/>
          </contains>
          <contains>
            <system value="https://fhir.nhs.uk/R4/CodeSystem/UKCore-EthnicCategory-1-0-0"/>
            <code value="PE"/>
            <display value="Other Black, Black unspecified"/>
          </contains>
          <contains>
            <system value="https://fhir.nhs.uk/R4/CodeSystem/UKCore-EthnicCategory-1-0-0"/>
            <code value="R"/>
            <display value="Chinese"/>
          </contains>
          <contains>
            <system value="https://fhir.nhs.uk/R4/CodeSystem/UKCore-EthnicCategory-1-0-0"/>
            <code value="S"/>
            <display value="Any other ethnic group"/>
          </contains>
          <contains>
            <system value="https://fhir.nhs.uk/R4/CodeSystem/UKCore-EthnicCategory-1-0-0"/>
            <code value="SA"/>
            <display value="Vietnamese"/>
          </contains>
          <contains>
            <system value="https://fhir.nhs.uk/R4/CodeSystem/UKCore-EthnicCategory-1-0-0"/>
            <code value="SB"/>
            <display value="Japanese"/>
          </contains>
          <contains>
            <system value="https://fhir.nhs.uk/R4/CodeSystem/UKCore-EthnicCategory-1-0-0"/>
            <code value="SC"/>
            <display value="Filipino"/>
          </contains>
          <contains>
            <system value="https://fhir.nhs.uk/R4/CodeSystem/UKCore-EthnicCategory-1-0-0"/>
            <code value="SD"/>
            <display value="Malaysian"/>
          </contains>
          <contains>
            <system value="https://fhir.nhs.uk/R4/CodeSystem/UKCore-EthnicCategory-1-0-0"/>
            <code value="SE"/>
            <display value="Any Other Group"/>
          </contains>
          <contains>
            <system value="https://fhir.nhs.uk/R4/CodeSystem/UKCore-EthnicCategory-1-0-0"/>
            <code value="Z"/>
            <display value="Not stated"/>
          </contains>
        </expansion>
      </ValueSet>
    </resource>
  </entry>
  <entry>
    <fullUrl value="https://fhir.nhs.uk/R4/ValueSet/UKCore-NHSNumberVerificationStatus-1-0-0"/>
    <resource>
      <ValueSet>
        <id value="UKCore-NHSNumberVerificationStatus-1-0-0"/>
        <text>
          <status value="generated"/>
          <div xmlns="http://www.w3.org/1999/xhtml">
            <p>This value set contains 8 concepts</p>
            <p style="border: black 1px dotted; background-color: #EEEEEE; padding: 8px">Expansion based on https://fhir.nhs.uk/R4/CodeSystem/UKCore-NHSNumberVerificationStatus-1-0-0 version 1.0.0</p>
            <p>All codes from system 
              <a href="CodeSystem-UKCore-NHSNumberVerificationStatus-1-0-0.html">
                <code>https://fhir.nhs.uk/R4/CodeSystem/UKCore-NHSNumberVerificationStatus-1-0-0</code>
              </a>
            </p>
            <table class="codes">
              <tr>
                <td style="white-space:nowrap">
                  <b>Code</b>
                </td>
                <td>
                  <b>Display</b>
                </td>
                <td>
                  <b>Definition</b>
                </td>
              </tr>
              <tr>
                <td style="white-space:nowrap">
                  <a name="https---fhir.nhs.uk-R4-CodeSystem-UKCore-NHSNumberVerificationStatus-1-0-0-01"> </a>
                  <a href="CodeSystem-UKCore-NHSNumberVerificationStatus-1-0-0.html#UKCore-NHSNumberVerificationStatus-1-0-0-01">01</a>
                </td>
                <td>Number present and verified</td>
                <td/>
              </tr>
              <tr>
                <td style="white-space:nowrap">
                  <a name="https---fhir.nhs.uk-R4-CodeSystem-UKCore-NHSNumberVerificationStatus-1-0-0-02"> </a>
                  <a href="CodeSystem-UKCore-NHSNumberVerificationStatus-1-0-0.html#UKCore-NHSNumberVerificationStatus-1-0-0-02">02</a>
                </td>
                <td>Number present but not traced</td>
                <td/>
              </tr>
              <tr>
                <td style="white-space:nowrap">
                  <a name="https---fhir.nhs.uk-R4-CodeSystem-UKCore-NHSNumberVerificationStatus-1-0-0-03"> </a>
                  <a href="CodeSystem-UKCore-NHSNumberVerificationStatus-1-0-0.html#UKCore-NHSNumberVerificationStatus-1-0-0-03">03</a>
                </td>
                <td>Trace required</td>
                <td/>
              </tr>
              <tr>
                <td style="white-space:nowrap">
                  <a name="https---fhir.nhs.uk-R4-CodeSystem-UKCore-NHSNumberVerificationStatus-1-0-0-04"> </a>
                  <a href="CodeSystem-UKCore-NHSNumberVerificationStatus-1-0-0.html#UKCore-NHSNumberVerificationStatus-1-0-0-04">04</a>
                </td>
                <td>Trace attempted - No match or multiple match found</td>
                <td/>
              </tr>
              <tr>
                <td style="white-space:nowrap">
                  <a name="https---fhir.nhs.uk-R4-CodeSystem-UKCore-NHSNumberVerificationStatus-1-0-0-05"> </a>
                  <a href="CodeSystem-UKCore-NHSNumberVerificationStatus-1-0-0.html#UKCore-NHSNumberVerificationStatus-1-0-0-05">05</a>
                </td>
                <td>Trace needs to be resolved - (NHS number or patient detail conflict)</td>
                <td/>
              </tr>
              <tr>
                <td style="white-space:nowrap">
                  <a name="https---fhir.nhs.uk-R4-CodeSystem-UKCore-NHSNumberVerificationStatus-1-0-0-06"> </a>
                  <a href="CodeSystem-UKCore-NHSNumberVerificationStatus-1-0-0.html#UKCore-NHSNumberVerificationStatus-1-0-0-06">06</a>
                </td>
                <td>Trace in progress</td>
                <td/>
              </tr>
              <tr>
                <td style="white-space:nowrap">
                  <a name="https---fhir.nhs.uk-R4-CodeSystem-UKCore-NHSNumberVerificationStatus-1-0-0-07"> </a>
                  <a href="CodeSystem-UKCore-NHSNumberVerificationStatus-1-0-0.html#UKCore-NHSNumberVerificationStatus-1-0-0-07">07</a>
                </td>
                <td>Number not present and trace not required</td>
                <td/>
              </tr>
              <tr>
                <td style="white-space:nowrap">
                  <a name="https---fhir.nhs.uk-R4-CodeSystem-UKCore-NHSNumberVerificationStatus-1-0-0-08"> </a>
                  <a href="CodeSystem-UKCore-NHSNumberVerificationStatus-1-0-0.html#UKCore-NHSNumberVerificationStatus-1-0-0-08">08</a>
                </td>
                <td>Trace postponed (baby under six weeks old)</td>
                <td/>
              </tr>
            </table>
          </div>
        </text>
        <extension url="http://hl7.org/fhir/StructureDefinition/valueset-sourceReference">
          <valueUri value="http://www.datadictionary.nhs.uk/data_dictionary/data_field_notes/n/nhs/nhs_number_status_indicator_code_de.asp?shownav=1"/>
        </extension>
        <url value="https://fhir.nhs.uk/R4/ValueSet/UKCore-NHSNumberVerificationStatus-1-0-0"/>
        <version value="1.0.0"/>
        <name value="UKCoreNHSNumberVerificationStatus"/>
        <title value="UK Core NHS Number Verification Status"/>
        <status value="draft"/>
        <date value="2019-10-14T01:00:00+01:00"/>
        <publisher value="NHS Digital"/>
        <contact>
          <name value="Interoperability Team"/>
          <telecom>
            <system value="email"/>
            <value value="interoperabilityteam@nhs.net"/>
            <use value="work"/>
          </telecom>
        </contact>
        <description value="A ValueSet that identifies the trace status of the NHS number. The CodeSystem is comprised of codes from the NHS Data Model and Dictionary: NHS Number Status Indicator Code."/>
        <copyright value="Copyright &#xA9; 2019 NHS Digital"/>
        <expansion>
          <identifier value="urn:uuid:10d5e3ec-f750-4b11-b287-549ba37b63c1"/>
          <timestamp value="2019-10-23T13:25:42+01:00"/>
          <total value="8"/>
          <parameter>
            <name value="excludeNested"/>
            <valueBoolean value="false"/>
          </parameter>
          <parameter>
            <name value="version"/>
            <valueUri value="https://fhir.nhs.uk/R4/CodeSystem/UKCore-NHSNumberVerificationStatus-1-0-0|1.0.0"/>
          </parameter>
          <contains>
            <system value="https://fhir.nhs.uk/R4/CodeSystem/UKCore-NHSNumberVerificationStatus-1-0-0"/>
            <code value="01"/>
            <display value="Number present and verified"/>
          </contains>
          <contains>
            <system value="https://fhir.nhs.uk/R4/CodeSystem/UKCore-NHSNumberVerificationStatus-1-0-0"/>
            <code value="02"/>
            <display value="Number present but not traced"/>
          </contains>
          <contains>
            <system value="https://fhir.nhs.uk/R4/CodeSystem/UKCore-NHSNumberVerificationStatus-1-0-0"/>
            <code value="03"/>
            <display value="Trace required"/>
          </contains>
          <contains>
            <system value="https://fhir.nhs.uk/R4/CodeSystem/UKCore-NHSNumberVerificationStatus-1-0-0"/>
            <code value="04"/>
            <display value="Trace attempted - No match or multiple match found"/>
          </contains>
          <contains>
            <system value="https://fhir.nhs.uk/R4/CodeSystem/UKCore-NHSNumberVerificationStatus-1-0-0"/>
            <code value="05"/>
            <display value="Trace needs to be resolved - (NHS number or patient detail conflict)"/>
          </contains>
          <contains>
            <system value="https://fhir.nhs.uk/R4/CodeSystem/UKCore-NHSNumberVerificationStatus-1-0-0"/>
            <code value="06"/>
            <display value="Trace in progress"/>
          </contains>
          <contains>
            <system value="https://fhir.nhs.uk/R4/CodeSystem/UKCore-NHSNumberVerificationStatus-1-0-0"/>
            <code value="07"/>
            <display value="Number not present and trace not required"/>
          </contains>
          <contains>
            <system value="https://fhir.nhs.uk/R4/CodeSystem/UKCore-NHSNumberVerificationStatus-1-0-0"/>
            <code value="08"/>
            <display value="Trace postponed (baby under six weeks old)"/>
          </contains>
        </expansion>
      </ValueSet>
    </resource>
  </entry>
  <entry>
    <fullUrl value="https://fhir.nhs.uk/R4/ValueSet/UKCore-NHSDataDictionary-PersonMaritalStatus-1-0-0"/>
    <resource>
      <ValueSet>
        <id value="UKCore-NHSDataDictionary-PersonMaritalStatus-1-0-0"/>
        <text>
          <status value="generated"/>
          <div xmlns="http://www.w3.org/1999/xhtml">
            <p>This value set contains 6 concepts</p>
            <p style="border: black 1px dotted; background-color: #EEEEEE; padding: 8px">Expansion based on https://fhir.nhs.uk/R4/CodeSystem/UKCore-NHSDataDictionary-PersonMaritalStatus-1-0-0 version 1.0.0</p>
            <p>All codes from system 
              <a href="CodeSystem-UKCore-NHSDataDictionary-PersonMaritalStatus-1-0-0.html">
                <code>https://fhir.nhs.uk/R4/CodeSystem/UKCore-NHSDataDictionary-PersonMaritalStatus-1-0-0</code>
              </a>
            </p>
            <table class="codes">
              <tr>
                <td style="white-space:nowrap">
                  <b>Code</b>
                </td>
                <td>
                  <b>Display</b>
                </td>
                <td>
                  <b>Definition</b>
                </td>
              </tr>
              <tr>
                <td style="white-space:nowrap">
                  <a name="https---fhir.nhs.uk-R4-CodeSystem-UKCore-NHSDataDictionary-PersonMaritalStatus-1-0-0-S"> </a>
                  <a href="CodeSystem-UKCore-NHSDataDictionary-PersonMaritalStatus-1-0-0.html#UKCore-NHSDataDictionary-PersonMaritalStatus-1-0-0-S">S</a>
                </td>
                <td>Single</td>
                <td/>
              </tr>
              <tr>
                <td style="white-space:nowrap">
                  <a name="https---fhir.nhs.uk-R4-CodeSystem-UKCore-NHSDataDictionary-PersonMaritalStatus-1-0-0-M"> </a>
                  <a href="CodeSystem-UKCore-NHSDataDictionary-PersonMaritalStatus-1-0-0.html#UKCore-NHSDataDictionary-PersonMaritalStatus-1-0-0-M">M</a>
                </td>
                <td>Married/Civil Partner</td>
                <td/>
              </tr>
              <tr>
                <td style="white-space:nowrap">
                  <a name="https---fhir.nhs.uk-R4-CodeSystem-UKCore-NHSDataDictionary-PersonMaritalStatus-1-0-0-D"> </a>
                  <a href="CodeSystem-UKCore-NHSDataDictionary-PersonMaritalStatus-1-0-0.html#UKCore-NHSDataDictionary-PersonMaritalStatus-1-0-0-D">D</a>
                </td>
                <td>Divorced/Person whose Civil Partnership has been dissolved</td>
                <td/>
              </tr>
              <tr>
                <td style="white-space:nowrap">
                  <a name="https---fhir.nhs.uk-R4-CodeSystem-UKCore-NHSDataDictionary-PersonMaritalStatus-1-0-0-W"> </a>
                  <a href="CodeSystem-UKCore-NHSDataDictionary-PersonMaritalStatus-1-0-0.html#UKCore-NHSDataDictionary-PersonMaritalStatus-1-0-0-W">W</a>
                </td>
                <td>Widowed/Surviving Civil Partner</td>
                <td/>
              </tr>
              <tr>
                <td style="white-space:nowrap">
                  <a name="https---fhir.nhs.uk-R4-CodeSystem-UKCore-NHSDataDictionary-PersonMaritalStatus-1-0-0-P"> </a>
                  <a href="CodeSystem-UKCore-NHSDataDictionary-PersonMaritalStatus-1-0-0.html#UKCore-NHSDataDictionary-PersonMaritalStatus-1-0-0-P">P</a>
                </td>
                <td>Separated</td>
                <td/>
              </tr>
              <tr>
                <td style="white-space:nowrap">
                  <a name="https---fhir.nhs.uk-R4-CodeSystem-UKCore-NHSDataDictionary-PersonMaritalStatus-1-0-0-N"> </a>
                  <a href="CodeSystem-UKCore-NHSDataDictionary-PersonMaritalStatus-1-0-0.html#UKCore-NHSDataDictionary-PersonMaritalStatus-1-0-0-N">N</a>
                </td>
                <td>Not disclosed</td>
                <td/>
              </tr>
            </table>
          </div>
        </text>
        <extension url="http://hl7.org/fhir/StructureDefinition/valueset-sourceReference">
          <valueUri value="http://www.datadictionary.nhs.uk/data_dictionary/attributes/p/person/person_marital_status_code_de.asp?shownav=1"/>
        </extension>
        <url value="https://fhir.nhs.uk/R4/ValueSet/UKCore-NHSDataDictionary-PersonMaritalStatus-1-0-0"/>
        <version value="1.0.0"/>
        <name value="NHSDataModelandDictionaryPersonMaritalStatusCode"/>
        <title value="NHS Data Model and Dictionary Person Marital Status Code"/>
        <status value="active"/>
        <date value="2019-10-18T13:00:00+01:00"/>
        <publisher value="NHS Digital"/>
        <description value="An indicator to identify the legal marital status of a Person."/>
        <copyright value="Copyright &#xA9; 2019 NHS Digital"/>
        <expansion>
          <identifier value="urn:uuid:00f835d4-9e34-4623-a9e1-670e3b20bafd"/>
          <timestamp value="2019-10-23T13:25:44+01:00"/>
          <total value="6"/>
          <parameter>
            <name value="excludeNested"/>
            <valueBoolean value="false"/>
          </parameter>
          <parameter>
            <name value="version"/>
            <valueUri value="https://fhir.nhs.uk/R4/CodeSystem/UKCore-NHSDataDictionary-PersonMaritalStatus-1-0-0|1.0.0"/>
          </parameter>
          <contains>
            <system value="https://fhir.nhs.uk/R4/CodeSystem/UKCore-NHSDataDictionary-PersonMaritalStatus-1-0-0"/>
            <code value="S"/>
            <display value="Single"/>
          </contains>
          <contains>
            <system value="https://fhir.nhs.uk/R4/CodeSystem/UKCore-NHSDataDictionary-PersonMaritalStatus-1-0-0"/>
            <code value="M"/>
            <display value="Married/Civil Partner"/>
          </contains>
          <contains>
            <system value="https://fhir.nhs.uk/R4/CodeSystem/UKCore-NHSDataDictionary-PersonMaritalStatus-1-0-0"/>
            <code value="D"/>
            <display value="Divorced/Person whose Civil Partnership has been dissolved"/>
          </contains>
          <contains>
            <system value="https://fhir.nhs.uk/R4/CodeSystem/UKCore-NHSDataDictionary-PersonMaritalStatus-1-0-0"/>
            <code value="W"/>
            <display value="Widowed/Surviving Civil Partner"/>
          </contains>
          <contains>
            <system value="https://fhir.nhs.uk/R4/CodeSystem/UKCore-NHSDataDictionary-PersonMaritalStatus-1-0-0"/>
            <code value="P"/>
            <display value="Separated"/>
          </contains>
          <contains>
            <system value="https://fhir.nhs.uk/R4/CodeSystem/UKCore-NHSDataDictionary-PersonMaritalStatus-1-0-0"/>
            <code value="N"/>
            <display value="Not disclosed"/>
          </contains>
        </expansion>
      </ValueSet>
    </resource>
  </entry>
  <entry>
    <fullUrl value="https://fhir.nhs.uk/R4/ValueSet/UKCore-NHSDataDictionary-PersonStatedGender-1-0-0"/>
    <resource>
      <ValueSet>
        <id value="UKCore-NHSDataDictionary-PersonStatedGender-1-0-0"/>
        <text>
          <status value="generated"/>
          <div xmlns="http://www.w3.org/1999/xhtml">
            <p>This value set contains 4 concepts</p>
            <p style="border: black 1px dotted; background-color: #EEEEEE; padding: 8px">Expansion based on https://fhir.nhs.uk/R4/CodeSystem/UKCore-NHSDataDictionary-PersonStatedGender-1-0-0 version 1.0.0</p>
            <p>All codes from system 
              <a href="CodeSystem-UKCore-NHSDataDictionary-PersonStatedGender-1-0-0.html">
                <code>https://fhir.nhs.uk/R4/CodeSystem/UKCore-NHSDataDictionary-PersonStatedGender-1-0-0</code>
              </a>
            </p>
            <table class="codes">
              <tr>
                <td style="white-space:nowrap">
                  <b>Code</b>
                </td>
                <td>
                  <b>Display</b>
                </td>
                <td>
                  <b>Definition</b>
                </td>
              </tr>
              <tr>
                <td style="white-space:nowrap">
                  <a name="https---fhir.nhs.uk-R4-CodeSystem-UKCore-NHSDataDictionary-PersonStatedGender-1-0-0-1"> </a>
                  <a href="CodeSystem-UKCore-NHSDataDictionary-PersonStatedGender-1-0-0.html#UKCore-NHSDataDictionary-PersonStatedGender-1-0-0-1">1</a>
                </td>
                <td>Male</td>
                <td/>
              </tr>
              <tr>
                <td style="white-space:nowrap">
                  <a name="https---fhir.nhs.uk-R4-CodeSystem-UKCore-NHSDataDictionary-PersonStatedGender-1-0-0-2"> </a>
                  <a href="CodeSystem-UKCore-NHSDataDictionary-PersonStatedGender-1-0-0.html#UKCore-NHSDataDictionary-PersonStatedGender-1-0-0-2">2</a>
                </td>
                <td>Female</td>
                <td/>
              </tr>
              <tr>
                <td style="white-space:nowrap">
                  <a name="https---fhir.nhs.uk-R4-CodeSystem-UKCore-NHSDataDictionary-PersonStatedGender-1-0-0-9"> </a>
                  <a href="CodeSystem-UKCore-NHSDataDictionary-PersonStatedGender-1-0-0.html#UKCore-NHSDataDictionary-PersonStatedGender-1-0-0-9">9</a>
                </td>
                <td>Indeterminate (unable to be classified as either male or female)</td>
                <td/>
              </tr>
              <tr>
                <td style="white-space:nowrap">
                  <a name="https---fhir.nhs.uk-R4-CodeSystem-UKCore-NHSDataDictionary-PersonStatedGender-1-0-0-X"> </a>
                  <a href="CodeSystem-UKCore-NHSDataDictionary-PersonStatedGender-1-0-0.html#UKCore-NHSDataDictionary-PersonStatedGender-1-0-0-X">X</a>
                </td>
                <td>Not Known (not recorded)</td>
                <td/>
              </tr>
            </table>
          </div>
        </text>
        <extension url="http://hl7.org/fhir/StructureDefinition/valueset-sourceReference">
          <valueUri value="http://www.datadictionary.nhs.uk/data_dictionary/attributes/p/person/person_stated_gender_code_de.asp?shownav=1"/>
        </extension>
        <url value="https://fhir.nhs.uk/R4/ValueSet/UKCore-NHSDataDictionary-PersonStatedGender-1-0-0"/>
        <version value="1.0.0"/>
        <name value="NHSDataModelandDictionaryPersonStatedGenderCode"/>
        <title value="NHS Data Model and Dictionary Person Stated Gender Code"/>
        <status value="active"/>
        <date value="2019-10-18T13:00:00+01:00"/>
        <publisher value="NHS Digital"/>
        <description value="The gender of a Person. Person Stated Gender Code is self declared or inferred by observation for those unable to declare their Person Stated Gender."/>
        <copyright value="Copyright &#xA9; 2019 NHS Digital"/>
        <expansion>
          <identifier value="urn:uuid:d4bf3f9b-53a6-4ec3-aeb7-f84c3afbbbcb"/>
          <timestamp value="2019-10-23T13:25:46+01:00"/>
          <total value="4"/>
          <parameter>
            <name value="excludeNested"/>
            <valueBoolean value="false"/>
          </parameter>
          <parameter>
            <name value="version"/>
            <valueUri value="https://fhir.nhs.uk/R4/CodeSystem/UKCore-NHSDataDictionary-PersonStatedGender-1-0-0|1.0.0"/>
          </parameter>
          <contains>
            <system value="https://fhir.nhs.uk/R4/CodeSystem/UKCore-NHSDataDictionary-PersonStatedGender-1-0-0"/>
            <code value="1"/>
            <display value="Male"/>
          </contains>
          <contains>
            <system value="https://fhir.nhs.uk/R4/CodeSystem/UKCore-NHSDataDictionary-PersonStatedGender-1-0-0"/>
            <code value="2"/>
            <display value="Female"/>
          </contains>
          <contains>
            <system value="https://fhir.nhs.uk/R4/CodeSystem/UKCore-NHSDataDictionary-PersonStatedGender-1-0-0"/>
            <code value="9"/>
            <display value="Indeterminate (unable to be classified as either male or female)"/>
          </contains>
          <contains>
            <system value="https://fhir.nhs.uk/R4/CodeSystem/UKCore-NHSDataDictionary-PersonStatedGender-1-0-0"/>
            <code value="X"/>
            <display value="Not Known (not recorded)"/>
          </contains>
        </expansion>
      </ValueSet>
    </resource>
  </entry>
</Bundle>