{"resourceType":"CodeSystem","id":"UKCore-DischargeMethod","text":{"status":"generated","div":"<div xmlns=\"http://www.w3.org/1999/xhtml\"><h2>NHS Data Model and Dictionary Discharge Method</h2><div><p>The method of discharge from a Hospital Provider Spell.</p>\n</div><p><b>Copyright Statement:</b> Copyright © 2019 NHS Digital</p><p>This code system https://fhir.nhs.uk/R4/CodeSystem/UKCore-DischargeMethod defines the following codes:</p><table class=\"codes\"><tr><td style=\"white-space:nowrap\"><b>Code</b></td><td><b>Display</b></td><td><b>Definition</b></td></tr><tr><td style=\"white-space:nowrap\">1<a name=\"UKCore-DischargeMethod-1\"> </a></td><td>Patient discharged on clinical advice or with clinical consent</td><td/></tr><tr><td style=\"white-space:nowrap\">2<a name=\"UKCore-DischargeMethod-2\"> </a></td><td>Patient discharged him/herself or was discharged by a relative or advocate</td><td/></tr><tr><td style=\"white-space:nowrap\">3<a name=\"UKCore-DischargeMethod-3\"> </a></td><td>Patient discharged by mental health review tribunal, Home Secretary or Court</td><td/></tr><tr><td style=\"white-space:nowrap\">4<a name=\"UKCore-DischargeMethod-4\"> </a></td><td>Patient died</td><td/></tr><tr><td style=\"white-space:nowrap\">5<a name=\"UKCore-DischargeMethod-5\"> </a></td><td>Stillbirth</td><td/></tr><tr><td style=\"white-space:nowrap\">6<a name=\"UKCore-DischargeMethod-6\"> </a></td><td>Patient discharged him/herself</td><td>National Codes 6 and 7 have been introduced for the Mental Health Services Data Set only to add further granularity to National Code 2. However, National Code 2 is still valid for the Mental Health Services Data Set where extra detail cannot be collected. National Codes 6 and 7 are NOT valid in any other data set including Commissioning Data Set version 6-2.</td></tr><tr><td style=\"white-space:nowrap\">7<a name=\"UKCore-DischargeMethod-7\"> </a></td><td>Patient discharged by a relative or advocate</td><td>National Codes 6 and 7 have been introduced for the Mental Health Services Data Set only to add further granularity to National Code 2. However, National Code 2 is still valid for the Mental Health Services Data Set where extra detail cannot be collected. National Codes 6 and 7 are NOT valid in any other data set including Commissioning Data Set version 6-2.</td></tr></table></div>"},"extension":[{"url":"http://hl7.org/fhir/StructureDefinition/codesystem-sourceReference","valueUri":"http://www.datadictionary.nhs.uk/data_dictionary/attributes/d/disc/discharge_method_de.asp?shownav=1"}],"url":"https://fhir.nhs.uk/R4/CodeSystem/UKCore-DischargeMethod","version":"1.0.0","name":"NHSDataModelandDictionaryDischargeMethod","title":"NHS Data Model and Dictionary Discharge Method","status":"draft","date":"2019-11-05T00:00:00+00:00","publisher":"NHS Digital","contact":[{"name":"Interoperability Team","telecom":[{"system":"email","value":"interoperabilityteam@nhs.net","use":"work"}]}],"description":"The method of discharge from a Hospital Provider Spell.","copyright":"Copyright © 2019 NHS Digital","content":"complete","concept":[{"code":"1","display":"Patient discharged on clinical advice or with clinical consent"},{"code":"2","display":"Patient discharged him/herself or was discharged by a relative or advocate"},{"code":"3","display":"Patient discharged by mental health review tribunal, Home Secretary or Court"},{"code":"4","display":"Patient died"},{"code":"5","display":"Stillbirth"},{"code":"6","display":"Patient discharged him/herself","definition":"National Codes 6 and 7 have been introduced for the Mental Health Services Data Set only to add further granularity to National Code 2. However, National Code 2 is still valid for the Mental Health Services Data Set where extra detail cannot be collected. National Codes 6 and 7 are NOT valid in any other data set including Commissioning Data Set version 6-2."},{"code":"7","display":"Patient discharged by a relative or advocate","definition":"National Codes 6 and 7 have been introduced for the Mental Health Services Data Set only to add further granularity to National Code 2. However, National Code 2 is still valid for the Mental Health Services Data Set where extra detail cannot be collected. National Codes 6 and 7 are NOT valid in any other data set including Commissioning Data Set version 6-2."}]}