{"resourceType":"ConceptMap","id":"UKCore-AdministrativeGender-1-0-0","text":{"status":"generated","div":"<div xmlns=\"http://www.w3.org/1999/xhtml\"><h2>ConceptMapUKCoreAdministrativeGender (https://fhir.nhs.uk/R4/ConceptMap/UKCore-AdministrativeGender-1-0-0)</h2><p>Mapping from <a href=\"http://build.fhir.org/valueset-administrative-gender.html\">http://hl7.org/fhir/ValueSet/administrative-gender</a> to <a href=\"ValueSet-UKCore-NHSDataDictionary-PersonStatedGender-1-0-0.html\">https://fhir.nhs.uk/R4/ValueSet/UKCore-NHSDataDictionary-PersonStatedGender-1-0-0</a></p><p>DRAFT. Published on 18-Oct-2019 13:00:00 by NHS Digital (Interoperability Team: <a href=\"mailto:interoperabilityteam@nhs.net\">interoperabilityteam@nhs.net</a>). Copyright © 2019 NHS Digital</p><div><p>A Concept Map from ValueSet Administrative Gender to NHS Data Dictionary Person Stated Gender to aid interpretation.</p>\n</div><br/><table class=\"grid\"><tr><td><b>Source Code</b></td><td><b>Relationship</b></td><td><b>Destination Code</b></td></tr><tr><td>male</td><td>equivalent</td><td>1 (Male)</td></tr><tr><td>female</td><td>equivalent</td><td>2 (Female)</td></tr><tr><td>other</td><td>equivalent</td><td>9 (Indeterminate (unable to be classified as either male or female))</td></tr><tr><td>unknown</td><td>equivalent</td><td>X (Not Known (not recorded))</td></tr></table></div>"},"url":"https://fhir.nhs.uk/R4/ConceptMap/UKCore-AdministrativeGender-1-0-0","version":"1.0.0","name":"ConceptMapUKCoreAdministrativeGender","title":"Concept Map - UK Core Administrative Gender","status":"draft","date":"2019-10-18T13:00:00+01:00","publisher":"NHS Digital","contact":[{"name":"Interoperability Team","telecom":[{"system":"email","value":"interoperabilityteam@nhs.net","use":"work"}]}],"description":"A Concept Map from ValueSet Administrative Gender to NHS Data Dictionary Person Stated Gender to aid interpretation.","copyright":"Copyright © 2019 NHS Digital","sourceUri":"http://hl7.org/fhir/ValueSet/administrative-gender","targetUri":"https://fhir.nhs.uk/R4/ValueSet/UKCore-NHSDataDictionary-PersonStatedGender-1-0-0","group":[{"source":"http://hl7.org/fhir/administrative-gender","target":"https://fhir.nhs.uk/R4/CodeSystem/UKCore-NHSDataDictionary-PersonStatedGender-1-0-0","element":[{"code":"male","display":"Male","target":[{"code":"1","display":"Male","equivalence":"equivalent"}]},{"code":"female","display":"Female","target":[{"code":"2","display":"Female","equivalence":"equivalent"}]},{"code":"other","display":"Other","target":[{"code":"9","display":"Indeterminate (unable to be classified as either male or female)","equivalence":"equivalent"}]},{"code":"unknown","display":"Unknown","target":[{"code":"X","display":"Not Known (not recorded)","equivalence":"equivalent"}]}]}]}