{"resourceType":"ImplementationGuide","id":"nhsdigital-fhir-r4-core-prototype","text":{"status":"generated","div":"<div xmlns=\"http://www.w3.org/1999/xhtml\"><h2>FHIRR4CorePrototype</h2><p>The official URL for this implementation guide is: </p><pre>https://fhir.nhs.uk/R4/ImplementationGuide/nhsdigital-fhir-r4-core-prototype</pre></div>"},"url":"https://fhir.nhs.uk/R4/ImplementationGuide/nhsdigital-fhir-r4-core-prototype","version":"1.0.0","name":"FHIRR4CorePrototype","title":"FHIR R4 Core Prototype","status":"draft","experimental":true,"date":"2019-10-14T00:00:00+01:00","publisher":"NHS Digital","contact":[{"name":"NHS Digital","telecom":[{"system":"email","value":"mailto:interoperabilityteam@nhs.net","use":"work"}]}],"jurisdiction":[{"coding":[{"system":"urn:iso:std:iso:3166","code":"GB"}]}],"packageId":"nhsdigital.fhir.r4.core.prototype","license":"CC0-1.0","fhirVersion":["4.0.1"],"definition":{"grouping":[{"name":"FHIR R4 Core Prototype"}],"resource":[{"extension":[{"url":"http://hl7.org/fhir/StructureDefinition/implementationguide-page","valueUri":"ValueSet-UKCore-ResidentialStatus-1-0-0.html"}],"reference":{"reference":"ValueSet/UKCore-ResidentialStatus-1-0-0"},"exampleBoolean":false},{"extension":[{"url":"http://hl7.org/fhir/StructureDefinition/implementationguide-page","valueUri":"ValueSet-UKCore-AllergyManifestation-1-0-0.html"}],"reference":{"reference":"ValueSet/UKCore-AllergyManifestation-1-0-0"},"exampleBoolean":false},{"extension":[{"url":"http://hl7.org/fhir/StructureDefinition/implementationguide-page","valueUri":"ValueSet-UKCore-AllergyCertainty-1-0-0.html"}],"reference":{"reference":"ValueSet/UKCore-AllergyCertainty-1-0-0"},"exampleBoolean":false},{"extension":[{"url":"http://hl7.org/fhir/StructureDefinition/implementationguide-page","valueUri":"ValueSet-UKCore-AllergySeverity-1-0-0.html"}],"reference":{"reference":"ValueSet/UKCore-AllergySeverity-1-0-0"},"exampleBoolean":false},{"extension":[{"url":"http://hl7.org/fhir/StructureDefinition/implementationguide-page","valueUri":"ValueSet-UKCore-ConditionEpisode-1-0-0.html"}],"reference":{"reference":"ValueSet/UKCore-ConditionEpisode-1-0-0"},"exampleBoolean":false},{"extension":[{"url":"http://hl7.org/fhir/StructureDefinition/implementationguide-page","valueUri":"ValueSet-UKCore-ConditionCode-1-0-0.html"}],"reference":{"reference":"ValueSet/UKCore-ConditionCode-1-0-0"},"exampleBoolean":false},{"extension":[{"url":"http://hl7.org/fhir/StructureDefinition/implementationguide-page","valueUri":"ValueSet-UKCore-ConditionCategory-1-0-0.html"}],"reference":{"reference":"ValueSet/UKCore-ConditionCategory-1-0-0"},"exampleBoolean":false},{"extension":[{"url":"http://hl7.org/fhir/StructureDefinition/implementationguide-page","valueUri":"ValueSet-UKCore-ConditionEpisodicity-1-0-0.html"}],"reference":{"reference":"ValueSet/UKCore-ConditionEpisodicity-1-0-0"},"exampleBoolean":false},{"extension":[{"url":"http://hl7.org/fhir/StructureDefinition/implementationguide-page","valueUri":"ValueSet-UKCore-AllergyCode-1-0-0.html"}],"reference":{"reference":"ValueSet/UKCore-AllergyCode-1-0-0"},"exampleBoolean":false},{"extension":[{"url":"http://hl7.org/fhir/StructureDefinition/implementationguide-page","valueUri":"ValueSet-UKCore-AllergyExposureRoute-1-0-0.html"}],"reference":{"reference":"ValueSet/UKCore-AllergyExposureRoute-1-0-0"},"exampleBoolean":false},{"extension":[{"url":"http://hl7.org/fhir/StructureDefinition/implementationguide-page","valueUri":"ValueSet-UKCore-CareSettingType-1-0-0.html"}],"reference":{"reference":"ValueSet/UKCore-CareSettingType-1-0-0"},"exampleBoolean":false},{"extension":[{"url":"http://hl7.org/fhir/StructureDefinition/implementationguide-page","valueUri":"ValueSet-UKCore-ProcedureCode-1-0-0.html"}],"reference":{"reference":"ValueSet/UKCore-ProcedureCode-1-0-0"},"exampleBoolean":false},{"extension":[{"url":"http://hl7.org/fhir/StructureDefinition/implementationguide-page","valueUri":"ValueSet-UKCore-ListCode-1-0-0.html"}],"reference":{"reference":"ValueSet/UKCore-ListCode-1-0-0"},"exampleBoolean":false},{"extension":[{"url":"http://hl7.org/fhir/StructureDefinition/implementationguide-page","valueUri":"ValueSet-UKCore-ListEmptyReasonCode-1-0-0.html"}],"reference":{"reference":"ValueSet/UKCore-ListEmptyReasonCode-1-0-0"},"exampleBoolean":false},{"extension":[{"url":"http://hl7.org/fhir/StructureDefinition/implementationguide-page","valueUri":"ValueSet-UKCore-ListWarningCode-1-0-0.html"}],"reference":{"reference":"ValueSet/UKCore-ListWarningCode-1-0-0"},"exampleBoolean":false},{"extension":[{"url":"http://hl7.org/fhir/StructureDefinition/implementationguide-page","valueUri":"ValueSet-UKCore-BodySite-1-0-0.html"}],"reference":{"reference":"ValueSet/UKCore-BodySite-1-0-0"},"exampleBoolean":false},{"extension":[{"url":"http://hl7.org/fhir/StructureDefinition/implementationguide-page","valueUri":"ValueSet-UKCore-EncounterType-1-0-0.html"}],"reference":{"reference":"ValueSet/UKCore-EncounterType-1-0-0"},"exampleBoolean":false},{"extension":[{"url":"http://hl7.org/fhir/StructureDefinition/implementationguide-page","valueUri":"ValueSet-UKCore-EmergencyCareDischargeStatus-1-0-0.html"}],"reference":{"reference":"ValueSet/UKCore-EmergencyCareDischargeStatus-1-0-0"},"exampleBoolean":false},{"extension":[{"url":"http://hl7.org/fhir/StructureDefinition/implementationguide-page","valueUri":"ValueSet-UKCore-ObservationType-1-0-0.html"}],"reference":{"reference":"ValueSet/UKCore-ObservationType-1-0-0"},"exampleBoolean":false},{"extension":[{"url":"http://hl7.org/fhir/StructureDefinition/implementationguide-page","valueUri":"ValueSet-UKCore-TreatmentCategory-1-0-0.html"}],"reference":{"reference":"ValueSet/UKCore-TreatmentCategory-1-0-0"},"exampleBoolean":false},{"extension":[{"url":"http://hl7.org/fhir/StructureDefinition/implementationguide-page","valueUri":"ValueSet-UKCore-HumanLanguage-1-0-0.html"}],"reference":{"reference":"ValueSet/UKCore-HumanLanguage-1-0-0"},"exampleBoolean":false},{"extension":[{"url":"http://hl7.org/fhir/StructureDefinition/implementationguide-page","valueUri":"ValueSet-UKCore-LanguageAbilityMode-1-0-0.html"}],"reference":{"reference":"ValueSet/UKCore-LanguageAbilityMode-1-0-0"},"exampleBoolean":false},{"extension":[{"url":"http://hl7.org/fhir/StructureDefinition/implementationguide-page","valueUri":"ValueSet-UKCore-LanguageAbilityProficiency-1-0-0.html"}],"reference":{"reference":"ValueSet/UKCore-LanguageAbilityProficiency-1-0-0"},"exampleBoolean":false},{"extension":[{"url":"http://hl7.org/fhir/StructureDefinition/implementationguide-page","valueUri":"ValueSet-UKCore-SDSJobRoleName-1-0-0.html"}],"reference":{"reference":"ValueSet/UKCore-SDSJobRoleName-1-0-0"},"exampleBoolean":false},{"extension":[{"url":"http://hl7.org/fhir/StructureDefinition/implementationguide-page","valueUri":"ValueSet-UKCore-DeathNotificationStatus-1-0-0.html"}],"reference":{"reference":"ValueSet/UKCore-DeathNotificationStatus-1-0-0"},"exampleBoolean":false},{"extension":[{"url":"http://hl7.org/fhir/StructureDefinition/implementationguide-page","valueUri":"ValueSet-UKCore-EthnicCategory-1-0-0.html"}],"reference":{"reference":"ValueSet/UKCore-EthnicCategory-1-0-0"},"exampleBoolean":false},{"extension":[{"url":"http://hl7.org/fhir/StructureDefinition/implementationguide-page","valueUri":"ValueSet-UKCore-AdmissionMethod-1-0-0.html"}],"reference":{"reference":"ValueSet/UKCore-AdmissionMethod-1-0-0"},"exampleBoolean":false},{"extension":[{"url":"http://hl7.org/fhir/StructureDefinition/implementationguide-page","valueUri":"ValueSet-UKCore-DischargeDestination-1-0-0.html"}],"reference":{"reference":"ValueSet/UKCore-DischargeDestination-1-0-0"},"exampleBoolean":false},{"extension":[{"url":"http://hl7.org/fhir/StructureDefinition/implementationguide-page","valueUri":"ValueSet-UKCore-DischargeMethod-1-0-0.html"}],"reference":{"reference":"ValueSet/UKCore-DischargeMethod-1-0-0"},"exampleBoolean":false},{"extension":[{"url":"http://hl7.org/fhir/StructureDefinition/implementationguide-page","valueUri":"ValueSet-UKCore-OutcomeOfAttendance-1-0-0.html"}],"reference":{"reference":"ValueSet/UKCore-OutcomeOfAttendance-1-0-0"},"exampleBoolean":false},{"extension":[{"url":"http://hl7.org/fhir/StructureDefinition/implementationguide-page","valueUri":"ValueSet-UKCore-SourceOfAdmission-1-0-0.html"}],"reference":{"reference":"ValueSet/UKCore-SourceOfAdmission-1-0-0"},"exampleBoolean":false},{"extension":[{"url":"http://hl7.org/fhir/StructureDefinition/implementationguide-page","valueUri":"ValueSet-UKCore-NHSNumberVerificationStatus-1-0-0.html"}],"reference":{"reference":"ValueSet/UKCore-NHSNumberVerificationStatus-1-0-0"},"exampleBoolean":false},{"extension":[{"url":"http://hl7.org/fhir/StructureDefinition/implementationguide-page","valueUri":"ValueSet-UKCore-ReligiousAffiliation-1-0-0.html"}],"reference":{"reference":"ValueSet/UKCore-ReligiousAffiliation-1-0-0"},"exampleBoolean":false},{"extension":[{"url":"http://hl7.org/fhir/StructureDefinition/implementationguide-page","valueUri":"ValueSet-UKCore-NHSDataDictionary-PersonMaritalStatus-1-0-0.html"}],"reference":{"reference":"ValueSet/UKCore-NHSDataDictionary-PersonMaritalStatus-1-0-0"},"exampleBoolean":false},{"extension":[{"url":"http://hl7.org/fhir/StructureDefinition/implementationguide-page","valueUri":"CodeSystem-UKCore-AdmissionMethod-1-0-0.html"}],"reference":{"reference":"CodeSystem/UKCore-AdmissionMethod-1-0-0"},"exampleBoolean":false},{"extension":[{"url":"http://hl7.org/fhir/StructureDefinition/implementationguide-page","valueUri":"CodeSystem-UKCore-DischargeDestination-1-0-0.html"}],"reference":{"reference":"CodeSystem/UKCore-DischargeDestination-1-0-0"},"exampleBoolean":false},{"extension":[{"url":"http://hl7.org/fhir/StructureDefinition/implementationguide-page","valueUri":"CodeSystem-UKCore-DischargeMethod-1-0-0.html"}],"reference":{"reference":"CodeSystem/UKCore-DischargeMethod-1-0-0"},"exampleBoolean":false},{"extension":[{"url":"http://hl7.org/fhir/StructureDefinition/implementationguide-page","valueUri":"CodeSystem-UKCore-OutcomeOfAttendance-1-0-0.html"}],"reference":{"reference":"CodeSystem/UKCore-OutcomeOfAttendance-1-0-0"},"exampleBoolean":false},{"extension":[{"url":"http://hl7.org/fhir/StructureDefinition/implementationguide-page","valueUri":"CodeSystem-UKCore-SourceOfAdmission-1-0-0.html"}],"reference":{"reference":"CodeSystem/UKCore-SourceOfAdmission-1-0-0"},"exampleBoolean":false},{"extension":[{"url":"http://hl7.org/fhir/StructureDefinition/implementationguide-page","valueUri":"CodeSystem-UKCore-ConditionEpisodicity-1-0-0.html"}],"reference":{"reference":"CodeSystem/UKCore-ConditionEpisodicity-1-0-0"},"exampleBoolean":false},{"extension":[{"url":"http://hl7.org/fhir/StructureDefinition/implementationguide-page","valueUri":"CodeSystem-UKCore-ConditionCategory-1-0-0.html"}],"reference":{"reference":"CodeSystem/UKCore-ConditionCategory-1-0-0"},"exampleBoolean":false},{"extension":[{"url":"http://hl7.org/fhir/StructureDefinition/implementationguide-page","valueUri":"CodeSystem-UKCore-ResidentialStatus-1-0-0.html"}],"reference":{"reference":"CodeSystem/UKCore-ResidentialStatus-1-0-0"},"exampleBoolean":false},{"extension":[{"url":"http://hl7.org/fhir/StructureDefinition/implementationguide-page","valueUri":"CodeSystem-UKCore-TreatmentCategory-1-0-0.html"}],"reference":{"reference":"CodeSystem/UKCore-TreatmentCategory-1-0-0"},"exampleBoolean":false},{"extension":[{"url":"http://hl7.org/fhir/StructureDefinition/implementationguide-page","valueUri":"CodeSystem-UKCore-HumanLanguage-1-0-0.html"}],"reference":{"reference":"CodeSystem/UKCore-HumanLanguage-1-0-0"},"exampleBoolean":false},{"extension":[{"url":"http://hl7.org/fhir/StructureDefinition/implementationguide-page","valueUri":"CodeSystem-UKCore-LanguageAbilityProficiency-1-0-0.html"}],"reference":{"reference":"CodeSystem/UKCore-LanguageAbilityProficiency-1-0-0"},"exampleBoolean":false},{"extension":[{"url":"http://hl7.org/fhir/StructureDefinition/implementationguide-page","valueUri":"CodeSystem-UKCore-LanguageAbilityMode-1-0-0.html"}],"reference":{"reference":"CodeSystem/UKCore-LanguageAbilityMode-1-0-0"},"exampleBoolean":false},{"extension":[{"url":"http://hl7.org/fhir/StructureDefinition/implementationguide-page","valueUri":"CodeSystem-UKCore-SDSJobRoleName-1-0-0.html"}],"reference":{"reference":"CodeSystem/UKCore-SDSJobRoleName-1-0-0"},"exampleBoolean":false},{"extension":[{"url":"http://hl7.org/fhir/StructureDefinition/implementationguide-page","valueUri":"CodeSystem-UKCore-ListWarningCode-1-0-0.html"}],"reference":{"reference":"CodeSystem/UKCore-ListWarningCode-1-0-0"},"exampleBoolean":false},{"extension":[{"url":"http://hl7.org/fhir/StructureDefinition/implementationguide-page","valueUri":"CodeSystem-UKCore-ListEmptyReasonCode-1-0-0.html"}],"reference":{"reference":"CodeSystem/UKCore-ListEmptyReasonCode-1-0-0"},"exampleBoolean":false},{"extension":[{"url":"http://hl7.org/fhir/StructureDefinition/implementationguide-page","valueUri":"CodeSystem-UKCore-DeathNotificationStatus-1-0-0.html"}],"reference":{"reference":"CodeSystem/UKCore-DeathNotificationStatus-1-0-0"},"exampleBoolean":false},{"extension":[{"url":"http://hl7.org/fhir/StructureDefinition/implementationguide-page","valueUri":"CodeSystem-UKCore-EthnicCategory-1-0-0.html"}],"reference":{"reference":"CodeSystem/UKCore-EthnicCategory-1-0-0"},"exampleBoolean":false},{"extension":[{"url":"http://hl7.org/fhir/StructureDefinition/implementationguide-page","valueUri":"CodeSystem-UKCore-NHSNumberVerificationStatus-1-0-0.html"}],"reference":{"reference":"CodeSystem/UKCore-NHSNumberVerificationStatus-1-0-0"},"exampleBoolean":false},{"extension":[{"url":"http://hl7.org/fhir/StructureDefinition/implementationguide-page","valueUri":"CodeSystem-UKCore-NHSDataDictionary-PersonMaritalStatus-1-0-0.html"}],"reference":{"reference":"CodeSystem/UKCore-NHSDataDictionary-PersonMaritalStatus-1-0-0"},"exampleBoolean":false},{"extension":[{"url":"http://hl7.org/fhir/StructureDefinition/implementationguide-page","valueUri":"ConceptMap-UKCore-MaritalStatus-1-0-0.html"}],"reference":{"reference":"ConceptMap/UKCore-MaritalStatus-1-0-0"},"exampleBoolean":false},{"extension":[{"url":"http://hl7.org/fhir/StructureDefinition/implementationguide-page","valueUri":"ConceptMap-UKCore-ConditionEpisodicity-1-0-0.html"}],"reference":{"reference":"ConceptMap/UKCore-ConditionEpisodicity-1-0-0"},"exampleBoolean":false},{"extension":[{"url":"http://hl7.org/fhir/StructureDefinition/implementationguide-page","valueUri":"CodeSystem-UKCore-NHSDataDictionary-PersonStatedGender-1-0-0.html"}],"reference":{"reference":"CodeSystem/UKCore-NHSDataDictionary-PersonStatedGender-1-0-0"},"exampleBoolean":false},{"extension":[{"url":"http://hl7.org/fhir/StructureDefinition/implementationguide-page","valueUri":"ConceptMap-UKCore-AdministrativeGender-1-0-0.html"}],"reference":{"reference":"ConceptMap/UKCore-AdministrativeGender-1-0-0"},"exampleBoolean":false},{"extension":[{"url":"http://hl7.org/fhir/StructureDefinition/implementationguide-page","valueUri":"ConceptMap-UKCore-AllergySeverity-1-0-0.html"}],"reference":{"reference":"ConceptMap/UKCore-AllergySeverity-1-0-0"},"exampleBoolean":false},{"extension":[{"url":"http://hl7.org/fhir/StructureDefinition/implementationguide-page","valueUri":"ConceptMap-UKCore-AllergyVerificationStatus-1-0-0.html"}],"reference":{"reference":"ConceptMap/UKCore-AllergyVerificationStatus-1-0-0"},"exampleBoolean":false},{"extension":[{"url":"http://hl7.org/fhir/StructureDefinition/implementationguide-page","valueUri":"ValueSet-UKCore-NHSDataDictionary-PersonStatedGender-1-0-0.html"}],"reference":{"reference":"ValueSet/UKCore-NHSDataDictionary-PersonStatedGender-1-0-0"},"exampleBoolean":false},{"extension":[{"url":"http://hl7.org/fhir/StructureDefinition/implementationguide-page","valueUri":"UKCore-Patient-1-0-0.html"}],"reference":{"reference":"StructureDefinition/UKCore-Patient-1-0-0"},"exampleBoolean":false},{"extension":[{"url":"http://hl7.org/fhir/StructureDefinition/implementationguide-page","valueUri":"UKCore-Practitioner-1-0-0.html"}],"reference":{"reference":"StructureDefinition/UKCore-Practitioner-1-0-0"},"exampleBoolean":false},{"extension":[{"url":"http://hl7.org/fhir/StructureDefinition/implementationguide-page","valueUri":"UKCore-Organization-1-0-0.html"}],"reference":{"reference":"StructureDefinition/UKCore-Organization-1-0-0"},"exampleBoolean":false},{"extension":[{"url":"http://hl7.org/fhir/StructureDefinition/implementationguide-page","valueUri":"Extension-UKCore-NHSNumberVerificationStatus-1-0-0.html"}],"reference":{"reference":"StructureDefinition/Extension-UKCore-NHSNumberVerificationStatus-1-0-0"},"exampleBoolean":false},{"extension":[{"url":"http://hl7.org/fhir/StructureDefinition/implementationguide-page","valueUri":"Extension-UKCore-NHSCommunication-1-0-0.html"}],"reference":{"reference":"StructureDefinition/Extension-UKCore-NHSCommunication-1-0-0"},"exampleBoolean":false},{"extension":[{"url":"http://hl7.org/fhir/StructureDefinition/implementationguide-page","valueUri":"Extension-UKCore-DeathNotificationStatus-1-0-0.html"}],"reference":{"reference":"StructureDefinition/Extension-UKCore-DeathNotificationStatus-1-0-0"},"exampleBoolean":false},{"extension":[{"url":"http://hl7.org/fhir/StructureDefinition/implementationguide-page","valueUri":"Extension-UKCore-EthnicCategory-1-0-0.html"}],"reference":{"reference":"StructureDefinition/Extension-UKCore-EthnicCategory-1-0-0"},"exampleBoolean":false},{"extension":[{"url":"http://hl7.org/fhir/StructureDefinition/implementationguide-page","valueUri":"Extension-UKCore-ReligiousAffiliation-1-0-0.html"}],"reference":{"reference":"StructureDefinition/Extension-UKCore-ReligiousAffiliation-1-0-0"},"exampleBoolean":false},{"extension":[{"url":"http://hl7.org/fhir/StructureDefinition/implementationguide-page","valueUri":"Extension-UKCore-ResidentialStatus-1-0-0.html"}],"reference":{"reference":"StructureDefinition/Extension-UKCore-ResidentialStatus-1-0-0"},"exampleBoolean":false},{"extension":[{"url":"http://hl7.org/fhir/StructureDefinition/implementationguide-page","valueUri":"Extension-UKCore-TreatmentCategory-1-0-0.html"}],"reference":{"reference":"StructureDefinition/Extension-UKCore-TreatmentCategory-1-0-0"},"exampleBoolean":false},{"extension":[{"url":"http://hl7.org/fhir/StructureDefinition/implementationguide-page","valueUri":"Extension-UKCore-NominatedPharmacy-1-0-0.html"}],"reference":{"reference":"StructureDefinition/Extension-UKCore-NominatedPharmacy-1-0-0"},"exampleBoolean":false},{"extension":[{"url":"http://hl7.org/fhir/StructureDefinition/implementationguide-page","valueUri":"Extension-UKCore-MainLocation-1-0-0.html"}],"reference":{"reference":"StructureDefinition/Extension-UKCore-MainLocation-1-0-0"},"exampleBoolean":false}]}}