{"resourceType":"ImplementationGuide","id":"nhsdigital-fhir-r4-core-demo","text":{"status":"generated","div":"<div xmlns=\"http://www.w3.org/1999/xhtml\"><h2>FHIRR4CoreDemo</h2><p>The official URL for this implementation guide is: </p><pre>https://fhir.nhs.uk/R4/ImplementationGuide/nhsdigital-fhir-r4-core-demo</pre></div>"},"url":"https://fhir.nhs.uk/R4/ImplementationGuide/nhsdigital-fhir-r4-core-demo","version":"1.0.0","name":"FHIRR4CoreDemo","title":"FHIR R4 Core Demo","status":"draft","experimental":true,"date":"2019-10-14T00:00:00+01:00","publisher":"NHS Digital","contact":[{"name":"NHS Digital","telecom":[{"system":"email","value":"mailto:interoperabilityteam@nhs.net","use":"work"}]}],"jurisdiction":[{"coding":[{"system":"urn:iso:std:iso:3166","code":"GB"}]}],"packageId":"nhsdigital.fhir.r4.core.demo","license":"CC0-1.0","fhirVersion":["4.0.0"],"definition":{"grouping":[{"name":"FHIR R4 Core Demo"}],"resource":[{"extension":[{"url":"http://hl7.org/fhir/StructureDefinition/implementationguide-page","valueUri":"ValueSet-UKCore-ResidentialStatus-1-0-0.html"}],"reference":{"reference":"ValueSet/UKCore-ResidentialStatus-1-0-0"},"exampleBoolean":false},{"extension":[{"url":"http://hl7.org/fhir/StructureDefinition/implementationguide-page","valueUri":"ValueSet-UKCore-TreatmentCategory-1-0-0.html"}],"reference":{"reference":"ValueSet/UKCore-TreatmentCategory-1-0-0"},"exampleBoolean":false},{"extension":[{"url":"http://hl7.org/fhir/StructureDefinition/implementationguide-page","valueUri":"ValueSet-UKCore-HumanLanguage-1-0-0.html"}],"reference":{"reference":"ValueSet/UKCore-HumanLanguage-1-0-0"},"exampleBoolean":false},{"extension":[{"url":"http://hl7.org/fhir/StructureDefinition/implementationguide-page","valueUri":"ValueSet-UKCore-EthnicCategory-1-0-0.html"}],"reference":{"reference":"ValueSet/UKCore-EthnicCategory-1-0-0"},"exampleBoolean":false},{"extension":[{"url":"http://hl7.org/fhir/StructureDefinition/implementationguide-page","valueUri":"ValueSet-UKCore-NHSNumberVerificationStatus-1-0-0.html"}],"reference":{"reference":"ValueSet/UKCore-NHSNumberVerificationStatus-1-0-0"},"exampleBoolean":false},{"extension":[{"url":"http://hl7.org/fhir/StructureDefinition/implementationguide-page","valueUri":"ValueSet-UKCore-ReligiousAffiliation-1-0-0.html"}],"reference":{"reference":"ValueSet/UKCore-ReligiousAffiliation-1-0-0"},"exampleBoolean":false},{"extension":[{"url":"http://hl7.org/fhir/StructureDefinition/implementationguide-page","valueUri":"ValueSet-UKCore-NHSDataDictionary-PersonMaritalStatus-1-0-0.html"}],"reference":{"reference":"ValueSet/UKCore-NHSDataDictionary-PersonMaritalStatus-1-0-0"},"exampleBoolean":false},{"extension":[{"url":"http://hl7.org/fhir/StructureDefinition/implementationguide-page","valueUri":"CodeSystem-UKCore-ResidentialStatus-1-0-0.html"}],"reference":{"reference":"CodeSystem/UKCore-ResidentialStatus-1-0-0"},"exampleBoolean":false},{"extension":[{"url":"http://hl7.org/fhir/StructureDefinition/implementationguide-page","valueUri":"CodeSystem-UKCore-TreatmentCategory-1-0-0.html"}],"reference":{"reference":"CodeSystem/UKCore-TreatmentCategory-1-0-0"},"exampleBoolean":false},{"extension":[{"url":"http://hl7.org/fhir/StructureDefinition/implementationguide-page","valueUri":"CodeSystem-UKCore-HumanLanguage-1-0-0.html"}],"reference":{"reference":"CodeSystem/UKCore-HumanLanguage-1-0-0"},"exampleBoolean":false},{"extension":[{"url":"http://hl7.org/fhir/StructureDefinition/implementationguide-page","valueUri":"CodeSystem-UKCore-EthnicCategory-1-0-0.html"}],"reference":{"reference":"CodeSystem/UKCore-EthnicCategory-1-0-0"},"exampleBoolean":false},{"extension":[{"url":"http://hl7.org/fhir/StructureDefinition/implementationguide-page","valueUri":"CodeSystem-UKCore-NHSNumberVerificationStatus-1-0-0.html"}],"reference":{"reference":"CodeSystem/UKCore-NHSNumberVerificationStatus-1-0-0"},"exampleBoolean":false},{"extension":[{"url":"http://hl7.org/fhir/StructureDefinition/implementationguide-page","valueUri":"CodeSystem-UKCore-NHSDataDictionary-PersonMaritalStatus-1-0-0.html"}],"reference":{"reference":"CodeSystem/UKCore-NHSDataDictionary-PersonMaritalStatus-1-0-0"},"exampleBoolean":false},{"extension":[{"url":"http://hl7.org/fhir/StructureDefinition/implementationguide-page","valueUri":"ConceptMap-UKCore-MaritalStatus-1-0-0.html"}],"reference":{"reference":"ConceptMap/UKCore-MaritalStatus-1-0-0"},"exampleBoolean":false},{"extension":[{"url":"http://hl7.org/fhir/StructureDefinition/implementationguide-page","valueUri":"CodeSystem-UKCore-NHSDataDictionary-PersonStatedGender-1-0-0.html"}],"reference":{"reference":"CodeSystem/UKCore-NHSDataDictionary-PersonStatedGender-1-0-0"},"exampleBoolean":false},{"extension":[{"url":"http://hl7.org/fhir/StructureDefinition/implementationguide-page","valueUri":"ConceptMap-UKCore-AdministrativeGender-1-0-0.html"}],"reference":{"reference":"ConceptMap/UKCore-AdministrativeGender-1-0-0"},"exampleBoolean":false},{"extension":[{"url":"http://hl7.org/fhir/StructureDefinition/implementationguide-page","valueUri":"ValueSet-UKCore-NHSDataDictionary-PersonStatedGender-1-0-0.html"}],"reference":{"reference":"ValueSet/UKCore-NHSDataDictionary-PersonStatedGender-1-0-0"},"exampleBoolean":false},{"extension":[{"url":"http://hl7.org/fhir/StructureDefinition/implementationguide-page","valueUri":"UKCore-Patient-1-0-0.html"}],"reference":{"reference":"StructureDefinition/UKCore-Patient-1-0-0"},"exampleBoolean":false},{"extension":[{"url":"http://hl7.org/fhir/StructureDefinition/implementationguide-page","valueUri":"Extension-UKCore-NHSNumberVerificationStatus-1-0-0.html"}],"reference":{"reference":"StructureDefinition/Extension-UKCore-NHSNumberVerificationStatus-1-0-0"},"exampleBoolean":false},{"extension":[{"url":"http://hl7.org/fhir/StructureDefinition/implementationguide-page","valueUri":"Extension-UKCore-EthnicCategory-1-0-0.html"}],"reference":{"reference":"StructureDefinition/Extension-UKCore-EthnicCategory-1-0-0"},"exampleBoolean":false},{"extension":[{"url":"http://hl7.org/fhir/StructureDefinition/implementationguide-page","valueUri":"Extension-UKCore-ReligiousAffiliation-1-0-0.html"}],"reference":{"reference":"StructureDefinition/Extension-UKCore-ReligiousAffiliation-1-0-0"},"exampleBoolean":false},{"extension":[{"url":"http://hl7.org/fhir/StructureDefinition/implementationguide-page","valueUri":"Extension-UKCore-ResidentialStatus-1-0-0.html"}],"reference":{"reference":"StructureDefinition/Extension-UKCore-ResidentialStatus-1-0-0"},"exampleBoolean":false}]}}