{"resourceType":"StructureDefinition","id":"Extension-UKCore-ReligiousAffiliation-1-0-0","text":{"status":"generated","div":"<div xmlns=\"http://www.w3.org/1999/xhtml\"><table border=\"0\" cellpadding=\"0\" cellspacing=\"0\" style=\"border: 0px #F0F0F0 solid; font-size: 11px; font-family: verdana; vertical-align: top;\"><tr style=\"border: 1px #F0F0F0 solid; font-size: 11px; font-family: verdana; vertical-align: top;\"><th style=\"vertical-align: top; text-align : left; background-color: white; border: 0px #F0F0F0 solid; padding:0px 4px 0px 4px\" class=\"hierarchy\"><a href=\"http://build.fhir.org/formats.html#table\" title=\"The logical name of the element\">Name</a></th><th style=\"vertical-align: top; text-align : left; background-color: white; border: 0px #F0F0F0 solid; padding:0px 4px 0px 4px\" class=\"hierarchy\"><a href=\"http://build.fhir.org/formats.html#table\" title=\"Information about the use of the element\">Flags</a></th><th style=\"vertical-align: top; text-align : left; background-color: white; border: 0px #F0F0F0 solid; padding:0px 4px 0px 4px\" class=\"hierarchy\"><a href=\"http://build.fhir.org/formats.html#table\" title=\"Minimum and Maximum # of times the the element can appear in the instance\">Card.</a></th><th style=\"width: 100px\" class=\"hierarchy\"><a href=\"http://build.fhir.org/formats.html#table\" title=\"Reference to the type of the element\">Type</a></th><th style=\"vertical-align: top; text-align : left; background-color: white; border: 0px #F0F0F0 solid; padding:0px 4px 0px 4px\" class=\"hierarchy\"><a href=\"http://build.fhir.org/formats.html#table\" title=\"Additional information about the element\">Description &amp; Constraints</a><span style=\"float: right\"><a href=\"http://build.fhir.org/formats.html#table\" title=\"Legend for this format\"><img src=\"http://build.fhir.org/help16.png\" alt=\"doco\" style=\"background-color: inherit\"/></a></span></th></tr><tr style=\"border: 0px #F0F0F0 solid; padding:0px; vertical-align: top; background-color: white;\"><td style=\"vertical-align: top; text-align : left; background-color: white; border: 0px #F0F0F0 solid; padding:0px 4px 0px 4px; white-space: nowrap; background-image: url(tbl_bck1.png)\" class=\"hierarchy\"><img src=\"tbl_spacer.png\" alt=\".\" style=\"background-color: inherit\" class=\"hierarchy\"/><img src=\"icon_element.gif\" alt=\".\" style=\"background-color: white; background-color: inherit\" title=\"Element\" class=\"hierarchy\"/> <a href=\"Extension-UKCore-ReligiousAffiliation-1-0-0-definitions.html#Extension\" title=\"The religious affiliation of the subject.\">Extension</a><a name=\"Extension\"> </a></td><td style=\"vertical-align: top; text-align : left; background-color: white; border: 0px #F0F0F0 solid; padding:0px 4px 0px 4px\" class=\"hierarchy\"/><td style=\"vertical-align: top; text-align : left; background-color: white; border: 0px #F0F0F0 solid; padding:0px 4px 0px 4px\" class=\"hierarchy\"><span style=\"opacity: 0.4\">0</span><span style=\"opacity: 0.5\">..</span><span style=\"opacity: 0.4\">*</span></td><td style=\"vertical-align: top; text-align : left; background-color: white; border: 0px #F0F0F0 solid; padding:0px 4px 0px 4px\" class=\"hierarchy\"/><td style=\"vertical-align: top; text-align : left; background-color: white; border: 0px #F0F0F0 solid; padding:0px 4px 0px 4px\" class=\"hierarchy\">Religious affiliation</td></tr>\r\n<tr style=\"border: 0px #F0F0F0 solid; padding:0px; vertical-align: top; background-color: #F7F7F7;\"><td style=\"vertical-align: top; text-align : left; background-color: #F7F7F7; border: 0px #F0F0F0 solid; padding:0px 4px 0px 4px; white-space: nowrap; background-image: url(tbl_bck10.png)\" class=\"hierarchy\"><img src=\"tbl_spacer.png\" alt=\".\" style=\"background-color: inherit\" class=\"hierarchy\"/><img src=\"tbl_vjoin.png\" alt=\".\" style=\"background-color: inherit\" class=\"hierarchy\"/><img src=\"icon_element.gif\" alt=\".\" style=\"background-color: #F7F7F7; background-color: inherit\" title=\"Element\" class=\"hierarchy\"/> <a href=\"Extension-UKCore-ReligiousAffiliation-1-0-0-definitions.html#Extension.url\" title=\"null\">url</a><a name=\"Extension.url\"> </a></td><td style=\"vertical-align: top; text-align : left; background-color: #F7F7F7; border: 0px #F0F0F0 solid; padding:0px 4px 0px 4px\" class=\"hierarchy\"/><td style=\"vertical-align: top; text-align : left; background-color: #F7F7F7; border: 0px #F0F0F0 solid; padding:0px 4px 0px 4px\" class=\"hierarchy\"><span style=\"opacity: 0.4\">1</span><span style=\"opacity: 0.5\">..</span><span style=\"opacity: 0.4\">1</span></td><td style=\"vertical-align: top; text-align : left; background-color: #F7F7F7; border: 0px #F0F0F0 solid; padding:0px 4px 0px 4px\" class=\"hierarchy\"><a style=\"opacity: 0.4\" href=\"http://build.fhir.org/datatypes.html#string\">string</a></td><td style=\"vertical-align: top; text-align : left; background-color: #F7F7F7; border: 0px #F0F0F0 solid; padding:0px 4px 0px 4px\" class=\"hierarchy\"><span style=\"color: darkgreen\">&quot;https://fhir.nhs.uk/R4/StructureDefinition/Extension-UKCore-ReligiousAffiliation-1-0-0&quot;</span></td></tr>\r\n<tr style=\"border: 0px #F0F0F0 solid; padding:0px; vertical-align: top; background-color: white;\"><td style=\"vertical-align: top; text-align : left; background-color: white; border: 0px #F0F0F0 solid; padding:0px 4px 0px 4px; white-space: nowrap; background-image: url(tbl_bck00.png)\" class=\"hierarchy\"><img src=\"tbl_spacer.png\" alt=\".\" style=\"background-color: inherit\" class=\"hierarchy\"/><img src=\"tbl_vjoin_end.png\" alt=\".\" style=\"background-color: inherit\" class=\"hierarchy\"/><img src=\"icon_datatype.gif\" alt=\".\" style=\"background-color: white; background-color: inherit\" title=\"Data Type\" class=\"hierarchy\"/> <a href=\"Extension-UKCore-ReligiousAffiliation-1-0-0-definitions.html#Extension.value[x]\" title=\"A code classifying the person's religious affiliation.\">value[x]</a><a name=\"Extension.value_x_\"> </a></td><td style=\"vertical-align: top; text-align : left; background-color: white; border: 0px #F0F0F0 solid; padding:0px 4px 0px 4px\" class=\"hierarchy\"/><td style=\"vertical-align: top; text-align : left; background-color: white; border: 0px #F0F0F0 solid; padding:0px 4px 0px 4px\" class=\"hierarchy\">1..1</td><td style=\"vertical-align: top; text-align : left; background-color: white; border: 0px #F0F0F0 solid; padding:0px 4px 0px 4px\" class=\"hierarchy\"><a href=\"http://build.fhir.org/datatypes.html#CodeableConcept\">CodeableConcept</a></td><td style=\"vertical-align: top; text-align : left; background-color: white; border: 0px #F0F0F0 solid; padding:0px 4px 0px 4px\" class=\"hierarchy\">A code classifying the person's religious affiliation<br/><span style=\"font-weight:bold\">Binding: </span><a href=\"ValueSet-UKCore-ReligiousAffiliation-1-0-0.html\">UK Core Religious Affiliation</a> (<a href=\"http://build.fhir.org/terminologies.html#extensible\" title=\"To be conformant, the concept in this element SHALL be from the specified value set if any of the codes within the value set can apply to the concept being communicated.  If the value set does not cover the concept (based on human review), alternate codings (or, data type allowing, text) may be included instead.\">extensible</a>)</td></tr>\r\n<tr><td colspan=\"5\" class=\"hierarchy\"><br/><a href=\"http://build.fhir.org/formats.html#table\" title=\"Legend for this format\"><img src=\"http://build.fhir.org/help16.png\" alt=\"doco\" style=\"background-color: inherit\"/> Documentation for this format</a></td></tr></table></div>"},"url":"https://fhir.nhs.uk/R4/StructureDefinition/Extension-UKCore-ReligiousAffiliation-1-0-0","version":"1.0.0","name":"ExtensionUKCoreReligiousAffiliation","title":"UK Core Religious Affiliation Extension","status":"draft","date":"2019-10-21T00:00:00+01:00","publisher":"NHS Digital","contact":[{"name":"Interoperability Team","telecom":[{"system":"email","value":"interoperabilityteam@nhs.net","use":"work"}]}],"description":"This extension is constrained to represent a patient's religious affiliation.","purpose":"This extension has been developed to represent the religious affiliation of a patient.","copyright":"Copyright © 2019 NHS Digital","fhirVersion":"4.0.0","mapping":[{"identity":"rim","uri":"http://hl7.org/v3","name":"RIM Mapping"}],"kind":"complex-type","abstract":false,"context":[{"type":"element","expression":"Patient"}],"type":"Extension","baseDefinition":"http://hl7.org/fhir/StructureDefinition/Extension","derivation":"constraint","snapshot":{"element":[{"id":"Extension","path":"Extension","short":"Religious affiliation","definition":"The religious affiliation of the subject.","min":0,"max":"*","base":{"path":"Extension","min":0,"max":"*"},"condition":["ele-1"],"constraint":[{"key":"ele-1","severity":"error","human":"All FHIR elements must have a @value or children","expression":"hasValue() or (children().count() > id.count())","xpath":"@value|f:*|h:div","source":"Element"},{"key":"ext-1","severity":"error","human":"Must have either extensions or value[x], not both","expression":"extension.exists() != value.exists()","xpath":"exists(f:extension)!=exists(f:*[starts-with(local-name(.), 'value')])","source":"Extension"}],"isModifier":false},{"id":"Extension.id","path":"Extension.id","representation":["xmlAttr"],"short":"Unique id for inter-element referencing","definition":"Unique id for the element within a resource (for internal references). This may be any string value that does not contain spaces.","min":0,"max":"1","base":{"path":"Element.id","min":0,"max":"1"},"type":[{"code":"string"}],"isModifier":false,"isSummary":false,"mapping":[{"identity":"rim","map":"n/a"}]},{"id":"Extension.extension","path":"Extension.extension","slicing":{"discriminator":[{"type":"value","path":"url"}],"description":"Extensions are always sliced by (at least) url","rules":"open"},"short":"Additional content defined by implementations","definition":"May be used to represent additional information that is not part of the basic definition of the element. To make the use of extensions safe and manageable, there is a strict set of governance  applied to the definition and use of extensions. Though any implementer can define an extension, there is a set of requirements that SHALL be met as part of the definition of the extension.","comment":"There can be no stigma associated with the use of extensions by any application, project, or standard - regardless of the institution or jurisdiction that uses or defines the extensions.  The use of extensions is what allows the FHIR specification to retain a core level of simplicity for everyone.","alias":["extensions","user content"],"min":0,"max":"*","base":{"path":"Element.extension","min":0,"max":"*"},"type":[{"code":"Extension"}],"isModifier":false,"isSummary":false,"mapping":[{"identity":"rim","map":"n/a"}]},{"id":"Extension.url","path":"Extension.url","representation":["xmlAttr"],"short":"identifies the meaning of the extension","definition":"Source of the definition for the extension code - a logical name or a URL.","comment":"The definition may point directly to a computable or human-readable definition of the extensibility codes, or it may be a logical URI as declared in some other specification. The definition SHALL be a URI for the Structure Definition defining the extension.","min":1,"max":"1","base":{"path":"Extension.url","min":1,"max":"1"},"type":[{"_code":{"extension":[{"url":"http://hl7.org/fhir/StructureDefinition/structuredefinition-json-type","valueString":"string"},{"url":"http://hl7.org/fhir/StructureDefinition/structuredefinition-xml-type","valueString":"xsd:string"},{"url":"http://hl7.org/fhir/StructureDefinition/structuredefinition-rdf-type","valueString":"xsd:string"},{"url":"http://hl7.org/fhir/StructureDefinition/regex","valueString":"((http|https)://([A-Za-z0-9\\\\\\.\\:\\%\\$]*\\/)*)?(Account|ActivityDefinition|AdverseEvent|AllergyIntolerance|Appointment|AppointmentResponse|AuditEvent|Basic|Binary|BiologicallyDerivedProduct|BodyStructure|Bundle|CapabilityStatement|CarePlan|CareTeam|CatalogEntry|ChargeItem|ChargeItemDefinition|Claim|ClaimResponse|ClinicalImpression|CodeSystem|Communication|CommunicationRequest|CompartmentDefinition|Composition|ConceptMap|Condition|Consent|Contract|Coverage|CoverageEligibilityRequest|CoverageEligibilityResponse|DetectedIssue|Device|DeviceDefinition|DeviceMetric|DeviceRequest|DeviceUseStatement|DiagnosticReport|DocumentManifest|DocumentReference|EffectEvidenceSynthesis|Encounter|Endpoint|EnrollmentRequest|EnrollmentResponse|EpisodeOfCare|EventDefinition|Evidence|EvidenceVariable|ExampleScenario|ExplanationOfBenefit|FamilyMemberHistory|Flag|Goal|GraphDefinition|Group|GuidanceResponse|HealthcareService|ImagingStudy|Immunization|ImmunizationEvaluation|ImmunizationRecommendation|ImplementationGuide|InsurancePlan|Invoice|Library|Linkage|List|Location|Measure|MeasureReport|Media|Medication|MedicationAdministration|MedicationDispense|MedicationKnowledge|MedicationRequest|MedicationStatement|MedicinalProduct|MedicinalProductAuthorization|MedicinalProductContraindication|MedicinalProductIndication|MedicinalProductIngredient|MedicinalProductInteraction|MedicinalProductManufactured|MedicinalProductPackaged|MedicinalProductPharmaceutical|MedicinalProductUndesirableEffect|MessageDefinition|MessageHeader|MolecularSequence|NamingSystem|NutritionOrder|Observation|ObservationDefinition|OperationDefinition|OperationOutcome|Organization|OrganizationAffiliation|Patient|PaymentNotice|PaymentReconciliation|Person|PlanDefinition|Practitioner|PractitionerRole|Procedure|Provenance|Questionnaire|QuestionnaireResponse|RelatedPerson|RequestGroup|ResearchDefinition|ResearchElementDefinition|ResearchStudy|ResearchSubject|RiskAssessment|RiskEvidenceSynthesis|Schedule|SearchParameter|ServiceRequest|Slot|Specimen|SpecimenDefinition|StructureDefinition|StructureMap|Subscription|Substance|SubstanceNucleicAcid|SubstancePolymer|SubstanceProtein|SubstanceReferenceInformation|SubstanceSourceMaterial|SubstanceSpecification|SupplyDelivery|SupplyRequest|Task|TerminologyCapabilities|TestReport|TestScript|ValueSet|VerificationResult|VisionPrescription)\\/[A-Za-z0-9\\-\\.]{1,64}(\\/_history\\/[A-Za-z0-9\\-\\.]{1,64})?"}]}}],"fixedUri":"https://fhir.nhs.uk/R4/StructureDefinition/Extension-UKCore-ReligiousAffiliation-1-0-0","isModifier":false,"isSummary":false,"mapping":[{"identity":"rim","map":"N/A"}]},{"id":"Extension.value[x]","path":"Extension.value[x]","short":"A code classifying the person's religious affiliation","definition":"A code classifying the person's religious affiliation.","min":1,"max":"1","base":{"path":"Extension.value[x]","min":0,"max":"1"},"type":[{"code":"CodeableConcept"}],"isModifier":false,"isSummary":false,"binding":{"strength":"extensible","description":"Religious Affiliation","valueSet":"https://fhir.nhs.uk/R4/ValueSet/UKCore-ReligiousAffiliation-1-0-0"},"mapping":[{"identity":"rim","map":"N/A"}]}]},"differential":{"element":[{"id":"Extension","path":"Extension","short":"Religious affiliation","definition":"The religious affiliation of the subject."},{"id":"Extension.url","path":"Extension.url","fixedUri":"https://fhir.nhs.uk/R4/StructureDefinition/Extension-UKCore-ReligiousAffiliation-1-0-0"},{"id":"Extension.value[x]","path":"Extension.value[x]","short":"A code classifying the person's religious affiliation","definition":"A code classifying the person's religious affiliation.","min":1,"type":[{"code":"CodeableConcept"}],"binding":{"strength":"extensible","description":"Religious Affiliation","valueSet":"https://fhir.nhs.uk/R4/ValueSet/UKCore-ReligiousAffiliation-1-0-0"}}]}}