{"resourceType":"ValueSet","id":"UKCore-AdmissionMethod","text":{"status":"generated","div":"<div xmlns=\"http://www.w3.org/1999/xhtml\"><h2>NHS Data Model and Dictionary Admission Method</h2><div><p>The method of admission to a Hospital Provider Spell.</p>\n</div><p><b>Copyright Statement:</b> Copyright © 2019 NHS Digital</p><p>This value set includes codes from the following code systems:</p><ul><li>Include all codes defined in <a href=\"CodeSystem-UKCore-AdmissionMethod.html\"><code>https://fhir.nhs.uk/R4/CodeSystem/UKCore-AdmissionMethod</code></a></li></ul></div>"},"extension":[{"url":"http://hl7.org/fhir/StructureDefinition/valueset-sourceReference","valueUri":"http://www.datadictionary.nhs.uk/data_dictionary/attributes/a/add/admission_method_de.asp?shownav=1"}],"url":"https://fhir.nhs.uk/R4/ValueSet/UKCore-AdmissionMethod","version":"1.0.0","name":"NHSDataModelandDictionaryAdmissionMethod","title":"NHS Data Model and Dictionary Admission Method","status":"draft","date":"2019-11-05T00:00:00+00:00","publisher":"Project Wildfyre","contact":[{"name":"Project Wildfyre","telecom":[{"system":"email","value":"mailto:interoperabilityteam@nhs.net","use":"work"}]}],"description":"The method of admission to a Hospital Provider Spell.","jurisdiction":[{"coding":[{"system":"urn:iso:std:iso:3166","code":"GB"}]}],"copyright":"Copyright © 2019 NHS Digital","compose":{"include":[{"system":"https://fhir.nhs.uk/R4/CodeSystem/UKCore-AdmissionMethod"}]}}