{"resourceType":"ValueSet","id":"UKCore-ReligiousAffiliation","text":{"status":"generated","div":"<div xmlns=\"http://www.w3.org/1999/xhtml\">\n         <h2>UK Core Religious Affiliation</h2>\n         <div>\n            <p>A code from the SNOMED Clinical Terminology UK coding system that describes the religious or other belief system affiliation of a person. Any code from the SNOMED CT UK 'Religious Affiliation SnCT' subset with subset original id 10791000000130; the corresponding SNOMED CT UK Refset fully specified name is 'Religious or other belief system affiliation simple reference set (foundation metadata concept)' with Refset Id 999000531000000100.</p> \n         </div>\n         <p>\n            <b>Copyright Statement:</b> This value set includes content from SNOMED CT, which is copyright © 2002+ International Health Terminology Standards Development Organisation (IHTSDO), and distributed by agreement between IHTSDO and HL7. Implementer use of SNOMED CT is not covered by this agreement.\n         </p>\n         <p>This value set includes codes from the following code systems:</p>\n         <ul>\n            <li>Include codes from \n               <a href=\"http://www.snomed.org/\">\n                  <code>http://snomed.info/sct</code>\n               </a> where concept  in  ^999000531000000100\n            </li>\n         </ul>\n      </div>"},"url":"https://fhir.nhs.uk/R4/ValueSet/UKCore-ReligiousAffiliation","identifier":[{"system":"urn:ietf:rfc:3986","value":"urn:oid:2.16.840.1.113883.2.1.3.2.4.16.21"}],"version":"4.0.0","name":"UKCoreReligiousAffiliation","title":"UK Core Religious Affiliation","status":"draft","date":"2019-10-17T01:00:00+01:00","publisher":"Project Wildfyre","contact":[{"name":"Project Wildfyre","telecom":[{"system":"email","value":"mailto:dunno@dummy.net","use":"work"}]}],"description":"A code from the SNOMED Clinical Terminology UK coding system that describes the religious or other belief system affiliation of a person. Any code from the SNOMED CT UK 'Religious Affiliation SnCT' subset with subset original id 10791000000130; the corresponding SNOMED CT UK Refset fully specified name is 'Religious or other belief system affiliation simple reference set (foundation metadata concept)' with Refset Id 999000531000000100.","jurisdiction":[{"coding":[{"system":"urn:iso:std:iso:3166","code":"GB"}]}],"copyright":"This value set includes content from SNOMED CT, which is copyright © 2002+ International Health Terminology Standards Development Organisation (IHTSDO), and distributed by agreement between IHTSDO and HL7. Implementer use of SNOMED CT is not covered by this agreement.","compose":{"include":[{"system":"http://snomed.info/sct","filter":[{"property":"concept","op":"in","value":"^999000531000000100"}]}]},"expansion":{"identifier":"bce4e0db-d741-4738-9aeb-2ec39171b488","timestamp":"2020-03-07T07:45:54+00:00","total":0,"parameter":[{"name":"version","valueUri":"http://snomed.info/sct?version=http%3A%2F%2Fsnomed.info%2Fsct%2F999000031000000106%2Fversion%2F20190807"},{"name":"count","valueInteger":2147483647},{"name":"offset","valueInteger":0}]}}