{"resourceType":"ValueSet","id":"UKCore-AllergyCode","text":{"status":"generated","div":"<div xmlns=\"http://www.w3.org/1999/xhtml\"><h2>UK Core Allergy Code</h2><div><p>A code from the SNOMED Clinical Terminology UK with the expression (&lt;105590001 |Substance OR &lt;373873005 |Pharmaceutical / biologic product| OR &lt;716186003 |No known allergy| OR 196461000000101 |Transfer-degraded drug allergy| OR 196471000000108 |Transfer-degraded non-drug allergy), or a code from the v3 Code System NullFlavor specifying why a valid value is not present.</p>\n</div><p><b>Copyright Statement:</b> This value set includes content from SNOMED CT, which is copyright © 2002+ International Health Terminology Standards Development Organisation (IHTSDO), and distributed by agreement between IHTSDO and HL7. Implementer use of SNOMED CT is not covered by this agreement.</p><p>This value set includes codes from the following code systems:</p><ul><li>Include codes from <a href=\"http://www.snomed.org/\"><code>http://snomed.info/sct</code></a> where constraint  =  (&lt;&lt;105590001 |Substance OR &lt;&lt;373873005 |Pharmaceutical / biologic product| OR &lt;&lt;716186003 |No known allergy| OR 196461000000101 |Transfer-degraded drug allergy| OR 196471000000108 |Transfer-degraded non-drug allergy|)</li><li>Include codes from <a href=\"http://hl7.org/fhir/R4/v3/NullFlavor/cs.html\"><code>http://terminology.hl7.org/CodeSystem/v3-NullFlavor</code></a> where concept  =  <a href=\"http://hl7.org/fhir/R4/v3/NullFlavor/cs.html#v3-NullFlavor-NI\">NI</a></li></ul></div>"},"url":"https://fhir.nhs.uk/R4/ValueSet/UKCore-AllergyCode","version":"4.0.0","name":"UKCoreAllergyCode","title":"UK Core Allergy Code","status":"draft","date":"2020-03-17T14:39:32+00:00","publisher":"Project Wildfyre","contact":[{"name":"Project Wildfyre","telecom":[{"system":"email","value":"mailto:dunno@dummy.net","use":"work"}]}],"description":"A code from the SNOMED Clinical Terminology UK with the expression (<105590001 |Substance OR <373873005 |Pharmaceutical / biologic product| OR <716186003 |No known allergy| OR 196461000000101 |Transfer-degraded drug allergy| OR 196471000000108 |Transfer-degraded non-drug allergy), or a code from the v3 Code System NullFlavor specifying why a valid value is not present.","jurisdiction":[{"coding":[{"system":"urn:iso:std:iso:3166","code":"GB"}]}],"copyright":"This value set includes content from SNOMED CT, which is copyright © 2002+ International Health Terminology Standards Development Organisation (IHTSDO), and distributed by agreement between IHTSDO and HL7. Implementer use of SNOMED CT is not covered by this agreement.","compose":{"include":[{"system":"http://snomed.info/sct","filter":[{"property":"constraint","op":"=","value":"(<<105590001 |Substance OR <<373873005 |Pharmaceutical / biologic product| OR <<716186003 |No known allergy| OR 196461000000101 |Transfer-degraded drug allergy| OR 196471000000108 |Transfer-degraded non-drug allergy|)"}]},{"system":"http://terminology.hl7.org/CodeSystem/v3-NullFlavor","filter":[{"property":"concept","op":"=","value":"NI"}]}]}}