{"resourceType":"ValueSet","id":"UKCore-DeathNotificationStatus-1-0-0","text":{"status":"generated","div":"<div xmlns=\"http://www.w3.org/1999/xhtml\"><h2>UK Core Death Notification Status</h2><div><p>A ValueSet to identify the type of death notice as held on Personal Demographics Service (PDS).</p>\n</div><p><b>Copyright Statement:</b> Copyright © 2019 NHS Digital</p><p>This value set includes codes from the following code systems:</p><ul><li>Include all codes defined in <a href=\"CodeSystem-UKCore-DeathNotificationStatus-1-0-0.html\"><code>https://fhir.nhs.uk/R4/CodeSystem/UKCore-DeathNotificationStatus-1-0-0</code></a></li></ul></div>"},"url":"https://fhir.nhs.uk/R4/ValueSet/UKCore-DeathNotificationStatus-1-0-0","version":"1.0.0","name":"UKCoreDeathNotificationStatus","title":"UK Core Death Notification Status","status":"draft","date":"2019-10-25T01:00:00+01:00","publisher":"NHS Digital","contact":[{"name":"Interoperability Team","telecom":[{"system":"email","value":"interoperabilityteam@nhs.net","use":"work"}]}],"description":"A ValueSet to identify the type of death notice as held on Personal Demographics Service (PDS).","copyright":"Copyright © 2019 NHS Digital","compose":{"include":[{"system":"https://fhir.nhs.uk/R4/CodeSystem/UKCore-DeathNotificationStatus-1-0-0"}]}}