{"resourceType":"ValueSet","id":"UKCore-SpecimenBodySite","text":{"status":"generated","div":"<div xmlns=\"http://www.w3.org/1999/xhtml\"><h2>UK Core Specimen Body Site</h2><div><p>A code from the SNOMED Clinical Terminology UK coding system to record a specimen body site.</p>\n</div><p><b>Copyright Statement:</b> This value set includes content from SNOMED CT, which is copyright © 2002+ International Health Terminology Standards Development Organisation (IHTSDO), and distributed by agreement between IHTSDO and HL7. Implementer use of SNOMED CT is not covered by this agreement.</p><p>This value set includes codes from the following code systems:</p><ul><li>Include codes from <a href=\"http://www.snomed.org/\"><code>http://snomed.info/sct</code></a> where constraint  =  (&lt; 442083009 |Anatomical or acquired body structure| OR &lt; 49755003 |Morphologically abnormal structure|)</li></ul></div>"},"url":"https://fhir.nhs.uk/R4/ValueSet/UKCore-SpecimenBodySite","version":"4.0.0","name":"UKCoreSpecimenBodySite","title":"UK Core Specimen Body Site","status":"draft","date":"2020-02-10T00:00:00+00:00","publisher":"Project Wildfyre","contact":[{"name":"Project Wildfyre","telecom":[{"system":"email","value":"mailto:dunno@dummy.net","use":"work"}]}],"description":"A code from the SNOMED Clinical Terminology UK coding system to record a specimen body site.","jurisdiction":[{"coding":[{"system":"urn:iso:std:iso:3166","code":"GB"}]}],"copyright":"This value set includes content from SNOMED CT, which is copyright © 2002+ International Health Terminology Standards Development Organisation (IHTSDO), and distributed by agreement between IHTSDO and HL7. Implementer use of SNOMED CT is not covered by this agreement.","compose":{"include":[{"system":"http://snomed.info/sct","filter":[{"property":"constraint","op":"=","value":"(< 442083009 |Anatomical or acquired body structure| OR < 49755003 |Morphologically abnormal structure|)"}]}]}}