{"resourceType":"ValueSet","id":"UKCore-ReportCodeSnCT","text":{"status":"generated","div":"<div xmlns=\"http://www.w3.org/1999/xhtml\"><h2>UK Core Report Code SnCT</h2><div><p>A code from the SNOMED Clinical Terminology UK coding system that describes a diagnostic report.</p>\n</div><p><b>Copyright Statement:</b> This value set includes content from SNOMED CT, which is copyright © 2002+ International Health Terminology Standards Development Organisation (IHTSDO), and distributed by agreement between IHTSDO and HL7. Implementer use of SNOMED CT is not covered by this agreement.</p><p>This value set includes codes from the following code systems:</p><ul><li>Include codes from <a href=\"http://www.snomed.org/\"><code>http://snomed.info/sct</code></a> where constraint  =  (&lt;&lt;371525003 | Clinical procedure report|)</li></ul></div>"},"url":"https://fhir.nhs.uk/R4/ValueSet/UKCore-ReportCodeSnCT","version":"4.0.0","name":"UKCoreReportCodeSnCT","title":"UK Core Report Code SnCT","status":"draft","date":"2020-02-05T00:00:00+00:00","publisher":"Project Wildfyre","contact":[{"name":"Project Wildfyre","telecom":[{"system":"email","value":"mailto:dunno@dummy.net","use":"work"}]}],"description":"A code from the SNOMED Clinical Terminology UK coding system that describes a diagnostic report.","jurisdiction":[{"coding":[{"system":"urn:iso:std:iso:3166","code":"GB"}]}],"copyright":"This value set includes content from SNOMED CT, which is copyright © 2002+ International Health Terminology Standards Development Organisation (IHTSDO), and distributed by agreement between IHTSDO and HL7. Implementer use of SNOMED CT is not covered by this agreement.","compose":{"include":[{"system":"http://snomed.info/sct","filter":[{"property":"constraint","op":"=","value":"(<<371525003 | Clinical procedure report|)"}]}]}}