{"resourceType":"ValueSet","id":"UKCore-PreferredWrittenCommunicationFormat","text":{"status":"generated","div":"<div xmlns=\"http://www.w3.org/1999/xhtml\"><h2>UK Core Preferred Written Communication Format</h2><div><p>A ValueSet to identify the preferred written communication format of a Patient, contact or RelatedPerson.</p>\n</div><p><b>Copyright Statement:</b> Copyright © 2019 NHS Digital</p><p>This value set includes codes from the following code systems:</p><ul><li>Include all codes defined in <a href=\"CodeSystem-UKCore-PreferredWrittenCommunicationFormat.html\"><code>https://fhir.nhs.uk/R4/CodeSystem/UKCore-PreferredWrittenCommunicationFormat</code></a></li></ul></div>"},"url":"https://fhir.nhs.uk/R4/ValueSet/UKCore-PreferredWrittenCommunicationFormat","version":"1.0.0","name":"UKCorePreferredWrittenCommunicationFormat","title":"UK Core Preferred Written Communication Format","status":"draft","date":"2019-12-06T00:00:00+00:00","publisher":"Project Wildfyre","contact":[{"name":"Project Wildfyre","telecom":[{"system":"email","value":"mailto:interoperabilityteam@nhs.net","use":"work"}]}],"description":"A ValueSet to identify the preferred written communication format of a Patient, contact or RelatedPerson.","jurisdiction":[{"coding":[{"system":"urn:iso:std:iso:3166","code":"GB"}]}],"copyright":"Copyright © 2019 NHS Digital","compose":{"include":[{"system":"https://fhir.nhs.uk/R4/CodeSystem/UKCore-PreferredWrittenCommunicationFormat"}]}}