{"resourceType":"ValueSet","id":"UKCore-LanguageAbilityMode","text":{"status":"generated","div":"<div xmlns=\"http://www.w3.org/1999/xhtml\"><h2>UK Core Language Ability Mode</h2><div><p>A ValueSet that identifies the mode the patient can communicate in, representing the method of expression of the language.</p>\n</div><p><b>Copyright Statement:</b> Copyright © 2019 NHS Digital</p><p>This value set includes codes from the following code systems:</p><ul><li>Include all codes defined in <a href=\"CodeSystem-UKCore-LanguageAbilityMode.html\"><code>https://fhir.nhs.uk/R4/CodeSystem/UKCore-LanguageAbilityMode</code></a></li></ul></div>"},"url":"https://fhir.nhs.uk/R4/ValueSet/UKCore-LanguageAbilityMode","identifier":[{"system":"urn:ietf:rfc:3986","value":"urn:oid:2.16.840.1.113883.5.60"}],"version":"1.0.0","name":"UKCoreLanguageAbilityMode","title":"UK Core Language Ability Mode","status":"draft","date":"2019-10-25T01:00:00+01:00","publisher":"NHS Digital","contact":[{"name":"NHS Digital","telecom":[{"system":"email","value":"mailto:interoperabilityteam@nhs.net","use":"work"}]}],"description":"A ValueSet that identifies the mode the patient can communicate in, representing the method of expression of the language.","jurisdiction":[{"coding":[{"system":"urn:iso:std:iso:3166","code":"GB"}]}],"copyright":"Copyright © 2019 NHS Digital","compose":{"include":[{"system":"https://fhir.nhs.uk/R4/CodeSystem/UKCore-LanguageAbilityMode"}]}}