<?xml version="1.0" encoding="UTF-8"?>

<CodeSystem xmlns="http://hl7.org/fhir">
  <id value="UKCore-ConditionEpisodicity"/>
  <text>
    <status value="generated"/><div xmlns="http://www.w3.org/1999/xhtml"><h2>UK Core Condition Episodicity</h2><div><p>A CodeSystem to identify the episodicity of a condition.</p>
</div><p><b>Copyright Statement:</b> Copyright © 2019 NHS Digital</p><p>This code system https://fhir.nhs.uk/R4/CodeSystem/UKCore-ConditionEpisodicity defines the following codes:</p><table class="codes"><tr><td style="white-space:nowrap"><b>Code</b></td><td><b>Display</b></td><td><b>Definition</b></td></tr><tr><td style="white-space:nowrap">first<a name="UKCore-ConditionEpisodicity-first"> </a></td><td>First</td><td>The first episode of a condition.</td></tr><tr><td style="white-space:nowrap">new<a name="UKCore-ConditionEpisodicity-new"> </a></td><td>New</td><td>A new episode of a previously recorded condition.</td></tr><tr><td style="white-space:nowrap">review<a name="UKCore-ConditionEpisodicity-review"> </a></td><td>Review</td><td>A review of an existing condition episode.</td></tr><tr><td style="white-space:nowrap">end<a name="UKCore-ConditionEpisodicity-end"> </a></td><td>End</td><td>Marks the end of an existing condition episode.</td></tr></table></div>
  </text>
  <url value="https://fhir.nhs.uk/R4/CodeSystem/UKCore-ConditionEpisodicity"/>
  <version value="4.0.0"/>
  <name value="UKCoreConditionEpisodicity"/>
  <title value="UK Core Condition Episodicity"/>
  <status value="draft"/>
  <date value="2019-11-11T00:00:00+00:00"/>
  <publisher value="Project Wildfyre"/>
  <contact>
    <name value="Project Wildfyre"/>
    <telecom>
      <system value="email"/>
      <value value="mailto:dunno@dummy.net"/>
      <use value="work"/>
    </telecom>
  </contact>
  <description value="A CodeSystem to identify the episodicity of a condition."/>
  <jurisdiction>
    <coding>
      <system value="urn:iso:std:iso:3166"/>
      <code value="GB"/>
    </coding>
  </jurisdiction>
  <copyright value="Copyright &#xA9; 2019 NHS Digital"/>
  <caseSensitive value="true"/>
  <content value="complete"/>
  <concept>
    <code value="first"/>
    <display value="First"/>
    <definition value="The first episode of a condition."/>
  </concept>
  <concept>
    <code value="new"/>
    <display value="New"/>
    <definition value="A new episode of a previously recorded condition."/>
  </concept>
  <concept>
    <code value="review"/>
    <display value="Review"/>
    <definition value="A review of an existing condition episode."/>
  </concept>
  <concept>
    <code value="end"/>
    <display value="End"/>
    <definition value="Marks the end of an existing condition episode."/>
  </concept>
</CodeSystem>