<?xml version="1.0" encoding="UTF-8"?>

<CodeSystem xmlns="http://hl7.org/fhir">
  <id value="UKCore-ConditionCategory-1-0-0"/>
  <text>
    <status value="generated"/><div xmlns="http://www.w3.org/1999/xhtml"><h2>UK Core Condition Category</h2><div><p>A CodeSystem to identify the category of a condition.</p>
</div><p><b>Copyright Statement:</b> Copyright © 2019 NHS Digital</p><p>This code system https://fhir.nhs.uk/R4/CodeSystem/UKCore-ConditionCategory-1-0-0 defines the following codes:</p><table class="codes"><tr><td style="white-space:nowrap"><b>Code</b></td><td><b>Display</b></td><td><b>Definition</b></td></tr><tr><td style="white-space:nowrap">problem-list-item<a name="UKCore-ConditionCategory-1-0-0-problem-list-item"> </a></td><td>Problem List Item</td><td>An item on a problem list which can be managed over time and can be expressed by a practitioner (e.g. physician, nurse), patient, or related person.</td></tr><tr><td style="white-space:nowrap">encounter-diagnosis<a name="UKCore-ConditionCategory-1-0-0-encounter-diagnosis"> </a></td><td>Encounter Diagnosis</td><td>A point in time diagnosis (e.g. from a physician or nurse) in context of an encounter.</td></tr><tr><td style="white-space:nowrap">presenting-complaint<a name="UKCore-ConditionCategory-1-0-0-presenting-complaint"> </a></td><td>Presenting Complaint</td><td/></tr><tr><td style="white-space:nowrap">co-morbidity<a name="UKCore-ConditionCategory-1-0-0-co-morbidity"> </a></td><td>Co-morbidity</td><td/></tr><tr><td style="white-space:nowrap">issue<a name="UKCore-ConditionCategory-1-0-0-issue"> </a></td><td>Issue</td><td/></tr></table></div>
  </text>
  <url value="https://fhir.nhs.uk/R4/CodeSystem/UKCore-ConditionCategory-1-0-0"/>
  <version value="1.0.0"/>
  <name value="UKCoreConditionCategory"/>
  <title value="UK Core Condition Category"/>
  <status value="draft"/>
  <date value="2019-11-11T00:00:00+00:00"/>
  <publisher value="NHS Digital"/>
  <contact>
    <name value="Interoperability Team"/>
    <telecom>
      <system value="email"/>
      <value value="interoperabilityteam@nhs.net"/>
      <use value="work"/>
    </telecom>
  </contact>
  <description value="A CodeSystem to identify the category of a condition."/>
  <copyright value="Copyright &#xA9; 2019 NHS Digital"/>
  <caseSensitive value="true"/>
  <content value="complete"/>
  <concept>
    <code value="problem-list-item"/>
    <display value="Problem List Item"/>
    <definition value="An item on a problem list which can be managed over time and can be expressed by a practitioner (e.g. physician, nurse), patient, or related person."/>
  </concept>
  <concept>
    <code value="encounter-diagnosis"/>
    <display value="Encounter Diagnosis"/>
    <definition value="A point in time diagnosis (e.g. from a physician or nurse) in context of an encounter."/>
  </concept>
  <concept>
    <code value="presenting-complaint"/>
    <display value="Presenting Complaint"/>
  </concept>
  <concept>
    <code value="co-morbidity"/>
    <display value="Co-morbidity"/>
  </concept>
  <concept>
    <code value="issue"/>
    <display value="Issue"/>
  </concept>
</CodeSystem>