<?xml version="1.0" encoding="UTF-8"?>

<CodeSystem xmlns="http://hl7.org/fhir">
  <id value="UKCore-ConsentUpdateMode"/>
  <text>
    <status value="generated"/><div xmlns="http://www.w3.org/1999/xhtml"><h2>UK Core Consent Update Mode</h2><div><p>A CodeSystem to identify the whether this is the original or an amended resource.</p>
</div><p><b>Copyright Statement:</b> Copyright © 2019 NHS Digital</p><p>This code system https://fhir.nhs.uk/R4/Codesystem/UKCore-ConsentUpdateMode defines the following codes:</p><table class="codes"><tr><td style="white-space:nowrap"><b>Code</b></td><td><b>Display</b></td><td><b>Definition</b></td></tr><tr><td style="white-space:nowrap">added<a name="UKCore-ConsentUpdateMode-added"> </a></td><td>Resource added</td><td/></tr><tr><td style="white-space:nowrap">altered<a name="UKCore-ConsentUpdateMode-altered"> </a></td><td>Resource altered</td><td/></tr></table></div>
  </text>
  <url value="https://fhir.nhs.uk/R4/Codesystem/UKCore-ConsentUpdateMode"/>
  <version value="1.0.0"/>
  <name value="UKCoreConsentUpdateMode"/>
  <title value="UK Core Consent Update Mode"/>
  <status value="draft"/>
  <date value="2019-12-06T00:00:00+00:00"/>
  <publisher value="Project Wildfyre"/>
  <contact>
    <name value="Project Wildfyre"/>
    <telecom>
      <system value="email"/>
      <value value="mailto:interoperabilityteam@nhs.net"/>
      <use value="work"/>
    </telecom>
  </contact>
  <description value="A CodeSystem to identify the whether this is the original or an amended resource."/>
  <jurisdiction>
    <coding>
      <system value="urn:iso:std:iso:3166"/>
      <code value="GB"/>
    </coding>
  </jurisdiction>
  <copyright value="Copyright &#xA9; 2019 NHS Digital"/>
  <content value="complete"/>
  <concept>
    <code value="added"/>
    <display value="Resource added"/>
  </concept>
  <concept>
    <code value="altered"/>
    <display value="Resource altered"/>
  </concept>
</CodeSystem>