<?xml version="1.0" encoding="UTF-8"?>

<ConceptMap xmlns="http://hl7.org/fhir">
  <id value="UKCore-AllergyVerificationStatus"/>
  <text>
    <status value="generated"/><div xmlns="http://www.w3.org/1999/xhtml"><h2>ConceptMapUKCoreAllergyVerificationStatus (https://fhir.nhs.uk/R4/ConceptMap/ConceptMap-UKCore-AllergyVerificationStatus)</h2><p>Mapping from <a href="http://hl7.org/fhir/R4/valueset-allergyintolerance-verification.html">http://hl7.org/fhir/ValueSet/allergyintolerance-verification</a> to <a href="ValueSet-UKCore-AllergyCertainty.html">https://fhir.nhs.uk/R4/ValueSet/UKCore-AllergyCertainty</a></p><p>DRAFT. Published on 5 Nov 2019, 00:00:00 by Project Wildfyre (Project Wildfyre: <a href="mailto:mailto:dunno@dummy.net">mailto:dunno@dummy.net</a>). Copyright © 2016 HL7 UK</p><div><p>A Concept Map from the HL7 FHIR ValueSet Allergy Verification Status to Allergy Certainity to aid interpretation.</p>
</div><br/><table class="grid"><tr><td><b>Source Code</b></td><td><b>Relationship</b></td><td><b>Destination Code</b></td></tr><tr><td>unconfirmed</td><td><a href="http://hl7.org/fhir/R4/codesystem-concept-map-equivalence.html#equivalent">is equivalent to</a></td><td>385434005 (Improbable diagnosis (contextual qualifier) (qualifier value))</td></tr><tr><td>unconfirmed</td><td><a href="http://hl7.org/fhir/R4/codesystem-concept-map-equivalence.html#equivalent">is equivalent to</a></td><td>2931005 (Probable diagnosis)</td></tr><tr><td>confirmed</td><td><a href="http://hl7.org/fhir/R4/codesystem-concept-map-equivalence.html#equivalent">is equivalent to</a></td><td>255545003 (Definite)</td></tr><tr><td>confirmed</td><td><a href="http://hl7.org/fhir/R4/codesystem-concept-map-equivalence.html#equivalent">is equivalent to</a></td><td>410605003 (Confirmed present (qualifier value))</td></tr></table></div>
  </text>
  <url value="https://fhir.nhs.uk/R4/ConceptMap/ConceptMap-UKCore-AllergyVerificationStatus"/>
  <version value="4.0.0"/>
  <name value="ConceptMapUKCoreAllergyVerificationStatus"/>
  <title value="Concept Map - UK Core Allergy Verification Status"/>
  <status value="draft"/>
  <date value="2019-11-05T00:00:00+00:00"/>
  <publisher value="Project Wildfyre"/>
  <contact>
    <name value="Project Wildfyre"/>
    <telecom>
      <system value="email"/>
      <value value="mailto:dunno@dummy.net"/>
      <use value="work"/>
    </telecom>
  </contact>
  <description value="A Concept Map from the HL7 FHIR ValueSet Allergy Verification Status to Allergy Certainity to aid interpretation."/>
  <jurisdiction>
    <coding>
      <system value="urn:iso:std:iso:3166"/>
      <code value="GB"/>
    </coding>
  </jurisdiction>
  <copyright value="Copyright &#xA9; 2016 HL7 UK"/>
  <sourceUri value="http://hl7.org/fhir/ValueSet/allergyintolerance-verification"/>
  <targetUri value="https://fhir.nhs.uk/R4/ValueSet/UKCore-AllergyCertainty"/>
  <group>
    <source value="http://terminology.hl7.org/CodeSystem/allergyintolerance-verification"/>
    <target value="http://snomed.info/sct"/>
    <element>
      <code value="unconfirmed"/>
      <display value="Unconfirmed"/>
      <target>
        <code value="385434005"/>
        <display value="Improbable diagnosis"/>
        <equivalence value="equivalent"/>
      </target>
    </element>
    <element>
      <code value="unconfirmed"/>
      <display value="Unconfirmed"/>
      <target>
        <code value="2931005"/>
        <display value="Probable diagnosis"/>
        <equivalence value="equivalent"/>
      </target>
    </element>
    <element>
      <code value="confirmed"/>
      <display value="Confirmed"/>
      <target>
        <code value="255545003"/>
        <display value="Definite"/>
        <equivalence value="equivalent"/>
      </target>
    </element>
    <element>
      <code value="confirmed"/>
      <display value="Confirmed"/>
      <target>
        <code value="410605003"/>
        <display value="Confirmed present"/>
        <equivalence value="equivalent"/>
      </target>
    </element>
  </group>
</ConceptMap>