<?xml version="1.0" encoding="UTF-8"?>

<ImplementationGuide xmlns="http://hl7.org/fhir">
  <id value="nhsdigital-fhir-r4-core-prototype"/>
  <text>
    <status value="generated"/><div xmlns="http://www.w3.org/1999/xhtml"><h2>FHIRR4CorePrototype</h2><p>The official URL for this implementation guide is: </p><pre>https://fhir.nhs.uk/R4/ImplementationGuide/nhsdigital-fhir-r4-core-prototype</pre></div>
  </text>
  <url value="https://fhir.nhs.uk/R4/ImplementationGuide/nhsdigital-fhir-r4-core-prototype"/>
  <version value="1.0.0"/>
  <name value="FHIRR4CorePrototype"/>
  <title value="FHIR R4 Core Prototype"/>
  <status value="draft"/>
  <experimental value="true"/>
  <date value="2019-10-14T00:00:00+01:00"/>
  <publisher value="NHS Digital"/>
  <contact>
    <name value="NHS Digital"/>
    <telecom>
      <system value="email"/>
      <value value="mailto:interoperabilityteam@nhs.net"/>
      <use value="work"/>
    </telecom>
  </contact>
  <jurisdiction>
    <coding>
      <system value="urn:iso:std:iso:3166"/>
      <code value="GB"/>
    </coding>
  </jurisdiction>
  <packageId value="nhsdigital.fhir.r4.core.prototype"/>
  <license value="CC0-1.0"/>
  <fhirVersion value="4.0.1"/>
  <definition>
    <grouping>
      <name value="FHIR R4 Core Prototype"/>
    </grouping>
    <resource>
      <extension url="http://hl7.org/fhir/tools/StructureDefinition/resource-information">
        <valueString value="ValueSet"/>
      </extension>
      <extension url="http://hl7.org/fhir/StructureDefinition/implementationguide-page">
        <valueUri value="ValueSet-UKCore-ResidentialStatus-1-0-0.html"/>
      </extension>
      <reference>
        <reference value="ValueSet/UKCore-ResidentialStatus-1-0-0"/>
      </reference>
      <exampleBoolean value="false"/>
    </resource>
    <resource>
      <extension url="http://hl7.org/fhir/tools/StructureDefinition/resource-information">
        <valueString value="ValueSet"/>
      </extension>
      <extension url="http://hl7.org/fhir/StructureDefinition/implementationguide-page">
        <valueUri value="ValueSet-UKCore-AllergyManifestation-1-0-0.html"/>
      </extension>
      <reference>
        <reference value="ValueSet/UKCore-AllergyManifestation-1-0-0"/>
      </reference>
      <exampleBoolean value="false"/>
    </resource>
    <resource>
      <extension url="http://hl7.org/fhir/tools/StructureDefinition/resource-information">
        <valueString value="ValueSet"/>
      </extension>
      <extension url="http://hl7.org/fhir/StructureDefinition/implementationguide-page">
        <valueUri value="ValueSet-UKCore-AllergyCertainty-1-0-0.html"/>
      </extension>
      <reference>
        <reference value="ValueSet/UKCore-AllergyCertainty-1-0-0"/>
      </reference>
      <exampleBoolean value="false"/>
    </resource>
    <resource>
      <extension url="http://hl7.org/fhir/tools/StructureDefinition/resource-information">
        <valueString value="ValueSet"/>
      </extension>
      <extension url="http://hl7.org/fhir/StructureDefinition/implementationguide-page">
        <valueUri value="ValueSet-UKCore-AllergySeverity-1-0-0.html"/>
      </extension>
      <reference>
        <reference value="ValueSet/UKCore-AllergySeverity-1-0-0"/>
      </reference>
      <exampleBoolean value="false"/>
    </resource>
    <resource>
      <extension url="http://hl7.org/fhir/tools/StructureDefinition/resource-information">
        <valueString value="ValueSet"/>
      </extension>
      <extension url="http://hl7.org/fhir/StructureDefinition/implementationguide-page">
        <valueUri value="ValueSet-UKCore-ConditionEpisode-1-0-0.html"/>
      </extension>
      <reference>
        <reference value="ValueSet/UKCore-ConditionEpisode-1-0-0"/>
      </reference>
      <exampleBoolean value="false"/>
    </resource>
    <resource>
      <extension url="http://hl7.org/fhir/tools/StructureDefinition/resource-information">
        <valueString value="ValueSet"/>
      </extension>
      <extension url="http://hl7.org/fhir/StructureDefinition/implementationguide-page">
        <valueUri value="ValueSet-UKCore-ConditionCode-1-0-0.html"/>
      </extension>
      <reference>
        <reference value="ValueSet/UKCore-ConditionCode-1-0-0"/>
      </reference>
      <exampleBoolean value="false"/>
    </resource>
    <resource>
      <extension url="http://hl7.org/fhir/tools/StructureDefinition/resource-information">
        <valueString value="ValueSet"/>
      </extension>
      <extension url="http://hl7.org/fhir/StructureDefinition/implementationguide-page">
        <valueUri value="ValueSet-UKCore-ConditionCategory-1-0-0.html"/>
      </extension>
      <reference>
        <reference value="ValueSet/UKCore-ConditionCategory-1-0-0"/>
      </reference>
      <exampleBoolean value="false"/>
    </resource>
    <resource>
      <extension url="http://hl7.org/fhir/tools/StructureDefinition/resource-information">
        <valueString value="ValueSet"/>
      </extension>
      <extension url="http://hl7.org/fhir/StructureDefinition/implementationguide-page">
        <valueUri value="ValueSet-UKCore-ConditionEpisodicity-1-0-0.html"/>
      </extension>
      <reference>
        <reference value="ValueSet/UKCore-ConditionEpisodicity-1-0-0"/>
      </reference>
      <exampleBoolean value="false"/>
    </resource>
    <resource>
      <extension url="http://hl7.org/fhir/tools/StructureDefinition/resource-information">
        <valueString value="ValueSet"/>
      </extension>
      <extension url="http://hl7.org/fhir/StructureDefinition/implementationguide-page">
        <valueUri value="ValueSet-UKCore-AllergyCode-1-0-0.html"/>
      </extension>
      <reference>
        <reference value="ValueSet/UKCore-AllergyCode-1-0-0"/>
      </reference>
      <exampleBoolean value="false"/>
    </resource>
    <resource>
      <extension url="http://hl7.org/fhir/tools/StructureDefinition/resource-information">
        <valueString value="ValueSet"/>
      </extension>
      <extension url="http://hl7.org/fhir/StructureDefinition/implementationguide-page">
        <valueUri value="ValueSet-UKCore-AllergyExposureRoute-1-0-0.html"/>
      </extension>
      <reference>
        <reference value="ValueSet/UKCore-AllergyExposureRoute-1-0-0"/>
      </reference>
      <exampleBoolean value="false"/>
    </resource>
    <resource>
      <extension url="http://hl7.org/fhir/tools/StructureDefinition/resource-information">
        <valueString value="ValueSet"/>
      </extension>
      <extension url="http://hl7.org/fhir/StructureDefinition/implementationguide-page">
        <valueUri value="ValueSet-UKCore-CareSettingType-1-0-0.html"/>
      </extension>
      <reference>
        <reference value="ValueSet/UKCore-CareSettingType-1-0-0"/>
      </reference>
      <exampleBoolean value="false"/>
    </resource>
    <resource>
      <extension url="http://hl7.org/fhir/tools/StructureDefinition/resource-information">
        <valueString value="ValueSet"/>
      </extension>
      <extension url="http://hl7.org/fhir/StructureDefinition/implementationguide-page">
        <valueUri value="ValueSet-UKCore-ListCode-1-0-0.html"/>
      </extension>
      <reference>
        <reference value="ValueSet/UKCore-ListCode-1-0-0"/>
      </reference>
      <exampleBoolean value="false"/>
    </resource>
    <resource>
      <extension url="http://hl7.org/fhir/tools/StructureDefinition/resource-information">
        <valueString value="ValueSet"/>
      </extension>
      <extension url="http://hl7.org/fhir/StructureDefinition/implementationguide-page">
        <valueUri value="ValueSet-UKCore-ListEmptyReasonCode-1-0-0.html"/>
      </extension>
      <reference>
        <reference value="ValueSet/UKCore-ListEmptyReasonCode-1-0-0"/>
      </reference>
      <exampleBoolean value="false"/>
    </resource>
    <resource>
      <extension url="http://hl7.org/fhir/tools/StructureDefinition/resource-information">
        <valueString value="ValueSet"/>
      </extension>
      <extension url="http://hl7.org/fhir/StructureDefinition/implementationguide-page">
        <valueUri value="ValueSet-UKCore-ListWarningCode-1-0-0.html"/>
      </extension>
      <reference>
        <reference value="ValueSet/UKCore-ListWarningCode-1-0-0"/>
      </reference>
      <exampleBoolean value="false"/>
    </resource>
    <resource>
      <extension url="http://hl7.org/fhir/tools/StructureDefinition/resource-information">
        <valueString value="ValueSet"/>
      </extension>
      <extension url="http://hl7.org/fhir/StructureDefinition/implementationguide-page">
        <valueUri value="ValueSet-UKCore-BodySite-1-0-0.html"/>
      </extension>
      <reference>
        <reference value="ValueSet/UKCore-BodySite-1-0-0"/>
      </reference>
      <exampleBoolean value="false"/>
    </resource>
    <resource>
      <extension url="http://hl7.org/fhir/tools/StructureDefinition/resource-information">
        <valueString value="ValueSet"/>
      </extension>
      <extension url="http://hl7.org/fhir/StructureDefinition/implementationguide-page">
        <valueUri value="ValueSet-UKCore-EncounterType-1-0-0.html"/>
      </extension>
      <reference>
        <reference value="ValueSet/UKCore-EncounterType-1-0-0"/>
      </reference>
      <exampleBoolean value="false"/>
    </resource>
    <resource>
      <extension url="http://hl7.org/fhir/tools/StructureDefinition/resource-information">
        <valueString value="ValueSet"/>
      </extension>
      <extension url="http://hl7.org/fhir/StructureDefinition/implementationguide-page">
        <valueUri value="ValueSet-UKCore-EmergencyCareDischargeStatus-1-0-0.html"/>
      </extension>
      <reference>
        <reference value="ValueSet/UKCore-EmergencyCareDischargeStatus-1-0-0"/>
      </reference>
      <exampleBoolean value="false"/>
    </resource>
    <resource>
      <extension url="http://hl7.org/fhir/tools/StructureDefinition/resource-information">
        <valueString value="ValueSet"/>
      </extension>
      <extension url="http://hl7.org/fhir/StructureDefinition/implementationguide-page">
        <valueUri value="ValueSet-UKCore-ObservationType-1-0-0.html"/>
      </extension>
      <reference>
        <reference value="ValueSet/UKCore-ObservationType-1-0-0"/>
      </reference>
      <exampleBoolean value="false"/>
    </resource>
    <resource>
      <extension url="http://hl7.org/fhir/tools/StructureDefinition/resource-information">
        <valueString value="ValueSet"/>
      </extension>
      <extension url="http://hl7.org/fhir/StructureDefinition/implementationguide-page">
        <valueUri value="ValueSet-UKCore-TreatmentCategory-1-0-0.html"/>
      </extension>
      <reference>
        <reference value="ValueSet/UKCore-TreatmentCategory-1-0-0"/>
      </reference>
      <exampleBoolean value="false"/>
    </resource>
    <resource>
      <extension url="http://hl7.org/fhir/tools/StructureDefinition/resource-information">
        <valueString value="ValueSet"/>
      </extension>
      <extension url="http://hl7.org/fhir/StructureDefinition/implementationguide-page">
        <valueUri value="ValueSet-UKCore-HumanLanguage-1-0-0.html"/>
      </extension>
      <reference>
        <reference value="ValueSet/UKCore-HumanLanguage-1-0-0"/>
      </reference>
      <exampleBoolean value="false"/>
    </resource>
    <resource>
      <extension url="http://hl7.org/fhir/tools/StructureDefinition/resource-information">
        <valueString value="ValueSet"/>
      </extension>
      <extension url="http://hl7.org/fhir/StructureDefinition/implementationguide-page">
        <valueUri value="ValueSet-UKCore-LanguageAbilityMode-1-0-0.html"/>
      </extension>
      <reference>
        <reference value="ValueSet/UKCore-LanguageAbilityMode-1-0-0"/>
      </reference>
      <exampleBoolean value="false"/>
    </resource>
    <resource>
      <extension url="http://hl7.org/fhir/tools/StructureDefinition/resource-information">
        <valueString value="ValueSet"/>
      </extension>
      <extension url="http://hl7.org/fhir/StructureDefinition/implementationguide-page">
        <valueUri value="ValueSet-UKCore-LanguageAbilityProficiency-1-0-0.html"/>
      </extension>
      <reference>
        <reference value="ValueSet/UKCore-LanguageAbilityProficiency-1-0-0"/>
      </reference>
      <exampleBoolean value="false"/>
    </resource>
    <resource>
      <extension url="http://hl7.org/fhir/tools/StructureDefinition/resource-information">
        <valueString value="ValueSet"/>
      </extension>
      <extension url="http://hl7.org/fhir/StructureDefinition/implementationguide-page">
        <valueUri value="ValueSet-UKCore-SDSJobRoleName-1-0-0.html"/>
      </extension>
      <reference>
        <reference value="ValueSet/UKCore-SDSJobRoleName-1-0-0"/>
      </reference>
      <exampleBoolean value="false"/>
    </resource>
    <resource>
      <extension url="http://hl7.org/fhir/tools/StructureDefinition/resource-information">
        <valueString value="ValueSet"/>
      </extension>
      <extension url="http://hl7.org/fhir/StructureDefinition/implementationguide-page">
        <valueUri value="ValueSet-UKCore-DeathNotificationStatus-1-0-0.html"/>
      </extension>
      <reference>
        <reference value="ValueSet/UKCore-DeathNotificationStatus-1-0-0"/>
      </reference>
      <exampleBoolean value="false"/>
    </resource>
    <resource>
      <extension url="http://hl7.org/fhir/tools/StructureDefinition/resource-information">
        <valueString value="ValueSet"/>
      </extension>
      <extension url="http://hl7.org/fhir/StructureDefinition/implementationguide-page">
        <valueUri value="ValueSet-UKCore-EthnicCategory-1-0-0.html"/>
      </extension>
      <reference>
        <reference value="ValueSet/UKCore-EthnicCategory-1-0-0"/>
      </reference>
      <exampleBoolean value="false"/>
    </resource>
    <resource>
      <extension url="http://hl7.org/fhir/tools/StructureDefinition/resource-information">
        <valueString value="ValueSet"/>
      </extension>
      <extension url="http://hl7.org/fhir/StructureDefinition/implementationguide-page">
        <valueUri value="ValueSet-UKCore-AdmissionMethod-1-0-0.html"/>
      </extension>
      <reference>
        <reference value="ValueSet/UKCore-AdmissionMethod-1-0-0"/>
      </reference>
      <exampleBoolean value="false"/>
    </resource>
    <resource>
      <extension url="http://hl7.org/fhir/tools/StructureDefinition/resource-information">
        <valueString value="ValueSet"/>
      </extension>
      <extension url="http://hl7.org/fhir/StructureDefinition/implementationguide-page">
        <valueUri value="ValueSet-UKCore-DischargeDestination-1-0-0.html"/>
      </extension>
      <reference>
        <reference value="ValueSet/UKCore-DischargeDestination-1-0-0"/>
      </reference>
      <exampleBoolean value="false"/>
    </resource>
    <resource>
      <extension url="http://hl7.org/fhir/tools/StructureDefinition/resource-information">
        <valueString value="ValueSet"/>
      </extension>
      <extension url="http://hl7.org/fhir/StructureDefinition/implementationguide-page">
        <valueUri value="ValueSet-UKCore-DischargeMethod-1-0-0.html"/>
      </extension>
      <reference>
        <reference value="ValueSet/UKCore-DischargeMethod-1-0-0"/>
      </reference>
      <exampleBoolean value="false"/>
    </resource>
    <resource>
      <extension url="http://hl7.org/fhir/tools/StructureDefinition/resource-information">
        <valueString value="ValueSet"/>
      </extension>
      <extension url="http://hl7.org/fhir/StructureDefinition/implementationguide-page">
        <valueUri value="ValueSet-UKCore-OutcomeOfAttendance-1-0-0.html"/>
      </extension>
      <reference>
        <reference value="ValueSet/UKCore-OutcomeOfAttendance-1-0-0"/>
      </reference>
      <exampleBoolean value="false"/>
    </resource>
    <resource>
      <extension url="http://hl7.org/fhir/tools/StructureDefinition/resource-information">
        <valueString value="ValueSet"/>
      </extension>
      <extension url="http://hl7.org/fhir/StructureDefinition/implementationguide-page">
        <valueUri value="ValueSet-UKCore-SourceOfAdmission-1-0-0.html"/>
      </extension>
      <reference>
        <reference value="ValueSet/UKCore-SourceOfAdmission-1-0-0"/>
      </reference>
      <exampleBoolean value="false"/>
    </resource>
    <resource>
      <extension url="http://hl7.org/fhir/tools/StructureDefinition/resource-information">
        <valueString value="ValueSet"/>
      </extension>
      <extension url="http://hl7.org/fhir/StructureDefinition/implementationguide-page">
        <valueUri value="ValueSet-UKCore-NHSNumberVerificationStatus-1-0-0.html"/>
      </extension>
      <reference>
        <reference value="ValueSet/UKCore-NHSNumberVerificationStatus-1-0-0"/>
      </reference>
      <exampleBoolean value="false"/>
    </resource>
    <resource>
      <extension url="http://hl7.org/fhir/tools/StructureDefinition/resource-information">
        <valueString value="ValueSet"/>
      </extension>
      <extension url="http://hl7.org/fhir/StructureDefinition/implementationguide-page">
        <valueUri value="ValueSet-UKCore-ReligiousAffiliation-1-0-0.html"/>
      </extension>
      <reference>
        <reference value="ValueSet/UKCore-ReligiousAffiliation-1-0-0"/>
      </reference>
      <exampleBoolean value="false"/>
    </resource>
    <resource>
      <extension url="http://hl7.org/fhir/tools/StructureDefinition/resource-information">
        <valueString value="ValueSet"/>
      </extension>
      <extension url="http://hl7.org/fhir/StructureDefinition/implementationguide-page">
        <valueUri value="ValueSet-UKCore-NHSDataDictionary-PersonMaritalStatus-1-0-0.html"/>
      </extension>
      <reference>
        <reference value="ValueSet/UKCore-NHSDataDictionary-PersonMaritalStatus-1-0-0"/>
      </reference>
      <exampleBoolean value="false"/>
    </resource>
    <resource>
      <extension url="http://hl7.org/fhir/tools/StructureDefinition/resource-information">
        <valueString value="CodeSystem"/>
      </extension>
      <extension url="http://hl7.org/fhir/StructureDefinition/implementationguide-page">
        <valueUri value="CodeSystem-UKCore-AdmissionMethod-1-0-0.html"/>
      </extension>
      <reference>
        <reference value="CodeSystem/UKCore-AdmissionMethod-1-0-0"/>
      </reference>
      <exampleBoolean value="false"/>
    </resource>
    <resource>
      <extension url="http://hl7.org/fhir/tools/StructureDefinition/resource-information">
        <valueString value="CodeSystem"/>
      </extension>
      <extension url="http://hl7.org/fhir/StructureDefinition/implementationguide-page">
        <valueUri value="CodeSystem-UKCore-DischargeDestination-1-0-0.html"/>
      </extension>
      <reference>
        <reference value="CodeSystem/UKCore-DischargeDestination-1-0-0"/>
      </reference>
      <exampleBoolean value="false"/>
    </resource>
    <resource>
      <extension url="http://hl7.org/fhir/tools/StructureDefinition/resource-information">
        <valueString value="CodeSystem"/>
      </extension>
      <extension url="http://hl7.org/fhir/StructureDefinition/implementationguide-page">
        <valueUri value="CodeSystem-UKCore-DischargeMethod-1-0-0.html"/>
      </extension>
      <reference>
        <reference value="CodeSystem/UKCore-DischargeMethod-1-0-0"/>
      </reference>
      <exampleBoolean value="false"/>
    </resource>
    <resource>
      <extension url="http://hl7.org/fhir/tools/StructureDefinition/resource-information">
        <valueString value="CodeSystem"/>
      </extension>
      <extension url="http://hl7.org/fhir/StructureDefinition/implementationguide-page">
        <valueUri value="CodeSystem-UKCore-OutcomeOfAttendance-1-0-0.html"/>
      </extension>
      <reference>
        <reference value="CodeSystem/UKCore-OutcomeOfAttendance-1-0-0"/>
      </reference>
      <exampleBoolean value="false"/>
    </resource>
    <resource>
      <extension url="http://hl7.org/fhir/tools/StructureDefinition/resource-information">
        <valueString value="CodeSystem"/>
      </extension>
      <extension url="http://hl7.org/fhir/StructureDefinition/implementationguide-page">
        <valueUri value="CodeSystem-UKCore-SourceOfAdmission-1-0-0.html"/>
      </extension>
      <reference>
        <reference value="CodeSystem/UKCore-SourceOfAdmission-1-0-0"/>
      </reference>
      <exampleBoolean value="false"/>
    </resource>
    <resource>
      <extension url="http://hl7.org/fhir/tools/StructureDefinition/resource-information">
        <valueString value="CodeSystem"/>
      </extension>
      <extension url="http://hl7.org/fhir/StructureDefinition/implementationguide-page">
        <valueUri value="CodeSystem-UKCore-ConditionEpisodicity-1-0-0.html"/>
      </extension>
      <reference>
        <reference value="CodeSystem/UKCore-ConditionEpisodicity-1-0-0"/>
      </reference>
      <exampleBoolean value="false"/>
    </resource>
    <resource>
      <extension url="http://hl7.org/fhir/tools/StructureDefinition/resource-information">
        <valueString value="CodeSystem"/>
      </extension>
      <extension url="http://hl7.org/fhir/StructureDefinition/implementationguide-page">
        <valueUri value="CodeSystem-UKCore-ConditionCategory-1-0-0.html"/>
      </extension>
      <reference>
        <reference value="CodeSystem/UKCore-ConditionCategory-1-0-0"/>
      </reference>
      <exampleBoolean value="false"/>
    </resource>
    <resource>
      <extension url="http://hl7.org/fhir/tools/StructureDefinition/resource-information">
        <valueString value="CodeSystem"/>
      </extension>
      <extension url="http://hl7.org/fhir/StructureDefinition/implementationguide-page">
        <valueUri value="CodeSystem-UKCore-ResidentialStatus-1-0-0.html"/>
      </extension>
      <reference>
        <reference value="CodeSystem/UKCore-ResidentialStatus-1-0-0"/>
      </reference>
      <exampleBoolean value="false"/>
    </resource>
    <resource>
      <extension url="http://hl7.org/fhir/tools/StructureDefinition/resource-information">
        <valueString value="CodeSystem"/>
      </extension>
      <extension url="http://hl7.org/fhir/StructureDefinition/implementationguide-page">
        <valueUri value="CodeSystem-UKCore-TreatmentCategory-1-0-0.html"/>
      </extension>
      <reference>
        <reference value="CodeSystem/UKCore-TreatmentCategory-1-0-0"/>
      </reference>
      <exampleBoolean value="false"/>
    </resource>
    <resource>
      <extension url="http://hl7.org/fhir/tools/StructureDefinition/resource-information">
        <valueString value="CodeSystem"/>
      </extension>
      <extension url="http://hl7.org/fhir/StructureDefinition/implementationguide-page">
        <valueUri value="CodeSystem-UKCore-HumanLanguage-1-0-0.html"/>
      </extension>
      <reference>
        <reference value="CodeSystem/UKCore-HumanLanguage-1-0-0"/>
      </reference>
      <exampleBoolean value="false"/>
    </resource>
    <resource>
      <extension url="http://hl7.org/fhir/tools/StructureDefinition/resource-information">
        <valueString value="CodeSystem"/>
      </extension>
      <extension url="http://hl7.org/fhir/StructureDefinition/implementationguide-page">
        <valueUri value="CodeSystem-UKCore-LanguageAbilityProficiency-1-0-0.html"/>
      </extension>
      <reference>
        <reference value="CodeSystem/UKCore-LanguageAbilityProficiency-1-0-0"/>
      </reference>
      <exampleBoolean value="false"/>
    </resource>
    <resource>
      <extension url="http://hl7.org/fhir/tools/StructureDefinition/resource-information">
        <valueString value="CodeSystem"/>
      </extension>
      <extension url="http://hl7.org/fhir/StructureDefinition/implementationguide-page">
        <valueUri value="CodeSystem-UKCore-LanguageAbilityMode-1-0-0.html"/>
      </extension>
      <reference>
        <reference value="CodeSystem/UKCore-LanguageAbilityMode-1-0-0"/>
      </reference>
      <exampleBoolean value="false"/>
    </resource>
    <resource>
      <extension url="http://hl7.org/fhir/tools/StructureDefinition/resource-information">
        <valueString value="CodeSystem"/>
      </extension>
      <extension url="http://hl7.org/fhir/StructureDefinition/implementationguide-page">
        <valueUri value="CodeSystem-UKCore-SDSJobRoleName-1-0-0.html"/>
      </extension>
      <reference>
        <reference value="CodeSystem/UKCore-SDSJobRoleName-1-0-0"/>
      </reference>
      <exampleBoolean value="false"/>
    </resource>
    <resource>
      <extension url="http://hl7.org/fhir/tools/StructureDefinition/resource-information">
        <valueString value="CodeSystem"/>
      </extension>
      <extension url="http://hl7.org/fhir/StructureDefinition/implementationguide-page">
        <valueUri value="CodeSystem-UKCore-ListWarningCode-1-0-0.html"/>
      </extension>
      <reference>
        <reference value="CodeSystem/UKCore-ListWarningCode-1-0-0"/>
      </reference>
      <exampleBoolean value="false"/>
    </resource>
    <resource>
      <extension url="http://hl7.org/fhir/tools/StructureDefinition/resource-information">
        <valueString value="CodeSystem"/>
      </extension>
      <extension url="http://hl7.org/fhir/StructureDefinition/implementationguide-page">
        <valueUri value="CodeSystem-UKCore-ListEmptyReasonCode-1-0-0.html"/>
      </extension>
      <reference>
        <reference value="CodeSystem/UKCore-ListEmptyReasonCode-1-0-0"/>
      </reference>
      <exampleBoolean value="false"/>
    </resource>
    <resource>
      <extension url="http://hl7.org/fhir/tools/StructureDefinition/resource-information">
        <valueString value="CodeSystem"/>
      </extension>
      <extension url="http://hl7.org/fhir/StructureDefinition/implementationguide-page">
        <valueUri value="CodeSystem-UKCore-DeathNotificationStatus-1-0-0.html"/>
      </extension>
      <reference>
        <reference value="CodeSystem/UKCore-DeathNotificationStatus-1-0-0"/>
      </reference>
      <exampleBoolean value="false"/>
    </resource>
    <resource>
      <extension url="http://hl7.org/fhir/tools/StructureDefinition/resource-information">
        <valueString value="CodeSystem"/>
      </extension>
      <extension url="http://hl7.org/fhir/StructureDefinition/implementationguide-page">
        <valueUri value="CodeSystem-UKCore-EthnicCategory-1-0-0.html"/>
      </extension>
      <reference>
        <reference value="CodeSystem/UKCore-EthnicCategory-1-0-0"/>
      </reference>
      <exampleBoolean value="false"/>
    </resource>
    <resource>
      <extension url="http://hl7.org/fhir/tools/StructureDefinition/resource-information">
        <valueString value="CodeSystem"/>
      </extension>
      <extension url="http://hl7.org/fhir/StructureDefinition/implementationguide-page">
        <valueUri value="CodeSystem-UKCore-NHSNumberVerificationStatus-1-0-0.html"/>
      </extension>
      <reference>
        <reference value="CodeSystem/UKCore-NHSNumberVerificationStatus-1-0-0"/>
      </reference>
      <exampleBoolean value="false"/>
    </resource>
    <resource>
      <extension url="http://hl7.org/fhir/tools/StructureDefinition/resource-information">
        <valueString value="CodeSystem"/>
      </extension>
      <extension url="http://hl7.org/fhir/StructureDefinition/implementationguide-page">
        <valueUri value="CodeSystem-UKCore-NHSDataDictionary-PersonMaritalStatus-1-0-0.html"/>
      </extension>
      <reference>
        <reference value="CodeSystem/UKCore-NHSDataDictionary-PersonMaritalStatus-1-0-0"/>
      </reference>
      <exampleBoolean value="false"/>
    </resource>
    <resource>
      <extension url="http://hl7.org/fhir/tools/StructureDefinition/resource-information">
        <valueString value="ConceptMap"/>
      </extension>
      <extension url="http://hl7.org/fhir/StructureDefinition/implementationguide-page">
        <valueUri value="ConceptMap-UKCore-MaritalStatus-1-0-0.html"/>
      </extension>
      <reference>
        <reference value="ConceptMap/UKCore-MaritalStatus-1-0-0"/>
      </reference>
      <exampleBoolean value="false"/>
    </resource>
    <resource>
      <extension url="http://hl7.org/fhir/tools/StructureDefinition/resource-information">
        <valueString value="ConceptMap"/>
      </extension>
      <extension url="http://hl7.org/fhir/StructureDefinition/implementationguide-page">
        <valueUri value="ConceptMap-UKCore-ConditionEpisodicity-1-0-0.html"/>
      </extension>
      <reference>
        <reference value="ConceptMap/UKCore-ConditionEpisodicity-1-0-0"/>
      </reference>
      <exampleBoolean value="false"/>
    </resource>
    <resource>
      <extension url="http://hl7.org/fhir/tools/StructureDefinition/resource-information">
        <valueString value="CodeSystem"/>
      </extension>
      <extension url="http://hl7.org/fhir/StructureDefinition/implementationguide-page">
        <valueUri value="CodeSystem-UKCore-NHSDataDictionary-PersonStatedGender-1-0-0.html"/>
      </extension>
      <reference>
        <reference value="CodeSystem/UKCore-NHSDataDictionary-PersonStatedGender-1-0-0"/>
      </reference>
      <exampleBoolean value="false"/>
    </resource>
    <resource>
      <extension url="http://hl7.org/fhir/tools/StructureDefinition/resource-information">
        <valueString value="ConceptMap"/>
      </extension>
      <extension url="http://hl7.org/fhir/StructureDefinition/implementationguide-page">
        <valueUri value="ConceptMap-UKCore-AdministrativeGender-1-0-0.html"/>
      </extension>
      <reference>
        <reference value="ConceptMap/UKCore-AdministrativeGender-1-0-0"/>
      </reference>
      <exampleBoolean value="false"/>
    </resource>
    <resource>
      <extension url="http://hl7.org/fhir/tools/StructureDefinition/resource-information">
        <valueString value="ConceptMap"/>
      </extension>
      <extension url="http://hl7.org/fhir/StructureDefinition/implementationguide-page">
        <valueUri value="ConceptMap-UKCore-AllergySeverity-1-0-0.html"/>
      </extension>
      <reference>
        <reference value="ConceptMap/UKCore-AllergySeverity-1-0-0"/>
      </reference>
      <exampleBoolean value="false"/>
    </resource>
    <resource>
      <extension url="http://hl7.org/fhir/tools/StructureDefinition/resource-information">
        <valueString value="ConceptMap"/>
      </extension>
      <extension url="http://hl7.org/fhir/StructureDefinition/implementationguide-page">
        <valueUri value="ConceptMap-UKCore-AllergyVerificationStatus-1-0-0.html"/>
      </extension>
      <reference>
        <reference value="ConceptMap/UKCore-AllergyVerificationStatus-1-0-0"/>
      </reference>
      <exampleBoolean value="false"/>
    </resource>
    <resource>
      <extension url="http://hl7.org/fhir/tools/StructureDefinition/resource-information">
        <valueString value="ValueSet"/>
      </extension>
      <extension url="http://hl7.org/fhir/StructureDefinition/implementationguide-page">
        <valueUri value="ValueSet-UKCore-NHSDataDictionary-PersonStatedGender-1-0-0.html"/>
      </extension>
      <reference>
        <reference value="ValueSet/UKCore-NHSDataDictionary-PersonStatedGender-1-0-0"/>
      </reference>
      <exampleBoolean value="false"/>
    </resource>
    <resource>
      <extension url="http://hl7.org/fhir/tools/StructureDefinition/resource-information">
        <valueString value="StructureDefinition:resource"/>
      </extension>
      <extension url="http://hl7.org/fhir/StructureDefinition/implementationguide-page">
        <valueUri value="UKCore-Patient-1-0-0.html"/>
      </extension>
      <reference>
        <reference value="StructureDefinition/UKCore-Patient-1-0-0"/>
      </reference>
      <exampleBoolean value="false"/>
    </resource>
    <resource>
      <extension url="http://hl7.org/fhir/tools/StructureDefinition/resource-information">
        <valueString value="StructureDefinition:resource"/>
      </extension>
      <extension url="http://hl7.org/fhir/StructureDefinition/implementationguide-page">
        <valueUri value="UKCore-Practitioner-1-0-0.html"/>
      </extension>
      <reference>
        <reference value="StructureDefinition/UKCore-Practitioner-1-0-0"/>
      </reference>
      <exampleBoolean value="false"/>
    </resource>
    <resource>
      <extension url="http://hl7.org/fhir/tools/StructureDefinition/resource-information">
        <valueString value="StructureDefinition:resource"/>
      </extension>
      <extension url="http://hl7.org/fhir/StructureDefinition/implementationguide-page">
        <valueUri value="UKCore-Organization-1-0-0.html"/>
      </extension>
      <reference>
        <reference value="StructureDefinition/UKCore-Organization-1-0-0"/>
      </reference>
      <exampleBoolean value="false"/>
    </resource>
    <resource>
      <extension url="http://hl7.org/fhir/tools/StructureDefinition/resource-information">
        <valueString value="StructureDefinition:extension"/>
      </extension>
      <extension url="http://hl7.org/fhir/StructureDefinition/implementationguide-page">
        <valueUri value="Extension-UKCore-NHSNumberVerificationStatus-1-0-0.html"/>
      </extension>
      <reference>
        <reference value="StructureDefinition/Extension-UKCore-NHSNumberVerificationStatus-1-0-0"/>
      </reference>
      <exampleBoolean value="false"/>
    </resource>
    <resource>
      <extension url="http://hl7.org/fhir/tools/StructureDefinition/resource-information">
        <valueString value="StructureDefinition:extension"/>
      </extension>
      <extension url="http://hl7.org/fhir/StructureDefinition/implementationguide-page">
        <valueUri value="Extension-UKCore-NHSCommunication-1-0-0.html"/>
      </extension>
      <reference>
        <reference value="StructureDefinition/Extension-UKCore-NHSCommunication-1-0-0"/>
      </reference>
      <exampleBoolean value="false"/>
    </resource>
    <resource>
      <extension url="http://hl7.org/fhir/tools/StructureDefinition/resource-information">
        <valueString value="StructureDefinition:extension"/>
      </extension>
      <extension url="http://hl7.org/fhir/StructureDefinition/implementationguide-page">
        <valueUri value="Extension-UKCore-DeathNotificationStatus-1-0-0.html"/>
      </extension>
      <reference>
        <reference value="StructureDefinition/Extension-UKCore-DeathNotificationStatus-1-0-0"/>
      </reference>
      <exampleBoolean value="false"/>
    </resource>
    <resource>
      <extension url="http://hl7.org/fhir/tools/StructureDefinition/resource-information">
        <valueString value="StructureDefinition:extension"/>
      </extension>
      <extension url="http://hl7.org/fhir/StructureDefinition/implementationguide-page">
        <valueUri value="Extension-UKCore-EthnicCategory-1-0-0.html"/>
      </extension>
      <reference>
        <reference value="StructureDefinition/Extension-UKCore-EthnicCategory-1-0-0"/>
      </reference>
      <exampleBoolean value="false"/>
    </resource>
    <resource>
      <extension url="http://hl7.org/fhir/tools/StructureDefinition/resource-information">
        <valueString value="StructureDefinition:extension"/>
      </extension>
      <extension url="http://hl7.org/fhir/StructureDefinition/implementationguide-page">
        <valueUri value="Extension-UKCore-ReligiousAffiliation-1-0-0.html"/>
      </extension>
      <reference>
        <reference value="StructureDefinition/Extension-UKCore-ReligiousAffiliation-1-0-0"/>
      </reference>
      <exampleBoolean value="false"/>
    </resource>
    <resource>
      <extension url="http://hl7.org/fhir/tools/StructureDefinition/resource-information">
        <valueString value="StructureDefinition:extension"/>
      </extension>
      <extension url="http://hl7.org/fhir/StructureDefinition/implementationguide-page">
        <valueUri value="Extension-UKCore-ResidentialStatus-1-0-0.html"/>
      </extension>
      <reference>
        <reference value="StructureDefinition/Extension-UKCore-ResidentialStatus-1-0-0"/>
      </reference>
      <exampleBoolean value="false"/>
    </resource>
    <resource>
      <extension url="http://hl7.org/fhir/tools/StructureDefinition/resource-information">
        <valueString value="StructureDefinition:extension"/>
      </extension>
      <extension url="http://hl7.org/fhir/StructureDefinition/implementationguide-page">
        <valueUri value="Extension-UKCore-TreatmentCategory-1-0-0.html"/>
      </extension>
      <reference>
        <reference value="StructureDefinition/Extension-UKCore-TreatmentCategory-1-0-0"/>
      </reference>
      <exampleBoolean value="false"/>
    </resource>
    <resource>
      <extension url="http://hl7.org/fhir/tools/StructureDefinition/resource-information">
        <valueString value="StructureDefinition:extension"/>
      </extension>
      <extension url="http://hl7.org/fhir/StructureDefinition/implementationguide-page">
        <valueUri value="Extension-UKCore-NominatedPharmacy-1-0-0.html"/>
      </extension>
      <reference>
        <reference value="StructureDefinition/Extension-UKCore-NominatedPharmacy-1-0-0"/>
      </reference>
      <exampleBoolean value="false"/>
    </resource>
    <resource>
      <extension url="http://hl7.org/fhir/tools/StructureDefinition/resource-information">
        <valueString value="StructureDefinition:extension"/>
      </extension>
      <extension url="http://hl7.org/fhir/StructureDefinition/implementationguide-page">
        <valueUri value="Extension-UKCore-MainLocation-1-0-0.html"/>
      </extension>
      <reference>
        <reference value="StructureDefinition/Extension-UKCore-MainLocation-1-0-0"/>
      </reference>
      <exampleBoolean value="false"/>
    </resource>
  </definition>
</ImplementationGuide>