<?xml version="1.0" encoding="UTF-8"?>

<MedicationDispense xmlns="http://hl7.org/fhir">
  <id value="UKCore-MedicationDispense-Example"/>
  <meta>
    <profile value="https://fhir.nhs.uk/R4/StructureDefinition/UKCore-MedicationDispense"/>
  </meta>
  <text>
    <status value="generated"/><div xmlns="http://www.w3.org/1999/xhtml"><p><b>Generated Narrative with Details</b></p><p><b>id</b>: UKCore-MedicationDispense-Example</p><p><b>meta</b>: </p><p><b>identifier</b>: 5c92c1dc-06a9-4729-b8c9-222cf769f8dc</p><p><b>status</b>: in-progress</p><p><b>medication</b>: <a href="{{[type]}}-{{[id]}}.html">Generated Summary: id: UKCore-Medication-Example; <span title="Codes: {http://hl7.org/fhir/sid/ndc 2501-813-16}">Timoptic 5mg/ml solution</span>; <span title="Codes: {http://snomed.info/sct 75359005}">Opthalmic Solution (qualifier value)</span></a></p><p><b>subject</b>: <a href="{{[type]}}-{{[id]}}.html">Generated Summary: id: UKCore-Patient-Example; 9912003888; Richard SMITH (OFFICIAL); ph: 01131231234; gender: male; birthDate: 1970-09-11</a></p><h3>Performers</h3><table class="grid"><tr><td>-</td><td><b>Actor</b></td></tr><tr><td>*</td><td><a href="{{[type]}}-{{[id]}}.html">Generated Summary: id: UKCore-Practitioner-Example; G12345678; Paul Rastall ; ph: 0113 6323200(WORK); gender: male</a></td></tr></table><p><b>authorizingPrescription</b>: <a href="MedicationRequest/UKCore-MedicationRequest-Example">MedicationRequest/UKCore-MedicationRequest-Example</a></p><p><b>quantity</b>: 30 ml<span style="background: LightGoldenRodYellow"> (Details: UCUM code ml = 'ml')</span></p><p><b>daysSupply</b>: 30 Day<span style="background: LightGoldenRodYellow"> (Details: UCUM code d = 'd')</span></p><p><b>whenPrepared</b>: 15 Jan 2020, 15:00:00</p><p><b>receiver</b>: <a href="{{[type]}}-{{[id]}}.html">Generated Summary: id: UKCore-Patient-Example; 9912003888; Richard SMITH (OFFICIAL); ph: 01131231234; gender: male; birthDate: 1970-09-11</a></p><p><b>dosageInstruction</b>: </p></div>
  </text>
  <identifier>
    <system value="https://tools.ietf.org/html/rfc4122"/>
    <value value="5c92c1dc-06a9-4729-b8c9-222cf769f8dc"/>
  </identifier>
  <status value="in-progress"/>
  <medicationReference>
    <reference value="Medication/UKCore-Medication-Example"/>
  </medicationReference>
  <subject>
    <reference value="Patient/UKCore-Patient-Example"/>
  </subject>
  <performer>
    <actor>
      <reference value="Practitioner/UKCore-Practitioner-Example"/>
    </actor>
  </performer>
  <authorizingPrescription>
    <reference value="MedicationRequest/UKCore-MedicationRequest-Example"/>
  </authorizingPrescription>
  <quantity>
    <value value="30"/>
    <unit value="ml"/>
    <system value="http://unitsofmeasure.org"/>
    <code value="ml"/>
  </quantity>
  <daysSupply>
    <value value="30"/>
    <unit value="Day"/>
    <system value="http://unitsofmeasure.org"/>
    <code value="d"/>
  </daysSupply>
  <whenPrepared value="2020-01-15T15:00:00+00:00"/>
  <receiver>
    <reference value="Patient/UKCore-Patient-Example"/>
  </receiver>
  <dosageInstruction>
    <text value="1 drop in each affected eye twice daily, approximately 12 hours apart."/>
    <timing>
      <repeat>
        <frequency value="1"/>
        <period value="12"/>
        <periodUnit value="h"/>
      </repeat>
    </timing>
    <route>
      <coding>
        <system value="http://snomed.info/sct"/>
        <code value="54485002"/>
        <display value="Ophthalmic"/>
      </coding>
    </route>
  </dosageInstruction>
</MedicationDispense>