<?xml version="1.0" encoding="UTF-8"?>

<StructureDefinition xmlns="http://hl7.org/fhir">
  <id value="Extension-UKCore-ContactRank"/>
  <text>
    <status value="generated"/><div xmlns="http://www.w3.org/1999/xhtml"><table border="0" cellpadding="0" cellspacing="0" style="border: 0px #F0F0F0 solid; font-size: 11px; font-family: verdana; vertical-align: top;"><tr style="border: 1px #F0F0F0 solid; font-size: 11px; font-family: verdana; vertical-align: top;"><th style="vertical-align: top; text-align : left; background-color: white; border: 0px #F0F0F0 solid; padding:0px 4px 0px 4px" class="hierarchy"><a href="http://build.fhir.org/formats.html#table" title="The logical name of the element">Name</a></th><th style="vertical-align: top; text-align : left; background-color: white; border: 0px #F0F0F0 solid; padding:0px 4px 0px 4px" class="hierarchy"><a href="http://build.fhir.org/formats.html#table" title="Information about the use of the element">Flags</a></th><th style="vertical-align: top; text-align : left; background-color: white; border: 0px #F0F0F0 solid; padding:0px 4px 0px 4px" class="hierarchy"><a href="http://build.fhir.org/formats.html#table" title="Minimum and Maximum # of times the the element can appear in the instance">Card.</a></th><th style="width: 100px" class="hierarchy"><a href="http://build.fhir.org/formats.html#table" title="Reference to the type of the element">Type</a></th><th style="vertical-align: top; text-align : left; background-color: white; border: 0px #F0F0F0 solid; padding:0px 4px 0px 4px" class="hierarchy"><a href="http://build.fhir.org/formats.html#table" title="Additional information about the element">Description &amp; Constraints</a><span style="float: right"><a href="http://build.fhir.org/formats.html#table" title="Legend for this format"><img src="http://build.fhir.org/help16.png" alt="doco" style="background-color: inherit"/></a></span></th></tr><tr style="border: 0px #F0F0F0 solid; padding:0px; vertical-align: top; background-color: white;"><td style="vertical-align: top; text-align : left; background-color: white; border: 0px #F0F0F0 solid; padding:0px 4px 0px 4px; white-space: nowrap; background-image: url(tbl_bck1.png)" class="hierarchy"><img src="tbl_spacer.png" alt="." style="background-color: inherit" class="hierarchy"/><img src="icon_element.gif" alt="." style="background-color: white; background-color: inherit" title="Element" class="hierarchy"/> <a href="Extension-UKCore-ContactRank-definitions.html#Extension" title="Extension to record preferred order of contact for a patient's contact list">Extension</a><a name="Extension"> </a></td><td style="vertical-align: top; text-align : left; background-color: white; border: 0px #F0F0F0 solid; padding:0px 4px 0px 4px" class="hierarchy"/><td style="vertical-align: top; text-align : left; background-color: white; border: 0px #F0F0F0 solid; padding:0px 4px 0px 4px" class="hierarchy"/><td style="vertical-align: top; text-align : left; background-color: white; border: 0px #F0F0F0 solid; padding:0px 4px 0px 4px" class="hierarchy"><a href="http://build.fhir.org/extensibility.html#Extension">Extension</a></td><td style="vertical-align: top; text-align : left; background-color: white; border: 0px #F0F0F0 solid; padding:0px 4px 0px 4px" class="hierarchy">Extension Contact Rank</td></tr>
<tr style="border: 0px #F0F0F0 solid; padding:0px; vertical-align: top; background-color: #F7F7F7;"><td style="vertical-align: top; text-align : left; background-color: #F7F7F7; border: 0px #F0F0F0 solid; padding:0px 4px 0px 4px; white-space: nowrap; background-image: url(tbl_bck10.png)" class="hierarchy"><img src="tbl_spacer.png" alt="." style="background-color: inherit" class="hierarchy"/><img src="tbl_vjoin.png" alt="." style="background-color: inherit" class="hierarchy"/><img src="icon_element.gif" alt="." style="background-color: #F7F7F7; background-color: inherit" title="Element" class="hierarchy"/> <a href="Extension-UKCore-ContactRank-definitions.html#Extension.url" title="null">url</a><a name="Extension.url"> </a></td><td style="vertical-align: top; text-align : left; background-color: #F7F7F7; border: 0px #F0F0F0 solid; padding:0px 4px 0px 4px" class="hierarchy"/><td style="vertical-align: top; text-align : left; background-color: #F7F7F7; border: 0px #F0F0F0 solid; padding:0px 4px 0px 4px" class="hierarchy"/><td style="vertical-align: top; text-align : left; background-color: #F7F7F7; border: 0px #F0F0F0 solid; padding:0px 4px 0px 4px" class="hierarchy"/><td style="vertical-align: top; text-align : left; background-color: #F7F7F7; border: 0px #F0F0F0 solid; padding:0px 4px 0px 4px" class="hierarchy"><span style="color: darkgreen">&quot;https://fhir.nhs.uk/R4/StructureDefinition/Extension-UKCore-ContactRank&quot;</span></td></tr>
<tr style="border: 0px #F0F0F0 solid; padding:0px; vertical-align: top; background-color: white;"><td style="vertical-align: top; text-align : left; background-color: white; border: 0px #F0F0F0 solid; padding:0px 4px 0px 4px; white-space: nowrap; background-image: url(tbl_bck00.png)" class="hierarchy"><img src="tbl_spacer.png" alt="." style="background-color: inherit" class="hierarchy"/><img src="tbl_vjoin_end.png" alt="." style="background-color: inherit" class="hierarchy"/><img src="icon_primitive.png" alt="." style="background-color: white; background-color: inherit" title="Primitive Data Type" class="hierarchy"/> <a href="Extension-UKCore-ContactRank-definitions.html#Extension.value[x]" title="positiveInt representing order to contact a patient's contact list">value[x]</a><a name="Extension.value_x_"> </a></td><td style="vertical-align: top; text-align : left; background-color: white; border: 0px #F0F0F0 solid; padding:0px 4px 0px 4px" class="hierarchy"/><td style="vertical-align: top; text-align : left; background-color: white; border: 0px #F0F0F0 solid; padding:0px 4px 0px 4px" class="hierarchy">1..</td><td style="vertical-align: top; text-align : left; background-color: white; border: 0px #F0F0F0 solid; padding:0px 4px 0px 4px" class="hierarchy"><a href="http://build.fhir.org/datatypes.html#positiveInt">positiveInt</a></td><td style="vertical-align: top; text-align : left; background-color: white; border: 0px #F0F0F0 solid; padding:0px 4px 0px 4px" class="hierarchy">Contact Rank</td></tr>
<tr><td colspan="5" class="hierarchy"><br/><a href="http://build.fhir.org/formats.html#table" title="Legend for this format"><img src="http://build.fhir.org/help16.png" alt="doco" style="background-color: inherit"/> Documentation for this format</a></td></tr></table></div>
  </text>
  <url value="https://fhir.nhs.uk/R4/StructureDefinition/Extension-UKCore-ContactRank"/>
  <version value="1.0.0"/>
  <name value="ExtensionUKCoreContactRank"/>
  <title value="Extension UK Core ContactRank"/>
  <status value="draft"/>
  <experimental value="false"/>
  <date value="2019-12-17T11:37:54+00:00"/>
  <publisher value="NHS Digital"/>
  <contact>
    <name value="Interoperability Team"/>
    <telecom>
      <system value="email"/>
      <value value="interoperabilityteam@nhs.net"/>
      <use value="work"/>
    </telecom>
  </contact>
  <description value="Extension UK Core ContactRank"/>
  <copyright value="Copyright &#xA9; 2019 NHS Digital"/>
  <fhirVersion value="4.0.1"/>
  <mapping>
    <identity value="rim"/>
    <uri value="http://hl7.org/v3"/>
    <name value="RIM Mapping"/>
  </mapping>
  <kind value="complex-type"/>
  <abstract value="false"/>
  <context>
    <type value="element"/>
    <expression value="Patient.contact"/>
  </context>
  <context>
    <type value="element"/>
    <expression value="RelatedPerson"/>
  </context>
  <type value="Extension"/>
  <baseDefinition value="http://hl7.org/fhir/StructureDefinition/Extension"/>
  <derivation value="constraint"/>
  <snapshot>
    <element id="Extension">
      <path value="Extension"/>
      <short value="Extension Contact Rank"/>
      <definition value="Extension to record preferred order of contact for a patient&#39;s contact list"/>
      <min value="0"/>
      <max value="*"/>
      <base>
        <path value="Extension"/>
        <min value="0"/>
        <max value="*"/>
      </base>
      <condition value="ele-1"/>
      <constraint>
        <key value="ele-1"/>
        <severity value="error"/>
        <human value="All FHIR elements must have a @value or children"/>
        <expression value="hasValue() or (children().count() &gt; id.count())"/>
        <xpath value="@value|f:*|h:div"/>
        <source value="Element"/>
      </constraint>
      <constraint>
        <key value="ext-1"/>
        <severity value="error"/>
        <human value="Must have either extensions or value[x], not both"/>
        <expression value="extension.exists() != value.exists()"/>
        <xpath value="exists(f:extension)!=exists(f:*[starts-with(local-name(.), &#39;value&#39;)])"/>
        <source value="Extension"/>
      </constraint>
      <mapping>
        <identity value="rim"/>
        <map value="n/a"/>
      </mapping>
      <mapping>
        <identity value="rim"/>
        <map value="N/A"/>
      </mapping>
    </element>
    <element id="Extension.id">
      <path value="Extension.id"/>
      <representation value="xmlAttr"/>
      <short value="Unique id for inter-element referencing"/>
      <definition value="Unique id for the element within a resource (for internal references). This may be any string value that does not contain spaces."/>
      <min value="0"/>
      <max value="1"/>
      <base>
        <path value="Element.id"/>
        <min value="0"/>
        <max value="1"/>
      </base>
      <type>
        <code>
          <extension url="http://hl7.org/fhir/StructureDefinition/structuredefinition-json-type">
            <valueString value="string"/>
          </extension>
          <extension url="http://hl7.org/fhir/StructureDefinition/structuredefinition-xml-type">
            <valueString value="xsd:string"/>
          </extension>
          <extension url="http://hl7.org/fhir/StructureDefinition/structuredefinition-rdf-type">
            <valueString value="xsd:string"/>
          </extension>
        </code>
      </type>
      <mapping>
        <identity value="rim"/>
        <map value="n/a"/>
      </mapping>
    </element>
    <element id="Extension.extension">
      <path value="Extension.extension"/>
      <slicing>
        <discriminator>
          <type value="value"/>
          <path value="url"/>
        </discriminator>
        <description value="Extensions are always sliced by (at least) url"/>
        <rules value="open"/>
      </slicing>
      <short value="Additional content defined by implementations"/>
      <definition value="May be used to represent additional information that is not part of the basic definition of the element. To make the use of extensions safe and manageable, there is a strict set of governance  applied to the definition and use of extensions. Though any implementer can define an extension, there is a set of requirements that SHALL be met as part of the definition of the extension."/>
      <comment value="There can be no stigma associated with the use of extensions by any application, project, or standard - regardless of the institution or jurisdiction that uses or defines the extensions.  The use of extensions is what allows the FHIR specification to retain a core level of simplicity for everyone."/>
      <alias value="extensions"/>
      <alias value="user content"/>
      <min value="0"/>
      <max value="*"/>
      <base>
        <path value="Element.extension"/>
        <min value="0"/>
        <max value="*"/>
      </base>
      <type>
        <code value="Extension"/>
      </type>
      <condition value="ele-1"/>
      <constraint>
        <key value="ele-1"/>
        <severity value="error"/>
        <human value="All FHIR elements must have a @value or children"/>
        <expression value="hasValue() or (children().count() &gt; id.count())"/>
        <xpath value="@value|f:*|h:div"/>
        <source value="Element"/>
      </constraint>
      <constraint>
        <key value="ext-1"/>
        <severity value="error"/>
        <human value="Must have either extensions or value[x], not both"/>
        <expression value="extension.exists() != value.exists()"/>
        <xpath value="exists(f:extension)!=exists(f:*[starts-with(local-name(.), &#39;value&#39;)])"/>
        <source value="Extension"/>
      </constraint>
      <mapping>
        <identity value="rim"/>
        <map value="n/a"/>
      </mapping>
      <mapping>
        <identity value="rim"/>
        <map value="N/A"/>
      </mapping>
    </element>
    <element id="Extension.url">
      <path value="Extension.url"/>
      <representation value="xmlAttr"/>
      <short value="identifies the meaning of the extension"/>
      <definition value="Source of the definition for the extension code - a logical name or a URL."/>
      <comment value="The definition may point directly to a computable or human-readable definition of the extensibility codes, or it may be a logical URI as declared in some other specification. The definition SHALL be a URI for the Structure Definition defining the extension."/>
      <min value="1"/>
      <max value="1"/>
      <base>
        <path value="Extension.url"/>
        <min value="1"/>
        <max value="1"/>
      </base>
      <type>
        <code>
          <extension url="http://hl7.org/fhir/StructureDefinition/structuredefinition-json-type">
            <valueString value="string"/>
          </extension>
          <extension url="http://hl7.org/fhir/StructureDefinition/structuredefinition-xml-type">
            <valueString value="xsd:string"/>
          </extension>
          <extension url="http://hl7.org/fhir/StructureDefinition/structuredefinition-rdf-type">
            <valueString value="xsd:string"/>
          </extension>
          <extension url="http://hl7.org/fhir/StructureDefinition/regex">
            <valueString value="((http|https)://([A-Za-z0-9\\\.\:\%\$]*\/)*)?(Account|ActivityDefinition|AdverseEvent|AllergyIntolerance|Appointment|AppointmentResponse|AuditEvent|Basic|Binary|BiologicallyDerivedProduct|BodyStructure|Bundle|CapabilityStatement|CarePlan|CareTeam|CatalogEntry|ChargeItem|ChargeItemDefinition|Claim|ClaimResponse|ClinicalImpression|CodeSystem|Communication|CommunicationRequest|CompartmentDefinition|Composition|ConceptMap|Condition|Consent|Contract|Coverage|CoverageEligibilityRequest|CoverageEligibilityResponse|DetectedIssue|Device|DeviceDefinition|DeviceMetric|DeviceRequest|DeviceUseStatement|DiagnosticReport|DocumentManifest|DocumentReference|EffectEvidenceSynthesis|Encounter|Endpoint|EnrollmentRequest|EnrollmentResponse|EpisodeOfCare|EventDefinition|Evidence|EvidenceVariable|ExampleScenario|ExplanationOfBenefit|FamilyMemberHistory|Flag|Goal|GraphDefinition|Group|GuidanceResponse|HealthcareService|ImagingStudy|Immunization|ImmunizationEvaluation|ImmunizationRecommendation|ImplementationGuide|InsurancePlan|Invoice|Library|Linkage|List|Location|Measure|MeasureReport|Media|Medication|MedicationAdministration|MedicationDispense|MedicationKnowledge|MedicationRequest|MedicationStatement|MedicinalProduct|MedicinalProductAuthorization|MedicinalProductContraindication|MedicinalProductIndication|MedicinalProductIngredient|MedicinalProductInteraction|MedicinalProductManufactured|MedicinalProductPackaged|MedicinalProductPharmaceutical|MedicinalProductUndesirableEffect|MessageDefinition|MessageHeader|MolecularSequence|NamingSystem|NutritionOrder|Observation|ObservationDefinition|OperationDefinition|OperationOutcome|Organization|OrganizationAffiliation|Patient|PaymentNotice|PaymentReconciliation|Person|PlanDefinition|Practitioner|PractitionerRole|Procedure|Provenance|Questionnaire|QuestionnaireResponse|RelatedPerson|RequestGroup|ResearchDefinition|ResearchElementDefinition|ResearchStudy|ResearchSubject|RiskAssessment|RiskEvidenceSynthesis|Schedule|SearchParameter|ServiceRequest|Slot|Specimen|SpecimenDefinition|StructureDefinition|StructureMap|Subscription|Substance|SubstanceNucleicAcid|SubstancePolymer|SubstanceProtein|SubstanceReferenceInformation|SubstanceSourceMaterial|SubstanceSpecification|SupplyDelivery|SupplyRequest|Task|TerminologyCapabilities|TestReport|TestScript|ValueSet|VerificationResult|VisionPrescription)\/[A-Za-z0-9\-\.]{1,64}(\/_history\/[A-Za-z0-9\-\.]{1,64})?"/>
          </extension>
        </code>
      </type>
      <fixedUri value="https://fhir.nhs.uk/R4/StructureDefinition/Extension-UKCore-ContactRank"/>
      <mapping>
        <identity value="rim"/>
        <map value="N/A"/>
      </mapping>
    </element>
    <element id="Extension.value[x]">
      <path value="Extension.value[x]"/>
      <short value="Contact Rank"/>
      <definition value="positiveInt representing order to contact a patient&#39;s contact list"/>
      <comment value="A stream of bytes, base64 encoded"/>
      <min value="1"/>
      <max value="1"/>
      <base>
        <path value="Extension.value[x]"/>
        <min value="0"/>
        <max value="1"/>
      </base>
      <type>
        <code value="positiveInt"/>
      </type>
      <condition value="ele-1"/>
      <constraint>
        <key value="ele-1"/>
        <severity value="error"/>
        <human value="All FHIR elements must have a @value or children"/>
        <expression value="hasValue() or (children().count() &gt; id.count())"/>
        <xpath value="@value|f:*|h:div"/>
        <source value="Element"/>
      </constraint>
      <mapping>
        <identity value="rim"/>
        <map value="n/a"/>
      </mapping>
      <mapping>
        <identity value="rim"/>
        <map value="N/A"/>
      </mapping>
    </element>
  </snapshot>
  <differential>
    <element id="Extension">
      <path value="Extension"/>
      <short value="Extension Contact Rank"/>
      <definition value="Extension to record preferred order of contact for a patient&#39;s contact list"/>
    </element>
    <element id="Extension.url">
      <path value="Extension.url"/>
      <fixedUri value="https://fhir.nhs.uk/R4/StructureDefinition/Extension-UKCore-ContactRank"/>
    </element>
    <element id="Extension.value[x]">
      <path value="Extension.value[x]"/>
      <short value="Contact Rank"/>
      <definition value="positiveInt representing order to contact a patient&#39;s contact list"/>
      <min value="1"/>
      <type>
        <code value="positiveInt"/>
      </type>
    </element>
  </differential>
</StructureDefinition>