<?xml version="1.0" encoding="UTF-8"?>

<ValueSet xmlns="http://hl7.org/fhir">
  <id value="UKCore-TreatmentCategory"/>
  <text>
    <status value="generated"/><div xmlns="http://www.w3.org/1999/xhtml"><h2>UK Core Treatment Category</h2><div><p>A ValueSet that identifies the treatment category for a patient.</p>
</div><p><b>Copyright Statement:</b> Copyright © 2019 NHS Digital</p><p>This value set includes codes from the following code systems:</p><ul><li>Include all codes defined in <a href="CodeSystem-UKCore-TreatmentCategory.html"><code>https://fhir.nhs.uk/R4/CodeSystem/UKCore-TreatmentCategory</code></a></li></ul></div>
  </text>
  <url value="https://fhir.nhs.uk/R4/ValueSet/UKCore-TreatmentCategory"/>
  <version value="1.0.0"/>
  <name value="UKCoreTreatmentCategory"/>
  <title value="UK Core Treatment Category"/>
  <status value="draft"/>
  <date value="2019-10-25T01:00:00+01:00"/>
  <publisher value="NHS Digital"/>
  <contact>
    <name value="Interoperability Team"/>
    <telecom>
      <system value="email"/>
      <value value="interoperabilityteam@nhs.net"/>
      <use value="work"/>
    </telecom>
  </contact>
  <description value="A ValueSet that identifies the treatment category for a patient."/>
  <copyright value="Copyright &#xA9; 2019 NHS Digital"/>
  <compose>
    <include>
      <system value="https://fhir.nhs.uk/R4/CodeSystem/UKCore-TreatmentCategory"/>
    </include>
  </compose>
</ValueSet>