<?xml version="1.0" encoding="UTF-8"?>

<ValueSet xmlns="http://hl7.org/fhir">
  <id value="UKCore-MedicationDosageRoute"/>
  <text>
    <status value="generated"/><div xmlns="http://www.w3.org/1999/xhtml"><h2>UK Core Medication Dosage Route</h2><div><p>A code from the SNOMED Clinical Terminology UK coding system that describes the e-Prescribing route of administration. Any code from the SNOMED CT UK 'NHS e-Prescribing route of administration subset' with subset original id 30201000001137; the corresponding SNOMED CT UK Refset FSN is 'ePrescribing route of administration simple reference set (foundation metadata concept)' with Refset Id 999000051000001100.</p>
</div><p><b>Copyright Statement:</b> This value set includes content from SNOMED CT, which is copyright © 2002+ International Health Terminology Standards Development Organisation (IHTSDO), and distributed by agreement between IHTSDO and HL7. Implementer use of SNOMED CT is not covered by this agreement.</p><p>This value set includes codes from the following code systems:</p><ul><li>Include codes from <a href="http://www.snomed.org/"><code>http://snomed.info/sct</code></a> where concept  in  ^999000051000001100</li></ul></div>
  </text>
  <url value="https://fhir.nhs.uk/R4/ValueSet/UKCore-MedicationDosageRoute"/>
  <version value="4.0.0"/>
  <name value="UKCoreMedicationDosageRoute"/>
  <title value="UK Core Medication Dosage Route"/>
  <status value="draft"/>
  <date value="2020-01-16T00:00:00+00:00"/>
  <publisher value="Project Wildfyre"/>
  <contact>
    <name value="Project Wildfyre"/>
    <telecom>
      <system value="email"/>
      <value value="mailto:dunno@dummy.net"/>
      <use value="work"/>
    </telecom>
  </contact>
  <description value="A code from the SNOMED Clinical Terminology UK coding system that describes the e-Prescribing route of administration. Any code from the SNOMED CT UK &#39;NHS e-Prescribing route of administration subset&#39; with subset original id 30201000001137; the corresponding SNOMED CT UK Refset FSN is &#39;ePrescribing route of administration simple reference set (foundation metadata concept)&#39; with Refset Id 999000051000001100."/>
  <jurisdiction>
    <coding>
      <system value="urn:iso:std:iso:3166"/>
      <code value="GB"/>
    </coding>
  </jurisdiction>
  <copyright value="This value set includes content from SNOMED CT, which is copyright &#xA9; 2002+ International Health Terminology Standards Development Organisation (IHTSDO), and distributed by agreement between IHTSDO and HL7. Implementer use of SNOMED CT is not covered by this agreement."/>
  <compose>
    <include>
      <system value="http://snomed.info/sct"/>
      <filter>
        <property value="concept"/>
        <op value="in"/>
        <value value="^999000051000001100"/>
      </filter>
    </include>
  </compose>
</ValueSet>