<?xml version="1.0" encoding="UTF-8"?>

<ValueSet xmlns="http://hl7.org/fhir">
  <id value="UKCore-PrescriptionType"/>
  <text>
    <status value="generated"/><div xmlns="http://www.w3.org/1999/xhtml"><h2>UK Core Prescription Type</h2><div><p>A ValueSet to identify the type of prescription.</p>
</div><p><b>Copyright Statement:</b> Copyright © 2020 NHS Digital</p><p>This value set includes codes from the following code systems:</p><ul><li>Include all codes defined in <a href="CodeSystem-UKCore-PrescriptionType.html"><code>https://fhir.nhs.uk/R4/CodeSystem/UKCore-PrescriptionType</code></a></li></ul></div>
  </text>
  <url value="https://fhir.nhs.uk/R4/ValueSet/UKCore-PrescriptionType"/>
  <version value="4.0.0"/>
  <name value="UKCorePrescriptionType"/>
  <title value="UK Core Prescription Type"/>
  <status value="draft"/>
  <date value="2020-01-20T00:00:00+00:00"/>
  <publisher value="Project Wildfyre"/>
  <contact>
    <name value="Project Wildfyre"/>
    <telecom>
      <system value="email"/>
      <value value="mailto:dunno@dummy.net"/>
      <use value="work"/>
    </telecom>
  </contact>
  <description value="A ValueSet to identify the type of prescription."/>
  <jurisdiction>
    <coding>
      <system value="urn:iso:std:iso:3166"/>
      <code value="GB"/>
    </coding>
  </jurisdiction>
  <copyright value="Copyright &#xA9; 2020 NHS Digital"/>
  <compose>
    <include>
      <system value="https://fhir.nhs.uk/R4/CodeSystem/UKCore-PrescriptionType"/>
    </include>
  </compose>
</ValueSet>