<?xml version="1.0" encoding="UTF-8"?>

<ValueSet xmlns="http://hl7.org/fhir">
  <id value="UKCore-ConditionCategory"/>
  <text>
    <status value="generated"/><div xmlns="http://www.w3.org/1999/xhtml"><h2>UK Core Condition Category</h2><div><p>A ValueSet to identify the category of a condition.</p>
</div><p><b>Copyright Statement:</b> Copyright © 2019 NHS Digital</p><p>This value set includes codes from the following code systems:</p><ul><li>Include all codes defined in <a href="CodeSystem-UKCore-ConditionCategory.html"><code>https://fhir.nhs.uk/R4/CodeSystem/UKCore-ConditionCategory</code></a></li></ul></div>
  </text>
  <url value="https://fhir.nhs.uk/R4/ValueSet/UKCore-ConditionCategory"/>
  <version value="1.0.0"/>
  <name value="UKCoreConditionCategory"/>
  <title value="UK Core Condition Category"/>
  <status value="draft"/>
  <date value="2019-11-11T00:00:00+00:00"/>
  <publisher value="NHS Digital"/>
  <contact>
    <name value="Interoperability Team"/>
    <telecom>
      <system value="email"/>
      <value value="interoperabilityteam@nhs.net"/>
      <use value="work"/>
    </telecom>
  </contact>
  <description value="A ValueSet to identify the category of a condition."/>
  <copyright value="Copyright &#xA9; 2019 NHS Digital"/>
  <compose>
    <include>
      <system value="https://fhir.nhs.uk/R4/CodeSystem/UKCore-ConditionCategory"/>
    </include>
  </compose>
</ValueSet>