{"resourceType":"CodeSystem","id":"UKCore-HumanLanguage","text":{"status":"generated","div":"<div xmlns=\"http://www.w3.org/1999/xhtml\"><h2>UK Core Human Language</h2><div><p>A CodeSystem that identifies the language used by a person.</p>\n</div><p><b>Copyright Statement:</b> Copyright © 2019 NHS Digital</p><p>This code system https://fhir.nhs.uk/R4/CodeSystem/UKCore-HumanLanguage defines the following codes:</p><table class=\"codes\"><tr><td style=\"white-space:nowrap\"><b>Code</b></td><td><b>Display</b></td><td><b>Definition</b></td></tr><tr><td style=\"white-space:nowrap\">q1<a name=\"UKCore-HumanLanguage-q1\"> </a></td><td>Braille</td><td/></tr><tr><td style=\"white-space:nowrap\">q2<a name=\"UKCore-HumanLanguage-q2\"> </a></td><td>American Sign Language</td><td/></tr><tr><td style=\"white-space:nowrap\">q3<a name=\"UKCore-HumanLanguage-q3\"> </a></td><td>Australian Sign Language</td><td/></tr><tr><td style=\"white-space:nowrap\">q4<a name=\"UKCore-HumanLanguage-q4\"> </a></td><td>British Sign Language</td><td/></tr><tr><td style=\"white-space:nowrap\">q5<a name=\"UKCore-HumanLanguage-q5\"> </a></td><td>Makaton</td><td/></tr><tr><td style=\"white-space:nowrap\">aa<a name=\"UKCore-HumanLanguage-aa\"> </a></td><td>Afar</td><td/></tr><tr><td style=\"white-space:nowrap\">ab<a name=\"UKCore-HumanLanguage-ab\"> </a></td><td>Abkhazian</td><td/></tr><tr><td style=\"white-space:nowrap\">af<a name=\"UKCore-HumanLanguage-af\"> </a></td><td>Afrikaans</td><td/></tr><tr><td style=\"white-space:nowrap\">ak<a name=\"UKCore-HumanLanguage-ak\"> </a></td><td>Akan</td><td/></tr><tr><td style=\"white-space:nowrap\">sq<a name=\"UKCore-HumanLanguage-sq\"> </a></td><td>Albanian</td><td/></tr><tr><td style=\"white-space:nowrap\">am<a name=\"UKCore-HumanLanguage-am\"> </a></td><td>Amharic</td><td/></tr><tr><td style=\"white-space:nowrap\">ar<a name=\"UKCore-HumanLanguage-ar\"> </a></td><td>Arabic</td><td/></tr><tr><td style=\"white-space:nowrap\">an<a name=\"UKCore-HumanLanguage-an\"> </a></td><td>Aragonese</td><td/></tr><tr><td style=\"white-space:nowrap\">hy<a name=\"UKCore-HumanLanguage-hy\"> </a></td><td>Armenian</td><td/></tr><tr><td style=\"white-space:nowrap\">as<a name=\"UKCore-HumanLanguage-as\"> </a></td><td>Assamese</td><td/></tr><tr><td style=\"white-space:nowrap\">av<a name=\"UKCore-HumanLanguage-av\"> </a></td><td>Avaric</td><td/></tr><tr><td style=\"white-space:nowrap\">ae<a name=\"UKCore-HumanLanguage-ae\"> </a></td><td>Avestan</td><td/></tr><tr><td style=\"white-space:nowrap\">ay<a name=\"UKCore-HumanLanguage-ay\"> </a></td><td>Aymara</td><td/></tr><tr><td style=\"white-space:nowrap\">az<a name=\"UKCore-HumanLanguage-az\"> </a></td><td>Azerbaijani</td><td/></tr><tr><td style=\"white-space:nowrap\">ba<a name=\"UKCore-HumanLanguage-ba\"> </a></td><td>Bashkir</td><td/></tr><tr><td style=\"white-space:nowrap\">bm<a name=\"UKCore-HumanLanguage-bm\"> </a></td><td>Bambara</td><td/></tr><tr><td style=\"white-space:nowrap\">eu<a name=\"UKCore-HumanLanguage-eu\"> </a></td><td>Basque</td><td/></tr><tr><td style=\"white-space:nowrap\">be<a name=\"UKCore-HumanLanguage-be\"> </a></td><td>Belarusian</td><td/></tr><tr><td style=\"white-space:nowrap\">bn<a name=\"UKCore-HumanLanguage-bn\"> </a></td><td>Bengali</td><td/></tr><tr><td style=\"white-space:nowrap\">bh<a name=\"UKCore-HumanLanguage-bh\"> </a></td><td>Bihari</td><td/></tr><tr><td style=\"white-space:nowrap\">bi<a name=\"UKCore-HumanLanguage-bi\"> </a></td><td>Bislama</td><td/></tr><tr><td style=\"white-space:nowrap\">bo<a name=\"UKCore-HumanLanguage-bo\"> </a></td><td>Tibetan</td><td/></tr><tr><td style=\"white-space:nowrap\">bs<a name=\"UKCore-HumanLanguage-bs\"> </a></td><td>Bosnian</td><td/></tr><tr><td style=\"white-space:nowrap\">br<a name=\"UKCore-HumanLanguage-br\"> </a></td><td>Breton</td><td/></tr><tr><td style=\"white-space:nowrap\">bg<a name=\"UKCore-HumanLanguage-bg\"> </a></td><td>Bulgarian</td><td/></tr><tr><td style=\"white-space:nowrap\">my<a name=\"UKCore-HumanLanguage-my\"> </a></td><td>Burmese</td><td/></tr><tr><td style=\"white-space:nowrap\">ca<a name=\"UKCore-HumanLanguage-ca\"> </a></td><td>Catalan; Valencian</td><td/></tr><tr><td style=\"white-space:nowrap\">cs<a name=\"UKCore-HumanLanguage-cs\"> </a></td><td>Czech</td><td/></tr><tr><td style=\"white-space:nowrap\">ch<a name=\"UKCore-HumanLanguage-ch\"> </a></td><td>Chamorro</td><td/></tr><tr><td style=\"white-space:nowrap\">ce<a name=\"UKCore-HumanLanguage-ce\"> </a></td><td>Chechen</td><td/></tr><tr><td style=\"white-space:nowrap\">zh<a name=\"UKCore-HumanLanguage-zh\"> </a></td><td>Chinese</td><td/></tr><tr><td style=\"white-space:nowrap\">cu<a name=\"UKCore-HumanLanguage-cu\"> </a></td><td>Church Slavic; Old Slavonic; Church Slavonic; Old Bulgarian; Old Church Slavonic</td><td/></tr><tr><td style=\"white-space:nowrap\">cv<a name=\"UKCore-HumanLanguage-cv\"> </a></td><td>Chuvash</td><td/></tr><tr><td style=\"white-space:nowrap\">kw<a name=\"UKCore-HumanLanguage-kw\"> </a></td><td>Cornish</td><td/></tr><tr><td style=\"white-space:nowrap\">co<a name=\"UKCore-HumanLanguage-co\"> </a></td><td>Corsican</td><td/></tr><tr><td style=\"white-space:nowrap\">cr<a name=\"UKCore-HumanLanguage-cr\"> </a></td><td>Cree</td><td/></tr><tr><td style=\"white-space:nowrap\">cy<a name=\"UKCore-HumanLanguage-cy\"> </a></td><td>Welsh</td><td/></tr><tr><td style=\"white-space:nowrap\">da<a name=\"UKCore-HumanLanguage-da\"> </a></td><td>Danish</td><td/></tr><tr><td style=\"white-space:nowrap\">de<a name=\"UKCore-HumanLanguage-de\"> </a></td><td>German</td><td/></tr><tr><td style=\"white-space:nowrap\">dv<a name=\"UKCore-HumanLanguage-dv\"> </a></td><td>Divehi; Dhivehi; Maldivian</td><td/></tr><tr><td style=\"white-space:nowrap\">nl<a name=\"UKCore-HumanLanguage-nl\"> </a></td><td>Dutch; Flemish</td><td/></tr><tr><td style=\"white-space:nowrap\">dz<a name=\"UKCore-HumanLanguage-dz\"> </a></td><td>Dzongkha</td><td/></tr><tr><td style=\"white-space:nowrap\">el<a name=\"UKCore-HumanLanguage-el\"> </a></td><td>Greek, Modern (1453-)</td><td/></tr><tr><td style=\"white-space:nowrap\">en<a name=\"UKCore-HumanLanguage-en\"> </a></td><td>English</td><td/></tr><tr><td style=\"white-space:nowrap\">eo<a name=\"UKCore-HumanLanguage-eo\"> </a></td><td>Esperanto</td><td/></tr><tr><td style=\"white-space:nowrap\">et<a name=\"UKCore-HumanLanguage-et\"> </a></td><td>Estonian</td><td/></tr><tr><td style=\"white-space:nowrap\">ee<a name=\"UKCore-HumanLanguage-ee\"> </a></td><td>Ewe</td><td/></tr><tr><td style=\"white-space:nowrap\">fo<a name=\"UKCore-HumanLanguage-fo\"> </a></td><td>Faroese</td><td/></tr><tr><td style=\"white-space:nowrap\">fa<a name=\"UKCore-HumanLanguage-fa\"> </a></td><td>Persian</td><td/></tr><tr><td style=\"white-space:nowrap\">fj<a name=\"UKCore-HumanLanguage-fj\"> </a></td><td>Fijian</td><td/></tr><tr><td style=\"white-space:nowrap\">fi<a name=\"UKCore-HumanLanguage-fi\"> </a></td><td>Finnish</td><td/></tr><tr><td style=\"white-space:nowrap\">fr<a name=\"UKCore-HumanLanguage-fr\"> </a></td><td>French</td><td/></tr><tr><td style=\"white-space:nowrap\">fy<a name=\"UKCore-HumanLanguage-fy\"> </a></td><td>Western Frisian</td><td/></tr><tr><td style=\"white-space:nowrap\">ff<a name=\"UKCore-HumanLanguage-ff\"> </a></td><td>Fulah</td><td/></tr><tr><td style=\"white-space:nowrap\">ka<a name=\"UKCore-HumanLanguage-ka\"> </a></td><td>Georgian</td><td/></tr><tr><td style=\"white-space:nowrap\">gd<a name=\"UKCore-HumanLanguage-gd\"> </a></td><td>Gaelic; Scottish Gaelic</td><td/></tr><tr><td style=\"white-space:nowrap\">ga<a name=\"UKCore-HumanLanguage-ga\"> </a></td><td>Irish</td><td/></tr><tr><td style=\"white-space:nowrap\">gl<a name=\"UKCore-HumanLanguage-gl\"> </a></td><td>Galician</td><td/></tr><tr><td style=\"white-space:nowrap\">gv<a name=\"UKCore-HumanLanguage-gv\"> </a></td><td>Manx</td><td/></tr><tr><td style=\"white-space:nowrap\">gn<a name=\"UKCore-HumanLanguage-gn\"> </a></td><td>Guarani</td><td/></tr><tr><td style=\"white-space:nowrap\">gu<a name=\"UKCore-HumanLanguage-gu\"> </a></td><td>Gujarati</td><td/></tr><tr><td style=\"white-space:nowrap\">ht<a name=\"UKCore-HumanLanguage-ht\"> </a></td><td>Haitian; Haitian Creole</td><td/></tr><tr><td style=\"white-space:nowrap\">ha<a name=\"UKCore-HumanLanguage-ha\"> </a></td><td>Hausa</td><td/></tr><tr><td style=\"white-space:nowrap\">he<a name=\"UKCore-HumanLanguage-he\"> </a></td><td>Hebrew</td><td/></tr><tr><td style=\"white-space:nowrap\">hz<a name=\"UKCore-HumanLanguage-hz\"> </a></td><td>Herero</td><td/></tr><tr><td style=\"white-space:nowrap\">hi<a name=\"UKCore-HumanLanguage-hi\"> </a></td><td>Hindi</td><td/></tr><tr><td style=\"white-space:nowrap\">ho<a name=\"UKCore-HumanLanguage-ho\"> </a></td><td>Hiri Motu</td><td/></tr><tr><td style=\"white-space:nowrap\">hr<a name=\"UKCore-HumanLanguage-hr\"> </a></td><td>Croatian</td><td/></tr><tr><td style=\"white-space:nowrap\">hu<a name=\"UKCore-HumanLanguage-hu\"> </a></td><td>Hungarian</td><td/></tr><tr><td style=\"white-space:nowrap\">ig<a name=\"UKCore-HumanLanguage-ig\"> </a></td><td>Igbo</td><td/></tr><tr><td style=\"white-space:nowrap\">is<a name=\"UKCore-HumanLanguage-is\"> </a></td><td>Icelandic</td><td/></tr><tr><td style=\"white-space:nowrap\">io<a name=\"UKCore-HumanLanguage-io\"> </a></td><td>Ido</td><td/></tr><tr><td style=\"white-space:nowrap\">ii<a name=\"UKCore-HumanLanguage-ii\"> </a></td><td>Sichuan Yi</td><td/></tr><tr><td style=\"white-space:nowrap\">iu<a name=\"UKCore-HumanLanguage-iu\"> </a></td><td>Inuktitut</td><td/></tr><tr><td style=\"white-space:nowrap\">ie<a name=\"UKCore-HumanLanguage-ie\"> </a></td><td>Interlingue</td><td/></tr><tr><td style=\"white-space:nowrap\">ia<a name=\"UKCore-HumanLanguage-ia\"> </a></td><td>Interlingua (International Auxiliary Language Association)</td><td/></tr><tr><td style=\"white-space:nowrap\">id<a name=\"UKCore-HumanLanguage-id\"> </a></td><td>Indonesian</td><td/></tr><tr><td style=\"white-space:nowrap\">ik<a name=\"UKCore-HumanLanguage-ik\"> </a></td><td>Inupiaq</td><td/></tr><tr><td style=\"white-space:nowrap\">it<a name=\"UKCore-HumanLanguage-it\"> </a></td><td>Italian</td><td/></tr><tr><td style=\"white-space:nowrap\">jv<a name=\"UKCore-HumanLanguage-jv\"> </a></td><td>Javanese</td><td/></tr><tr><td style=\"white-space:nowrap\">ja<a name=\"UKCore-HumanLanguage-ja\"> </a></td><td>Japanese</td><td/></tr><tr><td style=\"white-space:nowrap\">kl<a name=\"UKCore-HumanLanguage-kl\"> </a></td><td>Kalaallisut; Greenlandic</td><td/></tr><tr><td style=\"white-space:nowrap\">kn<a name=\"UKCore-HumanLanguage-kn\"> </a></td><td>Kannada</td><td/></tr><tr><td style=\"white-space:nowrap\">ks<a name=\"UKCore-HumanLanguage-ks\"> </a></td><td>Kashmiri</td><td/></tr><tr><td style=\"white-space:nowrap\">kr<a name=\"UKCore-HumanLanguage-kr\"> </a></td><td>Kanuri</td><td/></tr><tr><td style=\"white-space:nowrap\">kk<a name=\"UKCore-HumanLanguage-kk\"> </a></td><td>Kazakh</td><td/></tr><tr><td style=\"white-space:nowrap\">km<a name=\"UKCore-HumanLanguage-km\"> </a></td><td>Central Khmer</td><td/></tr><tr><td style=\"white-space:nowrap\">ki<a name=\"UKCore-HumanLanguage-ki\"> </a></td><td>Kikuyu; Gikuyu</td><td/></tr><tr><td style=\"white-space:nowrap\">rw<a name=\"UKCore-HumanLanguage-rw\"> </a></td><td>Kinyarwanda</td><td/></tr><tr><td style=\"white-space:nowrap\">ky<a name=\"UKCore-HumanLanguage-ky\"> </a></td><td>Kirghiz; Kyrgyz</td><td/></tr><tr><td style=\"white-space:nowrap\">kv<a name=\"UKCore-HumanLanguage-kv\"> </a></td><td>Komi</td><td/></tr><tr><td style=\"white-space:nowrap\">kg<a name=\"UKCore-HumanLanguage-kg\"> </a></td><td>Kongo</td><td/></tr><tr><td style=\"white-space:nowrap\">ko<a name=\"UKCore-HumanLanguage-ko\"> </a></td><td>Korean</td><td/></tr><tr><td style=\"white-space:nowrap\">kj<a name=\"UKCore-HumanLanguage-kj\"> </a></td><td>Kuanyama; Kwanyama</td><td/></tr><tr><td style=\"white-space:nowrap\">ku<a name=\"UKCore-HumanLanguage-ku\"> </a></td><td>Kurdish</td><td/></tr><tr><td style=\"white-space:nowrap\">lo<a name=\"UKCore-HumanLanguage-lo\"> </a></td><td>Lao</td><td/></tr><tr><td style=\"white-space:nowrap\">la<a name=\"UKCore-HumanLanguage-la\"> </a></td><td>Latin</td><td/></tr><tr><td style=\"white-space:nowrap\">lv<a name=\"UKCore-HumanLanguage-lv\"> </a></td><td>Latvian</td><td/></tr><tr><td style=\"white-space:nowrap\">li<a name=\"UKCore-HumanLanguage-li\"> </a></td><td>Limburgan; Limburger; Limburgish</td><td/></tr><tr><td style=\"white-space:nowrap\">ln<a name=\"UKCore-HumanLanguage-ln\"> </a></td><td>Lingala</td><td/></tr><tr><td style=\"white-space:nowrap\">lt<a name=\"UKCore-HumanLanguage-lt\"> </a></td><td>Lithuanian</td><td/></tr><tr><td style=\"white-space:nowrap\">lb<a name=\"UKCore-HumanLanguage-lb\"> </a></td><td>Luxembourgish; Letzeburgesch</td><td/></tr><tr><td style=\"white-space:nowrap\">lu<a name=\"UKCore-HumanLanguage-lu\"> </a></td><td>Luba-Katanga</td><td/></tr><tr><td style=\"white-space:nowrap\">lg<a name=\"UKCore-HumanLanguage-lg\"> </a></td><td>Ganda</td><td/></tr><tr><td style=\"white-space:nowrap\">mk<a name=\"UKCore-HumanLanguage-mk\"> </a></td><td>Macedonian</td><td/></tr><tr><td style=\"white-space:nowrap\">mh<a name=\"UKCore-HumanLanguage-mh\"> </a></td><td>Marshallese</td><td/></tr><tr><td style=\"white-space:nowrap\">ml<a name=\"UKCore-HumanLanguage-ml\"> </a></td><td>Malayalam</td><td/></tr><tr><td style=\"white-space:nowrap\">mi<a name=\"UKCore-HumanLanguage-mi\"> </a></td><td>Maori</td><td/></tr><tr><td style=\"white-space:nowrap\">mr<a name=\"UKCore-HumanLanguage-mr\"> </a></td><td>Marathi</td><td/></tr><tr><td style=\"white-space:nowrap\">ms<a name=\"UKCore-HumanLanguage-ms\"> </a></td><td>Malay</td><td/></tr><tr><td style=\"white-space:nowrap\">mg<a name=\"UKCore-HumanLanguage-mg\"> </a></td><td>Malagasy</td><td/></tr><tr><td style=\"white-space:nowrap\">mt<a name=\"UKCore-HumanLanguage-mt\"> </a></td><td>Maltese</td><td/></tr><tr><td style=\"white-space:nowrap\">mo<a name=\"UKCore-HumanLanguage-mo\"> </a></td><td>Moldavian</td><td/></tr><tr><td style=\"white-space:nowrap\">mn<a name=\"UKCore-HumanLanguage-mn\"> </a></td><td>Mongolian</td><td/></tr><tr><td style=\"white-space:nowrap\">na<a name=\"UKCore-HumanLanguage-na\"> </a></td><td>Nauru</td><td/></tr><tr><td style=\"white-space:nowrap\">nv<a name=\"UKCore-HumanLanguage-nv\"> </a></td><td>Navajo; Navaho</td><td/></tr><tr><td style=\"white-space:nowrap\">nr<a name=\"UKCore-HumanLanguage-nr\"> </a></td><td>Ndebele, South; South Ndebele</td><td/></tr><tr><td style=\"white-space:nowrap\">nd<a name=\"UKCore-HumanLanguage-nd\"> </a></td><td>Ndebele, North; North Ndebele</td><td/></tr><tr><td style=\"white-space:nowrap\">ng<a name=\"UKCore-HumanLanguage-ng\"> </a></td><td>Ndonga</td><td/></tr><tr><td style=\"white-space:nowrap\">ne<a name=\"UKCore-HumanLanguage-ne\"> </a></td><td>Nepali</td><td/></tr><tr><td style=\"white-space:nowrap\">nn<a name=\"UKCore-HumanLanguage-nn\"> </a></td><td>Norwegian Nynorsk; Nynorsk, Norwegian</td><td/></tr><tr><td style=\"white-space:nowrap\">nb<a name=\"UKCore-HumanLanguage-nb\"> </a></td><td>Bokmal, Norwegian; Norwegian Bokmal</td><td/></tr><tr><td style=\"white-space:nowrap\">no<a name=\"UKCore-HumanLanguage-no\"> </a></td><td>Norwegian</td><td/></tr><tr><td style=\"white-space:nowrap\">ny<a name=\"UKCore-HumanLanguage-ny\"> </a></td><td>Chichewa; Chewa; Nyanja</td><td/></tr><tr><td style=\"white-space:nowrap\">oc<a name=\"UKCore-HumanLanguage-oc\"> </a></td><td>Occitan (post1500); Provencal</td><td/></tr><tr><td style=\"white-space:nowrap\">oj<a name=\"UKCore-HumanLanguage-oj\"> </a></td><td>Ojibwa</td><td/></tr><tr><td style=\"white-space:nowrap\">or<a name=\"UKCore-HumanLanguage-or\"> </a></td><td>Oriya</td><td/></tr><tr><td style=\"white-space:nowrap\">om<a name=\"UKCore-HumanLanguage-om\"> </a></td><td>Oromo</td><td/></tr><tr><td style=\"white-space:nowrap\">os<a name=\"UKCore-HumanLanguage-os\"> </a></td><td>Ossetian; Ossetic</td><td/></tr><tr><td style=\"white-space:nowrap\">pa<a name=\"UKCore-HumanLanguage-pa\"> </a></td><td>Panjabi; Punjabi</td><td/></tr><tr><td style=\"white-space:nowrap\">pi<a name=\"UKCore-HumanLanguage-pi\"> </a></td><td>Pali</td><td/></tr><tr><td style=\"white-space:nowrap\">pl<a name=\"UKCore-HumanLanguage-pl\"> </a></td><td>Polish</td><td/></tr><tr><td style=\"white-space:nowrap\">pt<a name=\"UKCore-HumanLanguage-pt\"> </a></td><td>Portuguese</td><td/></tr><tr><td style=\"white-space:nowrap\">ps<a name=\"UKCore-HumanLanguage-ps\"> </a></td><td>Pushto</td><td/></tr><tr><td style=\"white-space:nowrap\">qu<a name=\"UKCore-HumanLanguage-qu\"> </a></td><td>Quechua</td><td/></tr><tr><td style=\"white-space:nowrap\">rm<a name=\"UKCore-HumanLanguage-rm\"> </a></td><td>Romansh</td><td/></tr><tr><td style=\"white-space:nowrap\">ro<a name=\"UKCore-HumanLanguage-ro\"> </a></td><td>Romanian</td><td/></tr><tr><td style=\"white-space:nowrap\">rn<a name=\"UKCore-HumanLanguage-rn\"> </a></td><td>Rundi</td><td/></tr><tr><td style=\"white-space:nowrap\">ru<a name=\"UKCore-HumanLanguage-ru\"> </a></td><td>Russian</td><td/></tr><tr><td style=\"white-space:nowrap\">sg<a name=\"UKCore-HumanLanguage-sg\"> </a></td><td>Sango</td><td/></tr><tr><td style=\"white-space:nowrap\">sa<a name=\"UKCore-HumanLanguage-sa\"> </a></td><td>Sanskrit</td><td/></tr><tr><td style=\"white-space:nowrap\">sr<a name=\"UKCore-HumanLanguage-sr\"> </a></td><td>Serbian</td><td/></tr><tr><td style=\"white-space:nowrap\">si<a name=\"UKCore-HumanLanguage-si\"> </a></td><td>Sinhala; Sinhalese</td><td/></tr><tr><td style=\"white-space:nowrap\">sk<a name=\"UKCore-HumanLanguage-sk\"> </a></td><td>Slovak</td><td/></tr><tr><td style=\"white-space:nowrap\">sl<a name=\"UKCore-HumanLanguage-sl\"> </a></td><td>Slovenian</td><td/></tr><tr><td style=\"white-space:nowrap\">se<a name=\"UKCore-HumanLanguage-se\"> </a></td><td>Northern Sami</td><td/></tr><tr><td style=\"white-space:nowrap\">sm<a name=\"UKCore-HumanLanguage-sm\"> </a></td><td>Samoan</td><td/></tr><tr><td style=\"white-space:nowrap\">sn<a name=\"UKCore-HumanLanguage-sn\"> </a></td><td>Shona</td><td/></tr><tr><td style=\"white-space:nowrap\">sd<a name=\"UKCore-HumanLanguage-sd\"> </a></td><td>Sindhi</td><td/></tr><tr><td style=\"white-space:nowrap\">so<a name=\"UKCore-HumanLanguage-so\"> </a></td><td>Somali</td><td/></tr><tr><td style=\"white-space:nowrap\">st<a name=\"UKCore-HumanLanguage-st\"> </a></td><td>Sotho, Southern</td><td/></tr><tr><td style=\"white-space:nowrap\">es<a name=\"UKCore-HumanLanguage-es\"> </a></td><td>Spanish; Castilian</td><td/></tr><tr><td style=\"white-space:nowrap\">sc<a name=\"UKCore-HumanLanguage-sc\"> </a></td><td>Sardinian</td><td/></tr><tr><td style=\"white-space:nowrap\">ss<a name=\"UKCore-HumanLanguage-ss\"> </a></td><td>Swati</td><td/></tr><tr><td style=\"white-space:nowrap\">su<a name=\"UKCore-HumanLanguage-su\"> </a></td><td>Sundanese</td><td/></tr><tr><td style=\"white-space:nowrap\">sw<a name=\"UKCore-HumanLanguage-sw\"> </a></td><td>Swahili</td><td/></tr><tr><td style=\"white-space:nowrap\">sv<a name=\"UKCore-HumanLanguage-sv\"> </a></td><td>Swedish</td><td/></tr><tr><td style=\"white-space:nowrap\">ty<a name=\"UKCore-HumanLanguage-ty\"> </a></td><td>Tahitian</td><td/></tr><tr><td style=\"white-space:nowrap\">ta<a name=\"UKCore-HumanLanguage-ta\"> </a></td><td>Tamil</td><td/></tr><tr><td style=\"white-space:nowrap\">tt<a name=\"UKCore-HumanLanguage-tt\"> </a></td><td>Tatar</td><td/></tr><tr><td style=\"white-space:nowrap\">te<a name=\"UKCore-HumanLanguage-te\"> </a></td><td>Telugu</td><td/></tr><tr><td style=\"white-space:nowrap\">tg<a name=\"UKCore-HumanLanguage-tg\"> </a></td><td>Tajik</td><td/></tr><tr><td style=\"white-space:nowrap\">tl<a name=\"UKCore-HumanLanguage-tl\"> </a></td><td>Tagalog</td><td/></tr><tr><td style=\"white-space:nowrap\">th<a name=\"UKCore-HumanLanguage-th\"> </a></td><td>Thai</td><td/></tr><tr><td style=\"white-space:nowrap\">ti<a name=\"UKCore-HumanLanguage-ti\"> </a></td><td>Tigrinya</td><td/></tr><tr><td style=\"white-space:nowrap\">to<a name=\"UKCore-HumanLanguage-to\"> </a></td><td>Tonga (Tonga Islands)</td><td/></tr><tr><td style=\"white-space:nowrap\">tn<a name=\"UKCore-HumanLanguage-tn\"> </a></td><td>Tswana</td><td/></tr><tr><td style=\"white-space:nowrap\">ts<a name=\"UKCore-HumanLanguage-ts\"> </a></td><td>Tsonga</td><td/></tr><tr><td style=\"white-space:nowrap\">tk<a name=\"UKCore-HumanLanguage-tk\"> </a></td><td>Turkmen</td><td/></tr><tr><td style=\"white-space:nowrap\">tr<a name=\"UKCore-HumanLanguage-tr\"> </a></td><td>Turkish</td><td/></tr><tr><td style=\"white-space:nowrap\">tw<a name=\"UKCore-HumanLanguage-tw\"> </a></td><td>Twi</td><td/></tr><tr><td style=\"white-space:nowrap\">ug<a name=\"UKCore-HumanLanguage-ug\"> </a></td><td>Uighur; Uyghur</td><td/></tr><tr><td style=\"white-space:nowrap\">uk<a name=\"UKCore-HumanLanguage-uk\"> </a></td><td>Ukrainian</td><td/></tr><tr><td style=\"white-space:nowrap\">ur<a name=\"UKCore-HumanLanguage-ur\"> </a></td><td>Urdu</td><td/></tr><tr><td style=\"white-space:nowrap\">uz<a name=\"UKCore-HumanLanguage-uz\"> </a></td><td>Uzbek</td><td/></tr><tr><td style=\"white-space:nowrap\">ve<a name=\"UKCore-HumanLanguage-ve\"> </a></td><td>Venda</td><td/></tr><tr><td style=\"white-space:nowrap\">vi<a name=\"UKCore-HumanLanguage-vi\"> </a></td><td>Vietnamese</td><td/></tr><tr><td style=\"white-space:nowrap\">vo<a name=\"UKCore-HumanLanguage-vo\"> </a></td><td>Volapuk</td><td/></tr><tr><td style=\"white-space:nowrap\">wa<a name=\"UKCore-HumanLanguage-wa\"> </a></td><td>Walloon</td><td/></tr><tr><td style=\"white-space:nowrap\">wo<a name=\"UKCore-HumanLanguage-wo\"> </a></td><td>Wolof</td><td/></tr><tr><td style=\"white-space:nowrap\">xh<a name=\"UKCore-HumanLanguage-xh\"> </a></td><td>Xhosa</td><td/></tr><tr><td style=\"white-space:nowrap\">yi<a name=\"UKCore-HumanLanguage-yi\"> </a></td><td>Yiddish</td><td/></tr><tr><td style=\"white-space:nowrap\">yo<a name=\"UKCore-HumanLanguage-yo\"> </a></td><td>Yoruba</td><td/></tr><tr><td style=\"white-space:nowrap\">za<a name=\"UKCore-HumanLanguage-za\"> </a></td><td>Zhuang; Chuang</td><td/></tr><tr><td style=\"white-space:nowrap\">zu<a name=\"UKCore-HumanLanguage-zu\"> </a></td><td>Zulu</td><td/></tr></table></div>"},"url":"https://fhir.nhs.uk/R4/CodeSystem/UKCore-HumanLanguage","version":"1.0.0","name":"UKCoreHumanLanguage","title":"UK Core Human Language","status":"draft","date":"2019-10-25T01:00:00+01:00","publisher":"Project Wildfyre","contact":[{"name":"Project Wildfyre","telecom":[{"system":"email","value":"mailto:interoperabilityteam@nhs.net","use":"work"}]}],"description":"A CodeSystem that identifies the language used by a person.","jurisdiction":[{"coding":[{"system":"urn:iso:std:iso:3166","code":"GB"}]}],"copyright":"Copyright © 2019 NHS Digital","caseSensitive":true,"content":"complete","concept":[{"code":"q1","display":"Braille"},{"code":"q2","display":"American Sign Language"},{"code":"q3","display":"Australian Sign Language"},{"code":"q4","display":"British Sign Language"},{"code":"q5","display":"Makaton"},{"code":"aa","display":"Afar"},{"code":"ab","display":"Abkhazian"},{"code":"af","display":"Afrikaans"},{"code":"ak","display":"Akan"},{"code":"sq","display":"Albanian"},{"code":"am","display":"Amharic"},{"code":"ar","display":"Arabic"},{"code":"an","display":"Aragonese"},{"code":"hy","display":"Armenian"},{"code":"as","display":"Assamese"},{"code":"av","display":"Avaric"},{"code":"ae","display":"Avestan"},{"code":"ay","display":"Aymara"},{"code":"az","display":"Azerbaijani"},{"code":"ba","display":"Bashkir"},{"code":"bm","display":"Bambara"},{"code":"eu","display":"Basque"},{"code":"be","display":"Belarusian"},{"code":"bn","display":"Bengali"},{"code":"bh","display":"Bihari"},{"code":"bi","display":"Bislama"},{"code":"bo","display":"Tibetan"},{"code":"bs","display":"Bosnian"},{"code":"br","display":"Breton"},{"code":"bg","display":"Bulgarian"},{"code":"my","display":"Burmese"},{"code":"ca","display":"Catalan; Valencian"},{"code":"cs","display":"Czech"},{"code":"ch","display":"Chamorro"},{"code":"ce","display":"Chechen"},{"code":"zh","display":"Chinese"},{"code":"cu","display":"Church Slavic; Old Slavonic; Church Slavonic; Old Bulgarian; Old Church Slavonic"},{"code":"cv","display":"Chuvash"},{"code":"kw","display":"Cornish"},{"code":"co","display":"Corsican"},{"code":"cr","display":"Cree"},{"code":"cy","display":"Welsh"},{"code":"da","display":"Danish"},{"code":"de","display":"German"},{"code":"dv","display":"Divehi; Dhivehi; Maldivian"},{"code":"nl","display":"Dutch; Flemish"},{"code":"dz","display":"Dzongkha"},{"code":"el","display":"Greek, Modern (1453-)"},{"code":"en","display":"English"},{"code":"eo","display":"Esperanto"},{"code":"et","display":"Estonian"},{"code":"ee","display":"Ewe"},{"code":"fo","display":"Faroese"},{"code":"fa","display":"Persian"},{"code":"fj","display":"Fijian"},{"code":"fi","display":"Finnish"},{"code":"fr","display":"French"},{"code":"fy","display":"Western Frisian"},{"code":"ff","display":"Fulah"},{"code":"ka","display":"Georgian"},{"code":"gd","display":"Gaelic; Scottish Gaelic"},{"code":"ga","display":"Irish"},{"code":"gl","display":"Galician"},{"code":"gv","display":"Manx"},{"code":"gn","display":"Guarani"},{"code":"gu","display":"Gujarati"},{"code":"ht","display":"Haitian; Haitian Creole"},{"code":"ha","display":"Hausa"},{"code":"he","display":"Hebrew"},{"code":"hz","display":"Herero"},{"code":"hi","display":"Hindi"},{"code":"ho","display":"Hiri Motu"},{"code":"hr","display":"Croatian"},{"code":"hu","display":"Hungarian"},{"code":"ig","display":"Igbo"},{"code":"is","display":"Icelandic"},{"code":"io","display":"Ido"},{"code":"ii","display":"Sichuan Yi"},{"code":"iu","display":"Inuktitut"},{"code":"ie","display":"Interlingue"},{"code":"ia","display":"Interlingua (International Auxiliary Language Association)"},{"code":"id","display":"Indonesian"},{"code":"ik","display":"Inupiaq"},{"code":"it","display":"Italian"},{"code":"jv","display":"Javanese"},{"code":"ja","display":"Japanese"},{"code":"kl","display":"Kalaallisut; Greenlandic"},{"code":"kn","display":"Kannada"},{"code":"ks","display":"Kashmiri"},{"code":"kr","display":"Kanuri"},{"code":"kk","display":"Kazakh"},{"code":"km","display":"Central Khmer"},{"code":"ki","display":"Kikuyu; Gikuyu"},{"code":"rw","display":"Kinyarwanda"},{"code":"ky","display":"Kirghiz; Kyrgyz"},{"code":"kv","display":"Komi"},{"code":"kg","display":"Kongo"},{"code":"ko","display":"Korean"},{"code":"kj","display":"Kuanyama; Kwanyama"},{"code":"ku","display":"Kurdish"},{"code":"lo","display":"Lao"},{"code":"la","display":"Latin"},{"code":"lv","display":"Latvian"},{"code":"li","display":"Limburgan; Limburger; Limburgish"},{"code":"ln","display":"Lingala"},{"code":"lt","display":"Lithuanian"},{"code":"lb","display":"Luxembourgish; Letzeburgesch"},{"code":"lu","display":"Luba-Katanga"},{"code":"lg","display":"Ganda"},{"code":"mk","display":"Macedonian"},{"code":"mh","display":"Marshallese"},{"code":"ml","display":"Malayalam"},{"code":"mi","display":"Maori"},{"code":"mr","display":"Marathi"},{"code":"ms","display":"Malay"},{"code":"mg","display":"Malagasy"},{"code":"mt","display":"Maltese"},{"code":"mo","display":"Moldavian"},{"code":"mn","display":"Mongolian"},{"code":"na","display":"Nauru"},{"code":"nv","display":"Navajo; Navaho"},{"code":"nr","display":"Ndebele, South; South Ndebele"},{"code":"nd","display":"Ndebele, North; North Ndebele"},{"code":"ng","display":"Ndonga"},{"code":"ne","display":"Nepali"},{"code":"nn","display":"Norwegian Nynorsk; Nynorsk, Norwegian"},{"code":"nb","display":"Bokmal, Norwegian; Norwegian Bokmal"},{"code":"no","display":"Norwegian"},{"code":"ny","display":"Chichewa; Chewa; Nyanja"},{"code":"oc","display":"Occitan (post1500); Provencal"},{"code":"oj","display":"Ojibwa"},{"code":"or","display":"Oriya"},{"code":"om","display":"Oromo"},{"code":"os","display":"Ossetian; Ossetic"},{"code":"pa","display":"Panjabi; Punjabi"},{"code":"pi","display":"Pali"},{"code":"pl","display":"Polish"},{"code":"pt","display":"Portuguese"},{"code":"ps","display":"Pushto"},{"code":"qu","display":"Quechua"},{"code":"rm","display":"Romansh"},{"code":"ro","display":"Romanian"},{"code":"rn","display":"Rundi"},{"code":"ru","display":"Russian"},{"code":"sg","display":"Sango"},{"code":"sa","display":"Sanskrit"},{"code":"sr","display":"Serbian"},{"code":"si","display":"Sinhala; Sinhalese"},{"code":"sk","display":"Slovak"},{"code":"sl","display":"Slovenian"},{"code":"se","display":"Northern Sami"},{"code":"sm","display":"Samoan"},{"code":"sn","display":"Shona"},{"code":"sd","display":"Sindhi"},{"code":"so","display":"Somali"},{"code":"st","display":"Sotho, Southern"},{"code":"es","display":"Spanish; Castilian"},{"code":"sc","display":"Sardinian"},{"code":"ss","display":"Swati"},{"code":"su","display":"Sundanese"},{"code":"sw","display":"Swahili"},{"code":"sv","display":"Swedish"},{"code":"ty","display":"Tahitian"},{"code":"ta","display":"Tamil"},{"code":"tt","display":"Tatar"},{"code":"te","display":"Telugu"},{"code":"tg","display":"Tajik"},{"code":"tl","display":"Tagalog"},{"code":"th","display":"Thai"},{"code":"ti","display":"Tigrinya"},{"code":"to","display":"Tonga (Tonga Islands)"},{"code":"tn","display":"Tswana"},{"code":"ts","display":"Tsonga"},{"code":"tk","display":"Turkmen"},{"code":"tr","display":"Turkish"},{"code":"tw","display":"Twi"},{"code":"ug","display":"Uighur; Uyghur"},{"code":"uk","display":"Ukrainian"},{"code":"ur","display":"Urdu"},{"code":"uz","display":"Uzbek"},{"code":"ve","display":"Venda"},{"code":"vi","display":"Vietnamese"},{"code":"vo","display":"Volapuk"},{"code":"wa","display":"Walloon"},{"code":"wo","display":"Wolof"},{"code":"xh","display":"Xhosa"},{"code":"yi","display":"Yiddish"},{"code":"yo","display":"Yoruba"},{"code":"za","display":"Zhuang; Chuang"},{"code":"zu","display":"Zulu"}]}