{"resourceType":"ImplementationGuide","id":"nhsdigital-fhir-r4-core-prototype","text":{"status":"generated","div":"<div xmlns=\"http://www.w3.org/1999/xhtml\"><h2>HL7FHIRUKCore</h2><p>The official URL for this implementation guide is: </p><pre>https://fhir.nhs.uk/R4/ImplementationGuide/nhsdigital-fhir-r4-core-prototype</pre></div>"},"url":"https://fhir.nhs.uk/R4/ImplementationGuide/nhsdigital-fhir-r4-core-prototype","version":"1.0.0","name":"HL7FHIRUKCore","status":"draft","experimental":true,"date":"2019-10-14T00:00:00+01:00","publisher":"NHS Digital","contact":[{"name":"NHS Digital","telecom":[{"system":"email","value":"mailto:interoperabilityteam@nhs.net","use":"work"}]}],"jurisdiction":[{"coding":[{"system":"urn:iso:std:iso:3166","code":"GB"}]}],"fhirVersion":"4.0.1","package":[{"name":"HL7 FHIR®  UK Core"}]}