{"resourceType":"ValueSet","id":"UKCore-ListEmptyReasonCode-1-0-0","text":{"status":"generated","div":"<div xmlns=\"http://www.w3.org/1999/xhtml\"><h2>UK Core List Empty Reason Code</h2><div><p>A ValueSet to identify the reason a list may be empty.</p>\n</div><p><b>Copyright Statement:</b> Copyright © 2019 NHS Digital</p><p>This value set includes codes from the following code systems:</p><ul><li>Include all codes defined in <a href=\"CodeSystem-UKCore-ListEmptyReasonCode-1-0-0.html\"><code>https://fhir.nhs.uk/R4/CodeSystem/UKCore-ListEmptyReasonCode-1-0-0</code></a></li></ul></div>"},"url":"https://fhir.nhs.uk/R4/ValueSet/UKCore-ListEmptyReasonCode-1-0-0","version":"1.0.0","name":"UKCoreListEmptyReasonCode","title":"UK Core List Empty Reason Code","status":"draft","date":"2019-11-04T00:00:00+00:00","publisher":"NHS Digital","contact":[{"name":"Interoperability Team","telecom":[{"system":"email","value":"interoperabilityteam@nhs.net","use":"work"}]}],"description":"A ValueSet to identify the reason a list may be empty.","copyright":"Copyright © 2019 NHS Digital","compose":{"include":[{"system":"https://fhir.nhs.uk/R4/CodeSystem/UKCore-ListEmptyReasonCode-1-0-0"}]}}