{"resourceType":"ValueSet","id":"UKCore-CareSettingType","text":{"status":"generated","div":"<div xmlns=\"http://www.w3.org/1999/xhtml\"><h2>UK Core Care Setting Type</h2><div><p>A code from the SNOMED Clinical Terminology UK coding system that describes a correspondence care setting type. Any code from the SNOMED CT UK 'Correspondence Care setting type' subset with subset original id 43971000000130; the corresponding SNOMED CT UK Refset fully specified name is 'Correspondence care setting type simple reference set (foundation metadata concept)' with Refset Id 999000381000000107</p>\n</div><p><b>Copyright Statement:</b> This value set includes content from SNOMED CT, which is copyright © 2002+ International Health Terminology Standards Development Organisation (IHTSDO), and distributed by agreement between IHTSDO and HL7. Implementer use of SNOMED CT is not covered by this agreement.</p><p>This value set includes codes from the following code systems:</p><ul><li>Include codes from <a href=\"http://www.snomed.org/\"><code>http://snomed.info/sct</code></a> where concept  in  ^999000381000000107</li></ul></div>"},"url":"https://fhir.nhs.uk/R4/ValueSet/UKCore-CareSettingType","version":"1.0.0","name":"UKCoreCareSettingType","title":"UK Core Care Setting Type","status":"draft","date":"2019-11-04T00:00:00+00:00","publisher":"Project Wildfyre","contact":[{"name":"Project Wildfyre","telecom":[{"system":"email","value":"mailto:interoperabilityteam@nhs.net","use":"work"}]}],"description":"A code from the SNOMED Clinical Terminology UK coding system that describes a correspondence care setting type. Any code from the SNOMED CT UK 'Correspondence Care setting type' subset with subset original id 43971000000130; the corresponding SNOMED CT UK Refset fully specified name is 'Correspondence care setting type simple reference set (foundation metadata concept)' with Refset Id 999000381000000107","jurisdiction":[{"coding":[{"system":"urn:iso:std:iso:3166","code":"GB"}]}],"copyright":"This value set includes content from SNOMED CT, which is copyright © 2002+ International Health Terminology Standards Development Organisation (IHTSDO), and distributed by agreement between IHTSDO and HL7. Implementer use of SNOMED CT is not covered by this agreement.","compose":{"include":[{"system":"http://snomed.info/sct","filter":[{"property":"concept","op":"in","value":"^999000381000000107"}]}]}}