{"resourceType":"ValueSet","id":"UKCore-TreatmentCategory","text":{"status":"generated","div":"<div xmlns=\"http://www.w3.org/1999/xhtml\"><h2>UK Core Treatment Category</h2><div><p>A ValueSet that identifies the treatment category for a patient.</p>\n</div><p><b>Copyright Statement:</b> Copyright © 2019 NHS Digital</p><p>This value set includes codes from the following code systems:</p><ul><li>Include all codes defined in <a href=\"CodeSystem-UKCore-TreatmentCategory.html\"><code>https://fhir.nhs.uk/R4/CodeSystem/UKCore-TreatmentCategory</code></a></li></ul></div>"},"url":"https://fhir.nhs.uk/R4/ValueSet/UKCore-TreatmentCategory","version":"1.0.0","name":"UKCoreTreatmentCategory","title":"UK Core Treatment Category","status":"draft","date":"2019-10-25T01:00:00+01:00","publisher":"Project Wildfyre","contact":[{"name":"Project Wildfyre","telecom":[{"system":"email","value":"mailto:interoperabilityteam@nhs.net","use":"work"}]}],"description":"A ValueSet that identifies the treatment category for a patient.","jurisdiction":[{"coding":[{"system":"urn:iso:std:iso:3166","code":"GB"}]}],"copyright":"Copyright © 2019 NHS Digital","compose":{"include":[{"system":"https://fhir.nhs.uk/R4/CodeSystem/UKCore-TreatmentCategory"}]}}