{"resourceType":"ValueSet","id":"UKCore-AddressKeyType","text":{"status":"generated","div":"<div xmlns=\"http://www.w3.org/1999/xhtml\"><h2>UK Core Address Key Type</h2><div><p>A ValueSet to identify the type of Address Key recorded.</p>\n</div><p><b>Copyright Statement:</b> Copyright © 2019 NHS Digital</p><p>This value set includes codes from the following code systems:</p><ul><li>Include all codes defined in <a href=\"CodeSystem-UKCore-AddressKeyType.html\"><code>https://fhir.nhs.uk/R4/CodeSystem/UKCore-AddressKeyType</code></a></li></ul></div>"},"url":"https://fhir.nhs.uk/R4/ValueSet/UKCore-AddressKeyType","version":"1.0.0","name":"UKCoreAddressKeyType","title":"UK Core Address Key Type","status":"draft","date":"2019-12-06T00:00:00+00:00","publisher":"NHS Digital","contact":[{"name":"NHS Digital","telecom":[{"system":"email","value":"mailto:interoperabilityteam@nhs.net","use":"work"}]}],"description":"A ValueSet to identify the type of Address Key recorded.","jurisdiction":[{"coding":[{"system":"urn:iso:std:iso:3166","code":"GB"}]}],"copyright":"Copyright © 2019 NHS Digital","compose":{"include":[{"system":"https://fhir.nhs.uk/R4/CodeSystem/UKCore-AddressKeyType"}]}}