{"resourceType":"ValueSet","id":"UKCore-DeathNotificationStatus","text":{"status":"generated","div":"<div xmlns=\"http://www.w3.org/1999/xhtml\"><h2>UK Core Death Notification Status</h2><div><p>A ValueSet to identify the type of death notice as held on Personal Demographics Service (PDS).</p>\n</div><p><b>Copyright Statement:</b> Copyright © 2019 NHS Digital</p><p>This value set includes codes from the following code systems:</p><ul><li>Include all codes defined in <a href=\"CodeSystem-UKCore-DeathNotificationStatus.html\"><code>https://fhir.nhs.uk/R4/CodeSystem/UKCore-DeathNotificationStatus</code></a></li></ul></div>"},"url":"https://fhir.nhs.uk/R4/ValueSet/UKCore-DeathNotificationStatus","version":"1.0.0","name":"UKCoreDeathNotificationStatus","title":"UK Core Death Notification Status","status":"draft","date":"2019-10-25T01:00:00+01:00","publisher":"NHS Digital","contact":[{"name":"NHS Digital","telecom":[{"system":"email","value":"mailto:interoperabilityteam@nhs.net","use":"work"}]}],"description":"A ValueSet to identify the type of death notice as held on Personal Demographics Service (PDS).","jurisdiction":[{"coding":[{"system":"urn:iso:std:iso:3166","code":"GB"}]}],"copyright":"Copyright © 2019 NHS Digital","compose":{"include":[{"system":"https://fhir.nhs.uk/R4/CodeSystem/UKCore-DeathNotificationStatus"}]}}