<?xml version="1.0" encoding="UTF-8"?><CodeSystem xmlns="http://hl7.org/fhir"><id value="UKCore-HumanLanguage"/><text><status value="generated"/><div xmlns="http://www.w3.org/1999/xhtml"><h2>UK Core Human Language</h2><div><p>A CodeSystem that identifies the language used by a person.</p>
</div><p><b>Copyright Statement:</b> Copyright &#xA9; 2019 NHS Digital</p><p>This code system https://fhir.nhs.uk/R4/CodeSystem/UKCore-HumanLanguage defines the following codes:</p><table class="codes"><tr><td style="white-space:nowrap"><b>Code</b></td><td><b>Display</b></td><td><b>Definition</b></td></tr><tr><td style="white-space:nowrap">q1<a name="UKCore-HumanLanguage-q1"> </a></td><td>Braille</td><td/></tr><tr><td style="white-space:nowrap">q2<a name="UKCore-HumanLanguage-q2"> </a></td><td>American Sign Language</td><td/></tr><tr><td style="white-space:nowrap">q3<a name="UKCore-HumanLanguage-q3"> </a></td><td>Australian Sign Language</td><td/></tr><tr><td style="white-space:nowrap">q4<a name="UKCore-HumanLanguage-q4"> </a></td><td>British Sign Language</td><td/></tr><tr><td style="white-space:nowrap">q5<a name="UKCore-HumanLanguage-q5"> </a></td><td>Makaton</td><td/></tr><tr><td style="white-space:nowrap">aa<a name="UKCore-HumanLanguage-aa"> </a></td><td>Afar</td><td/></tr><tr><td style="white-space:nowrap">ab<a name="UKCore-HumanLanguage-ab"> </a></td><td>Abkhazian</td><td/></tr><tr><td style="white-space:nowrap">af<a name="UKCore-HumanLanguage-af"> </a></td><td>Afrikaans</td><td/></tr><tr><td style="white-space:nowrap">ak<a name="UKCore-HumanLanguage-ak"> </a></td><td>Akan</td><td/></tr><tr><td style="white-space:nowrap">sq<a name="UKCore-HumanLanguage-sq"> </a></td><td>Albanian</td><td/></tr><tr><td style="white-space:nowrap">am<a name="UKCore-HumanLanguage-am"> </a></td><td>Amharic</td><td/></tr><tr><td style="white-space:nowrap">ar<a name="UKCore-HumanLanguage-ar"> </a></td><td>Arabic</td><td/></tr><tr><td style="white-space:nowrap">an<a name="UKCore-HumanLanguage-an"> </a></td><td>Aragonese</td><td/></tr><tr><td style="white-space:nowrap">hy<a name="UKCore-HumanLanguage-hy"> </a></td><td>Armenian</td><td/></tr><tr><td style="white-space:nowrap">as<a name="UKCore-HumanLanguage-as"> </a></td><td>Assamese</td><td/></tr><tr><td style="white-space:nowrap">av<a name="UKCore-HumanLanguage-av"> </a></td><td>Avaric</td><td/></tr><tr><td style="white-space:nowrap">ae<a name="UKCore-HumanLanguage-ae"> </a></td><td>Avestan</td><td/></tr><tr><td style="white-space:nowrap">ay<a name="UKCore-HumanLanguage-ay"> </a></td><td>Aymara</td><td/></tr><tr><td style="white-space:nowrap">az<a name="UKCore-HumanLanguage-az"> </a></td><td>Azerbaijani</td><td/></tr><tr><td style="white-space:nowrap">ba<a name="UKCore-HumanLanguage-ba"> </a></td><td>Bashkir</td><td/></tr><tr><td style="white-space:nowrap">bm<a name="UKCore-HumanLanguage-bm"> </a></td><td>Bambara</td><td/></tr><tr><td style="white-space:nowrap">eu<a name="UKCore-HumanLanguage-eu"> </a></td><td>Basque</td><td/></tr><tr><td style="white-space:nowrap">be<a name="UKCore-HumanLanguage-be"> </a></td><td>Belarusian</td><td/></tr><tr><td style="white-space:nowrap">bn<a name="UKCore-HumanLanguage-bn"> </a></td><td>Bengali</td><td/></tr><tr><td style="white-space:nowrap">bh<a name="UKCore-HumanLanguage-bh"> </a></td><td>Bihari</td><td/></tr><tr><td style="white-space:nowrap">bi<a name="UKCore-HumanLanguage-bi"> </a></td><td>Bislama</td><td/></tr><tr><td style="white-space:nowrap">bo<a name="UKCore-HumanLanguage-bo"> </a></td><td>Tibetan</td><td/></tr><tr><td style="white-space:nowrap">bs<a name="UKCore-HumanLanguage-bs"> </a></td><td>Bosnian</td><td/></tr><tr><td style="white-space:nowrap">br<a name="UKCore-HumanLanguage-br"> </a></td><td>Breton</td><td/></tr><tr><td style="white-space:nowrap">bg<a name="UKCore-HumanLanguage-bg"> </a></td><td>Bulgarian</td><td/></tr><tr><td style="white-space:nowrap">my<a name="UKCore-HumanLanguage-my"> </a></td><td>Burmese</td><td/></tr><tr><td style="white-space:nowrap">ca<a name="UKCore-HumanLanguage-ca"> </a></td><td>Catalan; Valencian</td><td/></tr><tr><td style="white-space:nowrap">cs<a name="UKCore-HumanLanguage-cs"> </a></td><td>Czech</td><td/></tr><tr><td style="white-space:nowrap">ch<a name="UKCore-HumanLanguage-ch"> </a></td><td>Chamorro</td><td/></tr><tr><td style="white-space:nowrap">ce<a name="UKCore-HumanLanguage-ce"> </a></td><td>Chechen</td><td/></tr><tr><td style="white-space:nowrap">zh<a name="UKCore-HumanLanguage-zh"> </a></td><td>Chinese</td><td/></tr><tr><td style="white-space:nowrap">cu<a name="UKCore-HumanLanguage-cu"> </a></td><td>Church Slavic; Old Slavonic; Church Slavonic; Old Bulgarian; Old Church Slavonic</td><td/></tr><tr><td style="white-space:nowrap">cv<a name="UKCore-HumanLanguage-cv"> </a></td><td>Chuvash</td><td/></tr><tr><td style="white-space:nowrap">kw<a name="UKCore-HumanLanguage-kw"> </a></td><td>Cornish</td><td/></tr><tr><td style="white-space:nowrap">co<a name="UKCore-HumanLanguage-co"> </a></td><td>Corsican</td><td/></tr><tr><td style="white-space:nowrap">cr<a name="UKCore-HumanLanguage-cr"> </a></td><td>Cree</td><td/></tr><tr><td style="white-space:nowrap">cy<a name="UKCore-HumanLanguage-cy"> </a></td><td>Welsh</td><td/></tr><tr><td style="white-space:nowrap">da<a name="UKCore-HumanLanguage-da"> </a></td><td>Danish</td><td/></tr><tr><td style="white-space:nowrap">de<a name="UKCore-HumanLanguage-de"> </a></td><td>German</td><td/></tr><tr><td style="white-space:nowrap">dv<a name="UKCore-HumanLanguage-dv"> </a></td><td>Divehi; Dhivehi; Maldivian</td><td/></tr><tr><td style="white-space:nowrap">nl<a name="UKCore-HumanLanguage-nl"> </a></td><td>Dutch; Flemish</td><td/></tr><tr><td style="white-space:nowrap">dz<a name="UKCore-HumanLanguage-dz"> </a></td><td>Dzongkha</td><td/></tr><tr><td style="white-space:nowrap">el<a name="UKCore-HumanLanguage-el"> </a></td><td>Greek, Modern (1453-)</td><td/></tr><tr><td style="white-space:nowrap">en<a name="UKCore-HumanLanguage-en"> </a></td><td>English</td><td/></tr><tr><td style="white-space:nowrap">eo<a name="UKCore-HumanLanguage-eo"> </a></td><td>Esperanto</td><td/></tr><tr><td style="white-space:nowrap">et<a name="UKCore-HumanLanguage-et"> </a></td><td>Estonian</td><td/></tr><tr><td style="white-space:nowrap">ee<a name="UKCore-HumanLanguage-ee"> </a></td><td>Ewe</td><td/></tr><tr><td style="white-space:nowrap">fo<a name="UKCore-HumanLanguage-fo"> </a></td><td>Faroese</td><td/></tr><tr><td style="white-space:nowrap">fa<a name="UKCore-HumanLanguage-fa"> </a></td><td>Persian</td><td/></tr><tr><td style="white-space:nowrap">fj<a name="UKCore-HumanLanguage-fj"> </a></td><td>Fijian</td><td/></tr><tr><td style="white-space:nowrap">fi<a name="UKCore-HumanLanguage-fi"> </a></td><td>Finnish</td><td/></tr><tr><td style="white-space:nowrap">fr<a name="UKCore-HumanLanguage-fr"> </a></td><td>French</td><td/></tr><tr><td style="white-space:nowrap">fy<a name="UKCore-HumanLanguage-fy"> </a></td><td>Western Frisian</td><td/></tr><tr><td style="white-space:nowrap">ff<a name="UKCore-HumanLanguage-ff"> </a></td><td>Fulah</td><td/></tr><tr><td style="white-space:nowrap">ka<a name="UKCore-HumanLanguage-ka"> </a></td><td>Georgian</td><td/></tr><tr><td style="white-space:nowrap">gd<a name="UKCore-HumanLanguage-gd"> </a></td><td>Gaelic; Scottish Gaelic</td><td/></tr><tr><td style="white-space:nowrap">ga<a name="UKCore-HumanLanguage-ga"> </a></td><td>Irish</td><td/></tr><tr><td style="white-space:nowrap">gl<a name="UKCore-HumanLanguage-gl"> </a></td><td>Galician</td><td/></tr><tr><td style="white-space:nowrap">gv<a name="UKCore-HumanLanguage-gv"> </a></td><td>Manx</td><td/></tr><tr><td style="white-space:nowrap">gn<a name="UKCore-HumanLanguage-gn"> </a></td><td>Guarani</td><td/></tr><tr><td style="white-space:nowrap">gu<a name="UKCore-HumanLanguage-gu"> </a></td><td>Gujarati</td><td/></tr><tr><td style="white-space:nowrap">ht<a name="UKCore-HumanLanguage-ht"> </a></td><td>Haitian; Haitian Creole</td><td/></tr><tr><td style="white-space:nowrap">ha<a name="UKCore-HumanLanguage-ha"> </a></td><td>Hausa</td><td/></tr><tr><td style="white-space:nowrap">he<a name="UKCore-HumanLanguage-he"> </a></td><td>Hebrew</td><td/></tr><tr><td style="white-space:nowrap">hz<a name="UKCore-HumanLanguage-hz"> </a></td><td>Herero</td><td/></tr><tr><td style="white-space:nowrap">hi<a name="UKCore-HumanLanguage-hi"> </a></td><td>Hindi</td><td/></tr><tr><td style="white-space:nowrap">ho<a name="UKCore-HumanLanguage-ho"> </a></td><td>Hiri Motu</td><td/></tr><tr><td style="white-space:nowrap">hr<a name="UKCore-HumanLanguage-hr"> </a></td><td>Croatian</td><td/></tr><tr><td style="white-space:nowrap">hu<a name="UKCore-HumanLanguage-hu"> </a></td><td>Hungarian</td><td/></tr><tr><td style="white-space:nowrap">ig<a name="UKCore-HumanLanguage-ig"> </a></td><td>Igbo</td><td/></tr><tr><td style="white-space:nowrap">is<a name="UKCore-HumanLanguage-is"> </a></td><td>Icelandic</td><td/></tr><tr><td style="white-space:nowrap">io<a name="UKCore-HumanLanguage-io"> </a></td><td>Ido</td><td/></tr><tr><td style="white-space:nowrap">ii<a name="UKCore-HumanLanguage-ii"> </a></td><td>Sichuan Yi</td><td/></tr><tr><td style="white-space:nowrap">iu<a name="UKCore-HumanLanguage-iu"> </a></td><td>Inuktitut</td><td/></tr><tr><td style="white-space:nowrap">ie<a name="UKCore-HumanLanguage-ie"> </a></td><td>Interlingue</td><td/></tr><tr><td style="white-space:nowrap">ia<a name="UKCore-HumanLanguage-ia"> </a></td><td>Interlingua (International Auxiliary Language Association)</td><td/></tr><tr><td style="white-space:nowrap">id<a name="UKCore-HumanLanguage-id"> </a></td><td>Indonesian</td><td/></tr><tr><td style="white-space:nowrap">ik<a name="UKCore-HumanLanguage-ik"> </a></td><td>Inupiaq</td><td/></tr><tr><td style="white-space:nowrap">it<a name="UKCore-HumanLanguage-it"> </a></td><td>Italian</td><td/></tr><tr><td style="white-space:nowrap">jv<a name="UKCore-HumanLanguage-jv"> </a></td><td>Javanese</td><td/></tr><tr><td style="white-space:nowrap">ja<a name="UKCore-HumanLanguage-ja"> </a></td><td>Japanese</td><td/></tr><tr><td style="white-space:nowrap">kl<a name="UKCore-HumanLanguage-kl"> </a></td><td>Kalaallisut; Greenlandic</td><td/></tr><tr><td style="white-space:nowrap">kn<a name="UKCore-HumanLanguage-kn"> </a></td><td>Kannada</td><td/></tr><tr><td style="white-space:nowrap">ks<a name="UKCore-HumanLanguage-ks"> </a></td><td>Kashmiri</td><td/></tr><tr><td style="white-space:nowrap">kr<a name="UKCore-HumanLanguage-kr"> </a></td><td>Kanuri</td><td/></tr><tr><td style="white-space:nowrap">kk<a name="UKCore-HumanLanguage-kk"> </a></td><td>Kazakh</td><td/></tr><tr><td style="white-space:nowrap">km<a name="UKCore-HumanLanguage-km"> </a></td><td>Central Khmer</td><td/></tr><tr><td style="white-space:nowrap">ki<a name="UKCore-HumanLanguage-ki"> </a></td><td>Kikuyu; Gikuyu</td><td/></tr><tr><td style="white-space:nowrap">rw<a name="UKCore-HumanLanguage-rw"> </a></td><td>Kinyarwanda</td><td/></tr><tr><td style="white-space:nowrap">ky<a name="UKCore-HumanLanguage-ky"> </a></td><td>Kirghiz; Kyrgyz</td><td/></tr><tr><td style="white-space:nowrap">kv<a name="UKCore-HumanLanguage-kv"> </a></td><td>Komi</td><td/></tr><tr><td style="white-space:nowrap">kg<a name="UKCore-HumanLanguage-kg"> </a></td><td>Kongo</td><td/></tr><tr><td style="white-space:nowrap">ko<a name="UKCore-HumanLanguage-ko"> </a></td><td>Korean</td><td/></tr><tr><td style="white-space:nowrap">kj<a name="UKCore-HumanLanguage-kj"> </a></td><td>Kuanyama; Kwanyama</td><td/></tr><tr><td style="white-space:nowrap">ku<a name="UKCore-HumanLanguage-ku"> </a></td><td>Kurdish</td><td/></tr><tr><td style="white-space:nowrap">lo<a name="UKCore-HumanLanguage-lo"> </a></td><td>Lao</td><td/></tr><tr><td style="white-space:nowrap">la<a name="UKCore-HumanLanguage-la"> </a></td><td>Latin</td><td/></tr><tr><td style="white-space:nowrap">lv<a name="UKCore-HumanLanguage-lv"> </a></td><td>Latvian</td><td/></tr><tr><td style="white-space:nowrap">li<a name="UKCore-HumanLanguage-li"> </a></td><td>Limburgan; Limburger; Limburgish</td><td/></tr><tr><td style="white-space:nowrap">ln<a name="UKCore-HumanLanguage-ln"> </a></td><td>Lingala</td><td/></tr><tr><td style="white-space:nowrap">lt<a name="UKCore-HumanLanguage-lt"> </a></td><td>Lithuanian</td><td/></tr><tr><td style="white-space:nowrap">lb<a name="UKCore-HumanLanguage-lb"> </a></td><td>Luxembourgish; Letzeburgesch</td><td/></tr><tr><td style="white-space:nowrap">lu<a name="UKCore-HumanLanguage-lu"> </a></td><td>Luba-Katanga</td><td/></tr><tr><td style="white-space:nowrap">lg<a name="UKCore-HumanLanguage-lg"> </a></td><td>Ganda</td><td/></tr><tr><td style="white-space:nowrap">mk<a name="UKCore-HumanLanguage-mk"> </a></td><td>Macedonian</td><td/></tr><tr><td style="white-space:nowrap">mh<a name="UKCore-HumanLanguage-mh"> </a></td><td>Marshallese</td><td/></tr><tr><td style="white-space:nowrap">ml<a name="UKCore-HumanLanguage-ml"> </a></td><td>Malayalam</td><td/></tr><tr><td style="white-space:nowrap">mi<a name="UKCore-HumanLanguage-mi"> </a></td><td>Maori</td><td/></tr><tr><td style="white-space:nowrap">mr<a name="UKCore-HumanLanguage-mr"> </a></td><td>Marathi</td><td/></tr><tr><td style="white-space:nowrap">ms<a name="UKCore-HumanLanguage-ms"> </a></td><td>Malay</td><td/></tr><tr><td style="white-space:nowrap">mg<a name="UKCore-HumanLanguage-mg"> </a></td><td>Malagasy</td><td/></tr><tr><td style="white-space:nowrap">mt<a name="UKCore-HumanLanguage-mt"> </a></td><td>Maltese</td><td/></tr><tr><td style="white-space:nowrap">mo<a name="UKCore-HumanLanguage-mo"> </a></td><td>Moldavian</td><td/></tr><tr><td style="white-space:nowrap">mn<a name="UKCore-HumanLanguage-mn"> </a></td><td>Mongolian</td><td/></tr><tr><td style="white-space:nowrap">na<a name="UKCore-HumanLanguage-na"> </a></td><td>Nauru</td><td/></tr><tr><td style="white-space:nowrap">nv<a name="UKCore-HumanLanguage-nv"> </a></td><td>Navajo; Navaho</td><td/></tr><tr><td style="white-space:nowrap">nr<a name="UKCore-HumanLanguage-nr"> </a></td><td>Ndebele, South; South Ndebele</td><td/></tr><tr><td style="white-space:nowrap">nd<a name="UKCore-HumanLanguage-nd"> </a></td><td>Ndebele, North; North Ndebele</td><td/></tr><tr><td style="white-space:nowrap">ng<a name="UKCore-HumanLanguage-ng"> </a></td><td>Ndonga</td><td/></tr><tr><td style="white-space:nowrap">ne<a name="UKCore-HumanLanguage-ne"> </a></td><td>Nepali</td><td/></tr><tr><td style="white-space:nowrap">nn<a name="UKCore-HumanLanguage-nn"> </a></td><td>Norwegian Nynorsk; Nynorsk, Norwegian</td><td/></tr><tr><td style="white-space:nowrap">nb<a name="UKCore-HumanLanguage-nb"> </a></td><td>Bokmal, Norwegian; Norwegian Bokmal</td><td/></tr><tr><td style="white-space:nowrap">no<a name="UKCore-HumanLanguage-no"> </a></td><td>Norwegian</td><td/></tr><tr><td style="white-space:nowrap">ny<a name="UKCore-HumanLanguage-ny"> </a></td><td>Chichewa; Chewa; Nyanja</td><td/></tr><tr><td style="white-space:nowrap">oc<a name="UKCore-HumanLanguage-oc"> </a></td><td>Occitan (post1500); Provencal</td><td/></tr><tr><td style="white-space:nowrap">oj<a name="UKCore-HumanLanguage-oj"> </a></td><td>Ojibwa</td><td/></tr><tr><td style="white-space:nowrap">or<a name="UKCore-HumanLanguage-or"> </a></td><td>Oriya</td><td/></tr><tr><td style="white-space:nowrap">om<a name="UKCore-HumanLanguage-om"> </a></td><td>Oromo</td><td/></tr><tr><td style="white-space:nowrap">os<a name="UKCore-HumanLanguage-os"> </a></td><td>Ossetian; Ossetic</td><td/></tr><tr><td style="white-space:nowrap">pa<a name="UKCore-HumanLanguage-pa"> </a></td><td>Panjabi; Punjabi</td><td/></tr><tr><td style="white-space:nowrap">pi<a name="UKCore-HumanLanguage-pi"> </a></td><td>Pali</td><td/></tr><tr><td style="white-space:nowrap">pl<a name="UKCore-HumanLanguage-pl"> </a></td><td>Polish</td><td/></tr><tr><td style="white-space:nowrap">pt<a name="UKCore-HumanLanguage-pt"> </a></td><td>Portuguese</td><td/></tr><tr><td style="white-space:nowrap">ps<a name="UKCore-HumanLanguage-ps"> </a></td><td>Pushto</td><td/></tr><tr><td style="white-space:nowrap">qu<a name="UKCore-HumanLanguage-qu"> </a></td><td>Quechua</td><td/></tr><tr><td style="white-space:nowrap">rm<a name="UKCore-HumanLanguage-rm"> </a></td><td>Romansh</td><td/></tr><tr><td style="white-space:nowrap">ro<a name="UKCore-HumanLanguage-ro"> </a></td><td>Romanian</td><td/></tr><tr><td style="white-space:nowrap">rn<a name="UKCore-HumanLanguage-rn"> </a></td><td>Rundi</td><td/></tr><tr><td style="white-space:nowrap">ru<a name="UKCore-HumanLanguage-ru"> </a></td><td>Russian</td><td/></tr><tr><td style="white-space:nowrap">sg<a name="UKCore-HumanLanguage-sg"> </a></td><td>Sango</td><td/></tr><tr><td style="white-space:nowrap">sa<a name="UKCore-HumanLanguage-sa"> </a></td><td>Sanskrit</td><td/></tr><tr><td style="white-space:nowrap">sr<a name="UKCore-HumanLanguage-sr"> </a></td><td>Serbian</td><td/></tr><tr><td style="white-space:nowrap">si<a name="UKCore-HumanLanguage-si"> </a></td><td>Sinhala; Sinhalese</td><td/></tr><tr><td style="white-space:nowrap">sk<a name="UKCore-HumanLanguage-sk"> </a></td><td>Slovak</td><td/></tr><tr><td style="white-space:nowrap">sl<a name="UKCore-HumanLanguage-sl"> </a></td><td>Slovenian</td><td/></tr><tr><td style="white-space:nowrap">se<a name="UKCore-HumanLanguage-se"> </a></td><td>Northern Sami</td><td/></tr><tr><td style="white-space:nowrap">sm<a name="UKCore-HumanLanguage-sm"> </a></td><td>Samoan</td><td/></tr><tr><td style="white-space:nowrap">sn<a name="UKCore-HumanLanguage-sn"> </a></td><td>Shona</td><td/></tr><tr><td style="white-space:nowrap">sd<a name="UKCore-HumanLanguage-sd"> </a></td><td>Sindhi</td><td/></tr><tr><td style="white-space:nowrap">so<a name="UKCore-HumanLanguage-so"> </a></td><td>Somali</td><td/></tr><tr><td style="white-space:nowrap">st<a name="UKCore-HumanLanguage-st"> </a></td><td>Sotho, Southern</td><td/></tr><tr><td style="white-space:nowrap">es<a name="UKCore-HumanLanguage-es"> </a></td><td>Spanish; Castilian</td><td/></tr><tr><td style="white-space:nowrap">sc<a name="UKCore-HumanLanguage-sc"> </a></td><td>Sardinian</td><td/></tr><tr><td style="white-space:nowrap">ss<a name="UKCore-HumanLanguage-ss"> </a></td><td>Swati</td><td/></tr><tr><td style="white-space:nowrap">su<a name="UKCore-HumanLanguage-su"> </a></td><td>Sundanese</td><td/></tr><tr><td style="white-space:nowrap">sw<a name="UKCore-HumanLanguage-sw"> </a></td><td>Swahili</td><td/></tr><tr><td style="white-space:nowrap">sv<a name="UKCore-HumanLanguage-sv"> </a></td><td>Swedish</td><td/></tr><tr><td style="white-space:nowrap">ty<a name="UKCore-HumanLanguage-ty"> </a></td><td>Tahitian</td><td/></tr><tr><td style="white-space:nowrap">ta<a name="UKCore-HumanLanguage-ta"> </a></td><td>Tamil</td><td/></tr><tr><td style="white-space:nowrap">tt<a name="UKCore-HumanLanguage-tt"> </a></td><td>Tatar</td><td/></tr><tr><td style="white-space:nowrap">te<a name="UKCore-HumanLanguage-te"> </a></td><td>Telugu</td><td/></tr><tr><td style="white-space:nowrap">tg<a name="UKCore-HumanLanguage-tg"> </a></td><td>Tajik</td><td/></tr><tr><td style="white-space:nowrap">tl<a name="UKCore-HumanLanguage-tl"> </a></td><td>Tagalog</td><td/></tr><tr><td style="white-space:nowrap">th<a name="UKCore-HumanLanguage-th"> </a></td><td>Thai</td><td/></tr><tr><td style="white-space:nowrap">ti<a name="UKCore-HumanLanguage-ti"> </a></td><td>Tigrinya</td><td/></tr><tr><td style="white-space:nowrap">to<a name="UKCore-HumanLanguage-to"> </a></td><td>Tonga (Tonga Islands)</td><td/></tr><tr><td style="white-space:nowrap">tn<a name="UKCore-HumanLanguage-tn"> </a></td><td>Tswana</td><td/></tr><tr><td style="white-space:nowrap">ts<a name="UKCore-HumanLanguage-ts"> </a></td><td>Tsonga</td><td/></tr><tr><td style="white-space:nowrap">tk<a name="UKCore-HumanLanguage-tk"> </a></td><td>Turkmen</td><td/></tr><tr><td style="white-space:nowrap">tr<a name="UKCore-HumanLanguage-tr"> </a></td><td>Turkish</td><td/></tr><tr><td style="white-space:nowrap">tw<a name="UKCore-HumanLanguage-tw"> </a></td><td>Twi</td><td/></tr><tr><td style="white-space:nowrap">ug<a name="UKCore-HumanLanguage-ug"> </a></td><td>Uighur; Uyghur</td><td/></tr><tr><td style="white-space:nowrap">uk<a name="UKCore-HumanLanguage-uk"> </a></td><td>Ukrainian</td><td/></tr><tr><td style="white-space:nowrap">ur<a name="UKCore-HumanLanguage-ur"> </a></td><td>Urdu</td><td/></tr><tr><td style="white-space:nowrap">uz<a name="UKCore-HumanLanguage-uz"> </a></td><td>Uzbek</td><td/></tr><tr><td style="white-space:nowrap">ve<a name="UKCore-HumanLanguage-ve"> </a></td><td>Venda</td><td/></tr><tr><td style="white-space:nowrap">vi<a name="UKCore-HumanLanguage-vi"> </a></td><td>Vietnamese</td><td/></tr><tr><td style="white-space:nowrap">vo<a name="UKCore-HumanLanguage-vo"> </a></td><td>Volapuk</td><td/></tr><tr><td style="white-space:nowrap">wa<a name="UKCore-HumanLanguage-wa"> </a></td><td>Walloon</td><td/></tr><tr><td style="white-space:nowrap">wo<a name="UKCore-HumanLanguage-wo"> </a></td><td>Wolof</td><td/></tr><tr><td style="white-space:nowrap">xh<a name="UKCore-HumanLanguage-xh"> </a></td><td>Xhosa</td><td/></tr><tr><td style="white-space:nowrap">yi<a name="UKCore-HumanLanguage-yi"> </a></td><td>Yiddish</td><td/></tr><tr><td style="white-space:nowrap">yo<a name="UKCore-HumanLanguage-yo"> </a></td><td>Yoruba</td><td/></tr><tr><td style="white-space:nowrap">za<a name="UKCore-HumanLanguage-za"> </a></td><td>Zhuang; Chuang</td><td/></tr><tr><td style="white-space:nowrap">zu<a name="UKCore-HumanLanguage-zu"> </a></td><td>Zulu</td><td/></tr></table></div></text><url value="https://fhir.nhs.uk/R4/CodeSystem/UKCore-HumanLanguage"/><version value="1.0.0"/><name value="UKCoreHumanLanguage"/><title value="UK Core Human Language"/><status value="draft"/><date value="2019-10-25T01:00:00+01:00"/><publisher value="Project Wildfyre"/><contact><name value="Project Wildfyre"/><telecom><system value="email"/><value value="mailto:interoperabilityteam@nhs.net"/><use value="work"/></telecom></contact><description value="A CodeSystem that identifies the language used by a person."/><jurisdiction><coding><system value="urn:iso:std:iso:3166"/><code value="GB"/></coding></jurisdiction><copyright value="Copyright &#xA9; 2019 NHS Digital"/><caseSensitive value="true"/><content value="complete"/><concept><code value="q1"/><display value="Braille"/></concept><concept><code value="q2"/><display value="American Sign Language"/></concept><concept><code value="q3"/><display value="Australian Sign Language"/></concept><concept><code value="q4"/><display value="British Sign Language"/></concept><concept><code value="q5"/><display value="Makaton"/></concept><concept><code value="aa"/><display value="Afar"/></concept><concept><code value="ab"/><display value="Abkhazian"/></concept><concept><code value="af"/><display value="Afrikaans"/></concept><concept><code value="ak"/><display value="Akan"/></concept><concept><code value="sq"/><display value="Albanian"/></concept><concept><code value="am"/><display value="Amharic"/></concept><concept><code value="ar"/><display value="Arabic"/></concept><concept><code value="an"/><display value="Aragonese"/></concept><concept><code value="hy"/><display value="Armenian"/></concept><concept><code value="as"/><display value="Assamese"/></concept><concept><code value="av"/><display value="Avaric"/></concept><concept><code value="ae"/><display value="Avestan"/></concept><concept><code value="ay"/><display value="Aymara"/></concept><concept><code value="az"/><display value="Azerbaijani"/></concept><concept><code value="ba"/><display value="Bashkir"/></concept><concept><code value="bm"/><display value="Bambara"/></concept><concept><code value="eu"/><display value="Basque"/></concept><concept><code value="be"/><display value="Belarusian"/></concept><concept><code value="bn"/><display value="Bengali"/></concept><concept><code value="bh"/><display value="Bihari"/></concept><concept><code value="bi"/><display value="Bislama"/></concept><concept><code value="bo"/><display value="Tibetan"/></concept><concept><code value="bs"/><display value="Bosnian"/></concept><concept><code value="br"/><display value="Breton"/></concept><concept><code value="bg"/><display value="Bulgarian"/></concept><concept><code value="my"/><display value="Burmese"/></concept><concept><code value="ca"/><display value="Catalan; Valencian"/></concept><concept><code value="cs"/><display value="Czech"/></concept><concept><code value="ch"/><display value="Chamorro"/></concept><concept><code value="ce"/><display value="Chechen"/></concept><concept><code value="zh"/><display value="Chinese"/></concept><concept><code value="cu"/><display value="Church Slavic; Old Slavonic; Church Slavonic; Old Bulgarian; Old Church Slavonic"/></concept><concept><code value="cv"/><display value="Chuvash"/></concept><concept><code value="kw"/><display value="Cornish"/></concept><concept><code value="co"/><display value="Corsican"/></concept><concept><code value="cr"/><display value="Cree"/></concept><concept><code value="cy"/><display value="Welsh"/></concept><concept><code value="da"/><display value="Danish"/></concept><concept><code value="de"/><display value="German"/></concept><concept><code value="dv"/><display value="Divehi; Dhivehi; Maldivian"/></concept><concept><code value="nl"/><display value="Dutch; Flemish"/></concept><concept><code value="dz"/><display value="Dzongkha"/></concept><concept><code value="el"/><display value="Greek, Modern (1453-)"/></concept><concept><code value="en"/><display value="English"/></concept><concept><code value="eo"/><display value="Esperanto"/></concept><concept><code value="et"/><display value="Estonian"/></concept><concept><code value="ee"/><display value="Ewe"/></concept><concept><code value="fo"/><display value="Faroese"/></concept><concept><code value="fa"/><display value="Persian"/></concept><concept><code value="fj"/><display value="Fijian"/></concept><concept><code value="fi"/><display value="Finnish"/></concept><concept><code value="fr"/><display value="French"/></concept><concept><code value="fy"/><display value="Western Frisian"/></concept><concept><code value="ff"/><display value="Fulah"/></concept><concept><code value="ka"/><display value="Georgian"/></concept><concept><code value="gd"/><display value="Gaelic; Scottish Gaelic"/></concept><concept><code value="ga"/><display value="Irish"/></concept><concept><code value="gl"/><display value="Galician"/></concept><concept><code value="gv"/><display value="Manx"/></concept><concept><code value="gn"/><display value="Guarani"/></concept><concept><code value="gu"/><display value="Gujarati"/></concept><concept><code value="ht"/><display value="Haitian; Haitian Creole"/></concept><concept><code value="ha"/><display value="Hausa"/></concept><concept><code value="he"/><display value="Hebrew"/></concept><concept><code value="hz"/><display value="Herero"/></concept><concept><code value="hi"/><display value="Hindi"/></concept><concept><code value="ho"/><display value="Hiri Motu"/></concept><concept><code value="hr"/><display value="Croatian"/></concept><concept><code value="hu"/><display value="Hungarian"/></concept><concept><code value="ig"/><display value="Igbo"/></concept><concept><code value="is"/><display value="Icelandic"/></concept><concept><code value="io"/><display value="Ido"/></concept><concept><code value="ii"/><display value="Sichuan Yi"/></concept><concept><code value="iu"/><display value="Inuktitut"/></concept><concept><code value="ie"/><display value="Interlingue"/></concept><concept><code value="ia"/><display value="Interlingua (International Auxiliary Language Association)"/></concept><concept><code value="id"/><display value="Indonesian"/></concept><concept><code value="ik"/><display value="Inupiaq"/></concept><concept><code value="it"/><display value="Italian"/></concept><concept><code value="jv"/><display value="Javanese"/></concept><concept><code value="ja"/><display value="Japanese"/></concept><concept><code value="kl"/><display value="Kalaallisut; Greenlandic"/></concept><concept><code value="kn"/><display value="Kannada"/></concept><concept><code value="ks"/><display value="Kashmiri"/></concept><concept><code value="kr"/><display value="Kanuri"/></concept><concept><code value="kk"/><display value="Kazakh"/></concept><concept><code value="km"/><display value="Central Khmer"/></concept><concept><code value="ki"/><display value="Kikuyu; Gikuyu"/></concept><concept><code value="rw"/><display value="Kinyarwanda"/></concept><concept><code value="ky"/><display value="Kirghiz; Kyrgyz"/></concept><concept><code value="kv"/><display value="Komi"/></concept><concept><code value="kg"/><display value="Kongo"/></concept><concept><code value="ko"/><display value="Korean"/></concept><concept><code value="kj"/><display value="Kuanyama; Kwanyama"/></concept><concept><code value="ku"/><display value="Kurdish"/></concept><concept><code value="lo"/><display value="Lao"/></concept><concept><code value="la"/><display value="Latin"/></concept><concept><code value="lv"/><display value="Latvian"/></concept><concept><code value="li"/><display value="Limburgan; Limburger; Limburgish"/></concept><concept><code value="ln"/><display value="Lingala"/></concept><concept><code value="lt"/><display value="Lithuanian"/></concept><concept><code value="lb"/><display value="Luxembourgish; Letzeburgesch"/></concept><concept><code value="lu"/><display value="Luba-Katanga"/></concept><concept><code value="lg"/><display value="Ganda"/></concept><concept><code value="mk"/><display value="Macedonian"/></concept><concept><code value="mh"/><display value="Marshallese"/></concept><concept><code value="ml"/><display value="Malayalam"/></concept><concept><code value="mi"/><display value="Maori"/></concept><concept><code value="mr"/><display value="Marathi"/></concept><concept><code value="ms"/><display value="Malay"/></concept><concept><code value="mg"/><display value="Malagasy"/></concept><concept><code value="mt"/><display value="Maltese"/></concept><concept><code value="mo"/><display value="Moldavian"/></concept><concept><code value="mn"/><display value="Mongolian"/></concept><concept><code value="na"/><display value="Nauru"/></concept><concept><code value="nv"/><display value="Navajo; Navaho"/></concept><concept><code value="nr"/><display value="Ndebele, South; South Ndebele"/></concept><concept><code value="nd"/><display value="Ndebele, North; North Ndebele"/></concept><concept><code value="ng"/><display value="Ndonga"/></concept><concept><code value="ne"/><display value="Nepali"/></concept><concept><code value="nn"/><display value="Norwegian Nynorsk; Nynorsk, Norwegian"/></concept><concept><code value="nb"/><display value="Bokmal, Norwegian; Norwegian Bokmal"/></concept><concept><code value="no"/><display value="Norwegian"/></concept><concept><code value="ny"/><display value="Chichewa; Chewa; Nyanja"/></concept><concept><code value="oc"/><display value="Occitan (post1500); Provencal"/></concept><concept><code value="oj"/><display value="Ojibwa"/></concept><concept><code value="or"/><display value="Oriya"/></concept><concept><code value="om"/><display value="Oromo"/></concept><concept><code value="os"/><display value="Ossetian; Ossetic"/></concept><concept><code value="pa"/><display value="Panjabi; Punjabi"/></concept><concept><code value="pi"/><display value="Pali"/></concept><concept><code value="pl"/><display value="Polish"/></concept><concept><code value="pt"/><display value="Portuguese"/></concept><concept><code value="ps"/><display value="Pushto"/></concept><concept><code value="qu"/><display value="Quechua"/></concept><concept><code value="rm"/><display value="Romansh"/></concept><concept><code value="ro"/><display value="Romanian"/></concept><concept><code value="rn"/><display value="Rundi"/></concept><concept><code value="ru"/><display value="Russian"/></concept><concept><code value="sg"/><display value="Sango"/></concept><concept><code value="sa"/><display value="Sanskrit"/></concept><concept><code value="sr"/><display value="Serbian"/></concept><concept><code value="si"/><display value="Sinhala; Sinhalese"/></concept><concept><code value="sk"/><display value="Slovak"/></concept><concept><code value="sl"/><display value="Slovenian"/></concept><concept><code value="se"/><display value="Northern Sami"/></concept><concept><code value="sm"/><display value="Samoan"/></concept><concept><code value="sn"/><display value="Shona"/></concept><concept><code value="sd"/><display value="Sindhi"/></concept><concept><code value="so"/><display value="Somali"/></concept><concept><code value="st"/><display value="Sotho, Southern"/></concept><concept><code value="es"/><display value="Spanish; Castilian"/></concept><concept><code value="sc"/><display value="Sardinian"/></concept><concept><code value="ss"/><display value="Swati"/></concept><concept><code value="su"/><display value="Sundanese"/></concept><concept><code value="sw"/><display value="Swahili"/></concept><concept><code value="sv"/><display value="Swedish"/></concept><concept><code value="ty"/><display value="Tahitian"/></concept><concept><code value="ta"/><display value="Tamil"/></concept><concept><code value="tt"/><display value="Tatar"/></concept><concept><code value="te"/><display value="Telugu"/></concept><concept><code value="tg"/><display value="Tajik"/></concept><concept><code value="tl"/><display value="Tagalog"/></concept><concept><code value="th"/><display value="Thai"/></concept><concept><code value="ti"/><display value="Tigrinya"/></concept><concept><code value="to"/><display value="Tonga (Tonga Islands)"/></concept><concept><code value="tn"/><display value="Tswana"/></concept><concept><code value="ts"/><display value="Tsonga"/></concept><concept><code value="tk"/><display value="Turkmen"/></concept><concept><code value="tr"/><display value="Turkish"/></concept><concept><code value="tw"/><display value="Twi"/></concept><concept><code value="ug"/><display value="Uighur; Uyghur"/></concept><concept><code value="uk"/><display value="Ukrainian"/></concept><concept><code value="ur"/><display value="Urdu"/></concept><concept><code value="uz"/><display value="Uzbek"/></concept><concept><code value="ve"/><display value="Venda"/></concept><concept><code value="vi"/><display value="Vietnamese"/></concept><concept><code value="vo"/><display value="Volapuk"/></concept><concept><code value="wa"/><display value="Walloon"/></concept><concept><code value="wo"/><display value="Wolof"/></concept><concept><code value="xh"/><display value="Xhosa"/></concept><concept><code value="yi"/><display value="Yiddish"/></concept><concept><code value="yo"/><display value="Yoruba"/></concept><concept><code value="za"/><display value="Zhuang; Chuang"/></concept><concept><code value="zu"/><display value="Zulu"/></concept></CodeSystem>