<?xml version="1.0" encoding="UTF-8"?><CodeSystem xmlns="http://hl7.org/fhir"><id value="UKCore-SDSJobRoleName"/><text><status value="generated"/><div xmlns="http://www.w3.org/1999/xhtml"><h2>UK Core SDS Job Role Name</h2><div><p>A CodeSystem that identifies the job role associated with the person on the smart card. This consists of a set of Role Based Access Control (RBAC) codes. This code list is externally maintained.</p>
</div><p><b>Copyright Statement:</b> Copyright &#xA9; 2019 NHS Digital</p><p>This code system https://fhir.nhs.uk/R4/CodeSystem/UKCore-SDSJobRoleName defines the following codes:</p><table class="codes"><tr><td style="white-space:nowrap"><b>Code</b></td><td><b>Display</b></td><td><b>Definition</b></td></tr><tr><td style="white-space:nowrap">R0010<a name="UKCore-SDSJobRoleName-R0010"> </a></td><td>Medical Director</td><td/></tr><tr><td style="white-space:nowrap">R0020<a name="UKCore-SDSJobRoleName-R0020"> </a></td><td>Clinical Director - Medical</td><td/></tr><tr><td style="white-space:nowrap">R0210<a name="UKCore-SDSJobRoleName-R0210"> </a></td><td>Director of Public Health</td><td/></tr><tr><td style="white-space:nowrap">R0030<a name="UKCore-SDSJobRoleName-R0030"> </a></td><td>Professor</td><td/></tr><tr><td style="white-space:nowrap">R0040<a name="UKCore-SDSJobRoleName-R0040"> </a></td><td>Senior Lecturer</td><td/></tr><tr><td style="white-space:nowrap">R0050<a name="UKCore-SDSJobRoleName-R0050"> </a></td><td>Consultant</td><td/></tr><tr><td style="white-space:nowrap">R0060<a name="UKCore-SDSJobRoleName-R0060"> </a></td><td>Special Salary Scale in Public Health Medicine</td><td/></tr><tr><td style="white-space:nowrap">R0070<a name="UKCore-SDSJobRoleName-R0070"> </a></td><td>Associate Specialist</td><td/></tr><tr><td style="white-space:nowrap">R0080<a name="UKCore-SDSJobRoleName-R0080"> </a></td><td>Staff Grade</td><td/></tr><tr><td style="white-space:nowrap">R0090<a name="UKCore-SDSJobRoleName-R0090"> </a></td><td>Hospital Practitioner</td><td/></tr><tr><td style="white-space:nowrap">R0100<a name="UKCore-SDSJobRoleName-R0100"> </a></td><td>Clinical Assistant</td><td/></tr><tr><td style="white-space:nowrap">R0110<a name="UKCore-SDSJobRoleName-R0110"> </a></td><td>Specialist Registrar</td><td/></tr><tr><td style="white-space:nowrap">R0120<a name="UKCore-SDSJobRoleName-R0120"> </a></td><td>Senior Registrar (Closed)</td><td/></tr><tr><td style="white-space:nowrap">R0130<a name="UKCore-SDSJobRoleName-R0130"> </a></td><td>Registrar (Closed)</td><td/></tr><tr><td style="white-space:nowrap">R0140<a name="UKCore-SDSJobRoleName-R0140"> </a></td><td>Senior House Officer</td><td/></tr><tr><td style="white-space:nowrap">R0150<a name="UKCore-SDSJobRoleName-R0150"> </a></td><td>House Officer - Pre Registration</td><td/></tr><tr><td style="white-space:nowrap">R0160<a name="UKCore-SDSJobRoleName-R0160"> </a></td><td>House Officer - Post Registration</td><td/></tr><tr><td style="white-space:nowrap">R0170<a name="UKCore-SDSJobRoleName-R0170"> </a></td><td>Trust Grade Doctor - House Officer level</td><td/></tr><tr><td style="white-space:nowrap">R0180<a name="UKCore-SDSJobRoleName-R0180"> </a></td><td>Trust Grade Doctor - SHO level</td><td/></tr><tr><td style="white-space:nowrap">R0190<a name="UKCore-SDSJobRoleName-R0190"> </a></td><td>Trust Grade Doctor - Specialist Registrar level</td><td/></tr><tr><td style="white-space:nowrap">R0200<a name="UKCore-SDSJobRoleName-R0200"> </a></td><td>Trust Grade Doctor - Career Grade level</td><td/></tr><tr><td style="white-space:nowrap">R0260<a name="UKCore-SDSJobRoleName-R0260"> </a></td><td>General Medical Practitioner</td><td/></tr><tr><td style="white-space:nowrap">R0270<a name="UKCore-SDSJobRoleName-R0270"> </a></td><td>Salaried General Practitioner</td><td/></tr><tr><td style="white-space:nowrap">R1981<a name="UKCore-SDSJobRoleName-R1981"> </a></td><td>Psychiatrist</td><td/></tr><tr><td style="white-space:nowrap">R1984<a name="UKCore-SDSJobRoleName-R1984"> </a></td><td>Health Records Administrator</td><td/></tr><tr><td style="white-space:nowrap">R6200<a name="UKCore-SDSJobRoleName-R6200"> </a></td><td>GP Registrar</td><td/></tr><tr><td style="white-space:nowrap">R6300<a name="UKCore-SDSJobRoleName-R6300"> </a></td><td>Sessional GP</td><td/></tr><tr><td style="white-space:nowrap">R7140<a name="UKCore-SDSJobRoleName-R7140"> </a></td><td>ODP</td><td/></tr><tr><td style="white-space:nowrap">R7150<a name="UKCore-SDSJobRoleName-R7150"> </a></td><td>SODP</td><td/></tr><tr><td style="white-space:nowrap">R9100<a name="UKCore-SDSJobRoleName-R9100"> </a></td><td>A&amp;E Staff Nurse (Temporary)  London Cluster Only</td><td/></tr><tr><td style="white-space:nowrap">R9101<a name="UKCore-SDSJobRoleName-R9101"> </a></td><td>A&amp;E Manager (Temporary) London Cluster Only</td><td/></tr><tr><td style="white-space:nowrap">R9102<a name="UKCore-SDSJobRoleName-R9102"> </a></td><td>A&amp;E Doctor  (Temporary) London Cluster only</td><td/></tr><tr><td style="white-space:nowrap">R9103<a name="UKCore-SDSJobRoleName-R9103"> </a></td><td>A&amp;E Student (Temporary) London Cluster Only</td><td/></tr><tr><td style="white-space:nowrap">R9104<a name="UKCore-SDSJobRoleName-R9104"> </a></td><td>A&amp;E Clerk (Temporary) London Cluster Only</td><td/></tr><tr><td style="white-space:nowrap">R0215<a name="UKCore-SDSJobRoleName-R0215"> </a></td><td>Assistant Clinical Medical Officer</td><td/></tr><tr><td style="white-space:nowrap">R0220<a name="UKCore-SDSJobRoleName-R0220"> </a></td><td>Clinical Medical Officer</td><td/></tr><tr><td style="white-space:nowrap">R0230<a name="UKCore-SDSJobRoleName-R0230"> </a></td><td>Senior Clinical Medical Officer</td><td/></tr><tr><td style="white-space:nowrap">R0240<a name="UKCore-SDSJobRoleName-R0240"> </a></td><td>Other Community Health Service</td><td/></tr><tr><td style="white-space:nowrap">R0243<a name="UKCore-SDSJobRoleName-R0243"> </a></td><td>Other Community Health Service - Social Care Worker</td><td/></tr><tr><td style="white-space:nowrap">R0247<a name="UKCore-SDSJobRoleName-R0247"> </a></td><td>Other Community Health Service - Admin Clerk</td><td/></tr><tr><td style="white-space:nowrap">R0055<a name="UKCore-SDSJobRoleName-R0055"> </a></td><td>Dental Surgeon acting as Hospital Consultant</td><td/></tr><tr><td style="white-space:nowrap">R0250<a name="UKCore-SDSJobRoleName-R0250"> </a></td><td>General Dental Practitioner</td><td/></tr><tr><td style="white-space:nowrap">R0280<a name="UKCore-SDSJobRoleName-R0280"> </a></td><td>Regional Dental Officer</td><td/></tr><tr><td style="white-space:nowrap">R0290<a name="UKCore-SDSJobRoleName-R0290"> </a></td><td>Dental Clinical Director - Dental</td><td/></tr><tr><td style="white-space:nowrap">R0295<a name="UKCore-SDSJobRoleName-R0295"> </a></td><td>Dental Assistant Clinical Director</td><td/></tr><tr><td style="white-space:nowrap">R0300<a name="UKCore-SDSJobRoleName-R0300"> </a></td><td>Dental Officer</td><td/></tr><tr><td style="white-space:nowrap">R0310<a name="UKCore-SDSJobRoleName-R0310"> </a></td><td>Senior Dental Officer</td><td/></tr><tr><td style="white-space:nowrap">R0320<a name="UKCore-SDSJobRoleName-R0320"> </a></td><td>Salaried Dental Practitioner</td><td/></tr><tr><td style="white-space:nowrap">R0006<a name="UKCore-SDSJobRoleName-R0006"> </a></td><td>Student Community Practitioner</td><td/></tr><tr><td style="white-space:nowrap">R0330<a name="UKCore-SDSJobRoleName-R0330"> </a></td><td>Student Nurse - Adult Branch</td><td/></tr><tr><td style="white-space:nowrap">R0340<a name="UKCore-SDSJobRoleName-R0340"> </a></td><td>Student Nurse - Child Branch</td><td/></tr><tr><td style="white-space:nowrap">R0350<a name="UKCore-SDSJobRoleName-R0350"> </a></td><td>Student Nurse - Mental Health Branch</td><td/></tr><tr><td style="white-space:nowrap">R0360<a name="UKCore-SDSJobRoleName-R0360"> </a></td><td>Student Nurse - Learning Disabilities Branch</td><td/></tr><tr><td style="white-space:nowrap">R0370<a name="UKCore-SDSJobRoleName-R0370"> </a></td><td>Student Midwife</td><td/></tr><tr><td style="white-space:nowrap">R0380<a name="UKCore-SDSJobRoleName-R0380"> </a></td><td>Student Health Visitor</td><td/></tr><tr><td style="white-space:nowrap">R0390<a name="UKCore-SDSJobRoleName-R0390"> </a></td><td>Student District Nurse</td><td/></tr><tr><td style="white-space:nowrap">R0400<a name="UKCore-SDSJobRoleName-R0400"> </a></td><td>Student School Nurse</td><td/></tr><tr><td style="white-space:nowrap">R0410<a name="UKCore-SDSJobRoleName-R0410"> </a></td><td>Student Practice Nurse</td><td/></tr><tr><td style="white-space:nowrap">R0420<a name="UKCore-SDSJobRoleName-R0420"> </a></td><td>Student Occupational Health Nurse</td><td/></tr><tr><td style="white-space:nowrap">R0430<a name="UKCore-SDSJobRoleName-R0430"> </a></td><td>Student Community Paediatric Nurse</td><td/></tr><tr><td style="white-space:nowrap">R0440<a name="UKCore-SDSJobRoleName-R0440"> </a></td><td>Student Community Mental Health Nurse</td><td/></tr><tr><td style="white-space:nowrap">R0450<a name="UKCore-SDSJobRoleName-R0450"> </a></td><td>Student Community Learning Disabilities Nurse</td><td/></tr><tr><td style="white-space:nowrap">R0460<a name="UKCore-SDSJobRoleName-R0460"> </a></td><td>Student Chiropodist</td><td/></tr><tr><td style="white-space:nowrap">R0470<a name="UKCore-SDSJobRoleName-R0470"> </a></td><td>Student Dietitian</td><td/></tr><tr><td style="white-space:nowrap">R0480<a name="UKCore-SDSJobRoleName-R0480"> </a></td><td>Student Occupational Therapist</td><td/></tr><tr><td style="white-space:nowrap">R0490<a name="UKCore-SDSJobRoleName-R0490"> </a></td><td>Student Orthoptist</td><td/></tr><tr><td style="white-space:nowrap">R0500<a name="UKCore-SDSJobRoleName-R0500"> </a></td><td>Student Physiotherapist</td><td/></tr><tr><td style="white-space:nowrap">R0510<a name="UKCore-SDSJobRoleName-R0510"> </a></td><td>Student Radiographer - Diagnostic</td><td/></tr><tr><td style="white-space:nowrap">R0520<a name="UKCore-SDSJobRoleName-R0520"> </a></td><td>Student Radiographer - Therapeutic</td><td/></tr><tr><td style="white-space:nowrap">R0530<a name="UKCore-SDSJobRoleName-R0530"> </a></td><td>Student Speech &amp; Language Therapist</td><td/></tr><tr><td style="white-space:nowrap">R0540<a name="UKCore-SDSJobRoleName-R0540"> </a></td><td>Art, Music &amp; Drama Student</td><td/></tr><tr><td style="white-space:nowrap">R0550<a name="UKCore-SDSJobRoleName-R0550"> </a></td><td>Student Psychotherapist</td><td/></tr><tr><td style="white-space:nowrap">R6400<a name="UKCore-SDSJobRoleName-R6400"> </a></td><td>Medical Student</td><td/></tr><tr><td style="white-space:nowrap">R0560<a name="UKCore-SDSJobRoleName-R0560"> </a></td><td>Director of Nursing</td><td/></tr><tr><td style="white-space:nowrap">R0580<a name="UKCore-SDSJobRoleName-R0580"> </a></td><td>Nurse Manager</td><td/></tr><tr><td style="white-space:nowrap">R0610<a name="UKCore-SDSJobRoleName-R0610"> </a></td><td>Sister/Charge Nurse</td><td/></tr><tr><td style="white-space:nowrap">R1976<a name="UKCore-SDSJobRoleName-R1976"> </a></td><td>Community Team Manager</td><td/></tr><tr><td style="white-space:nowrap">R0570<a name="UKCore-SDSJobRoleName-R0570"> </a></td><td>Nurse Consultant</td><td/></tr><tr><td style="white-space:nowrap">R0600<a name="UKCore-SDSJobRoleName-R0600"> </a></td><td>Specialist Nurse Practitioner</td><td/></tr><tr><td style="white-space:nowrap">R0620<a name="UKCore-SDSJobRoleName-R0620"> </a></td><td>Staff Nurse</td><td/></tr><tr><td style="white-space:nowrap">R0630<a name="UKCore-SDSJobRoleName-R0630"> </a></td><td>Enrolled Nurse</td><td/></tr><tr><td style="white-space:nowrap">R0690<a name="UKCore-SDSJobRoleName-R0690"> </a></td><td>Community Practitioner</td><td/></tr><tr><td style="white-space:nowrap">R0700<a name="UKCore-SDSJobRoleName-R0700"> </a></td><td>Community Nurse</td><td/></tr><tr><td style="white-space:nowrap">R1974<a name="UKCore-SDSJobRoleName-R1974"> </a></td><td>Community Learning Disabilities Nurse</td><td/></tr><tr><td style="white-space:nowrap">R1975<a name="UKCore-SDSJobRoleName-R1975"> </a></td><td>Community Mental Health Nurse</td><td/></tr><tr><td style="white-space:nowrap">R0590<a name="UKCore-SDSJobRoleName-R0590"> </a></td><td>Modern Matron</td><td/></tr><tr><td style="white-space:nowrap">R1972<a name="UKCore-SDSJobRoleName-R1972"> </a></td><td>Clinical Team Manager</td><td/></tr><tr><td style="white-space:nowrap">R0640<a name="UKCore-SDSJobRoleName-R0640"> </a></td><td>Midwife - Consultant</td><td/></tr><tr><td style="white-space:nowrap">R0650<a name="UKCore-SDSJobRoleName-R0650"> </a></td><td>Midwife - Specialist Practitioner</td><td/></tr><tr><td style="white-space:nowrap">R0660<a name="UKCore-SDSJobRoleName-R0660"> </a></td><td>Midwife - Manager</td><td/></tr><tr><td style="white-space:nowrap">R0670<a name="UKCore-SDSJobRoleName-R0670"> </a></td><td>Midwife - Sister/Charge Nurse</td><td/></tr><tr><td style="white-space:nowrap">R0680<a name="UKCore-SDSJobRoleName-R0680"> </a></td><td>Midwife</td><td/></tr><tr><td style="white-space:nowrap">R0018<a name="UKCore-SDSJobRoleName-R0018"> </a></td><td>Audiologist</td><td/></tr><tr><td style="white-space:nowrap">R0750<a name="UKCore-SDSJobRoleName-R0750"> </a></td><td>Chiropodist/Podiatrist</td><td/></tr><tr><td style="white-space:nowrap">R0760<a name="UKCore-SDSJobRoleName-R0760"> </a></td><td>Chiropodist/Podiatrist Consultant</td><td/></tr><tr><td style="white-space:nowrap">R0770<a name="UKCore-SDSJobRoleName-R0770"> </a></td><td>Chiropodist/Podiatrist Manager</td><td/></tr><tr><td style="white-space:nowrap">R0780<a name="UKCore-SDSJobRoleName-R0780"> </a></td><td>Chiropodist/Podiatrist Specialist Practitioner</td><td/></tr><tr><td style="white-space:nowrap">R0790<a name="UKCore-SDSJobRoleName-R0790"> </a></td><td>Dietitian</td><td/></tr><tr><td style="white-space:nowrap">R0800<a name="UKCore-SDSJobRoleName-R0800"> </a></td><td>Dietitian Consultant</td><td/></tr><tr><td style="white-space:nowrap">R0810<a name="UKCore-SDSJobRoleName-R0810"> </a></td><td>Dietitian Manager</td><td/></tr><tr><td style="white-space:nowrap">R0820<a name="UKCore-SDSJobRoleName-R0820"> </a></td><td>Dietitian Specialist Practitioner</td><td/></tr><tr><td style="white-space:nowrap">R0950<a name="UKCore-SDSJobRoleName-R0950"> </a></td><td>Occupational Therapist</td><td/></tr><tr><td style="white-space:nowrap">R0960<a name="UKCore-SDSJobRoleName-R0960"> </a></td><td>Occupational Therapist Consultant</td><td/></tr><tr><td style="white-space:nowrap">R0970<a name="UKCore-SDSJobRoleName-R0970"> </a></td><td>Occupational Therapist Manager</td><td/></tr><tr><td style="white-space:nowrap">R0980<a name="UKCore-SDSJobRoleName-R0980"> </a></td><td>Occupational Therapy Specialist Practitioner</td><td/></tr><tr><td style="white-space:nowrap">R0990<a name="UKCore-SDSJobRoleName-R0990"> </a></td><td>Orthoptist</td><td/></tr><tr><td style="white-space:nowrap">R1000<a name="UKCore-SDSJobRoleName-R1000"> </a></td><td>Orthoptist Consultant</td><td/></tr><tr><td style="white-space:nowrap">R1010<a name="UKCore-SDSJobRoleName-R1010"> </a></td><td>Orthoptist Manager</td><td/></tr><tr><td style="white-space:nowrap">R1020<a name="UKCore-SDSJobRoleName-R1020"> </a></td><td>Orthoptist Specialist Practitioner</td><td/></tr><tr><td style="white-space:nowrap">R1110<a name="UKCore-SDSJobRoleName-R1110"> </a></td><td>Physiotherapist</td><td/></tr><tr><td style="white-space:nowrap">R1120<a name="UKCore-SDSJobRoleName-R1120"> </a></td><td>Physiotherapist Consultant</td><td/></tr><tr><td style="white-space:nowrap">R1130<a name="UKCore-SDSJobRoleName-R1130"> </a></td><td>Physiotherapist Manager</td><td/></tr><tr><td style="white-space:nowrap">R1140<a name="UKCore-SDSJobRoleName-R1140"> </a></td><td>Physiotherapist Specialist Practitioner</td><td/></tr><tr><td style="white-space:nowrap">R1070<a name="UKCore-SDSJobRoleName-R1070"> </a></td><td>Paramedic</td><td/></tr><tr><td style="white-space:nowrap">R1080<a name="UKCore-SDSJobRoleName-R1080"> </a></td><td>Paramedic Consultant</td><td/></tr><tr><td style="white-space:nowrap">R1090<a name="UKCore-SDSJobRoleName-R1090"> </a></td><td>Paramedic Manager</td><td/></tr><tr><td style="white-space:nowrap">R1100<a name="UKCore-SDSJobRoleName-R1100"> </a></td><td>Paramedic Specialist Practitioner</td><td/></tr><tr><td style="white-space:nowrap">R0003<a name="UKCore-SDSJobRoleName-R0003"> </a></td><td>Clinical Application Administrator</td><td/></tr><tr><td style="white-space:nowrap">R0012<a name="UKCore-SDSJobRoleName-R0012"> </a></td><td>Radiographer</td><td/></tr><tr><td style="white-space:nowrap">R0013<a name="UKCore-SDSJobRoleName-R0013"> </a></td><td>Student Radiographer</td><td/></tr><tr><td style="white-space:nowrap">R0014<a name="UKCore-SDSJobRoleName-R0014"> </a></td><td>Radiologist</td><td/></tr><tr><td style="white-space:nowrap">R0015<a name="UKCore-SDSJobRoleName-R0015"> </a></td><td>PACS Administrator</td><td/></tr><tr><td style="white-space:nowrap">R0016<a name="UKCore-SDSJobRoleName-R0016"> </a></td><td>Reporting Radiographer</td><td/></tr><tr><td style="white-space:nowrap">R0017<a name="UKCore-SDSJobRoleName-R0017"> </a></td><td>Assistant Practitioner</td><td/></tr><tr><td style="white-space:nowrap">R1190<a name="UKCore-SDSJobRoleName-R1190"> </a></td><td>Radiographer - Diagnostic</td><td/></tr><tr><td style="white-space:nowrap">R1200<a name="UKCore-SDSJobRoleName-R1200"> </a></td><td>Radiographer - Diagnostic, Consultant</td><td/></tr><tr><td style="white-space:nowrap">R1210<a name="UKCore-SDSJobRoleName-R1210"> </a></td><td>Radiographer - Diagnostic, Manager</td><td/></tr><tr><td style="white-space:nowrap">R1220<a name="UKCore-SDSJobRoleName-R1220"> </a></td><td>Radiographer - Diagnostic, Specialist Practitioner</td><td/></tr><tr><td style="white-space:nowrap">R1230<a name="UKCore-SDSJobRoleName-R1230"> </a></td><td>Radiographer - Therapeutic</td><td/></tr><tr><td style="white-space:nowrap">R1240<a name="UKCore-SDSJobRoleName-R1240"> </a></td><td>Radiographer - Therapeutic, Consultant</td><td/></tr><tr><td style="white-space:nowrap">R1250<a name="UKCore-SDSJobRoleName-R1250"> </a></td><td>Radiographer - Therapeutic, Manager</td><td/></tr><tr><td style="white-space:nowrap">R1260<a name="UKCore-SDSJobRoleName-R1260"> </a></td><td>Radiographer - Therapeutic, Specialist Practitioner</td><td/></tr><tr><td style="white-space:nowrap">R1030<a name="UKCore-SDSJobRoleName-R1030"> </a></td><td>Orthotist</td><td/></tr><tr><td style="white-space:nowrap">R1040<a name="UKCore-SDSJobRoleName-R1040"> </a></td><td>Orthotist Consultant</td><td/></tr><tr><td style="white-space:nowrap">R1050<a name="UKCore-SDSJobRoleName-R1050"> </a></td><td>Orthotist Manager</td><td/></tr><tr><td style="white-space:nowrap">R1060<a name="UKCore-SDSJobRoleName-R1060"> </a></td><td>Orthotist Specialist Practitioner</td><td/></tr><tr><td style="white-space:nowrap">R1150<a name="UKCore-SDSJobRoleName-R1150"> </a></td><td>Prosthetist</td><td/></tr><tr><td style="white-space:nowrap">R1160<a name="UKCore-SDSJobRoleName-R1160"> </a></td><td>Prosthetist Consultant</td><td/></tr><tr><td style="white-space:nowrap">R1170<a name="UKCore-SDSJobRoleName-R1170"> </a></td><td>Prosthetist Manager</td><td/></tr><tr><td style="white-space:nowrap">R1180<a name="UKCore-SDSJobRoleName-R1180"> </a></td><td>Prosthetist Specialist Practitioner</td><td/></tr><tr><td style="white-space:nowrap">R0710<a name="UKCore-SDSJobRoleName-R0710"> </a></td><td>Art Therapist</td><td/></tr><tr><td style="white-space:nowrap">R0720<a name="UKCore-SDSJobRoleName-R0720"> </a></td><td>Art Therapist Consultant</td><td/></tr><tr><td style="white-space:nowrap">R0730<a name="UKCore-SDSJobRoleName-R0730"> </a></td><td>Art Therapist Manager</td><td/></tr><tr><td style="white-space:nowrap">R0740<a name="UKCore-SDSJobRoleName-R0740"> </a></td><td>Art Therapist Specialist Practitioner</td><td/></tr><tr><td style="white-space:nowrap">R0830<a name="UKCore-SDSJobRoleName-R0830"> </a></td><td>Drama Therapist</td><td/></tr><tr><td style="white-space:nowrap">R0840<a name="UKCore-SDSJobRoleName-R0840"> </a></td><td>Drama Therapist Consultant</td><td/></tr><tr><td style="white-space:nowrap">R0850<a name="UKCore-SDSJobRoleName-R0850"> </a></td><td>Drama Therapist Manager</td><td/></tr><tr><td style="white-space:nowrap">R0860<a name="UKCore-SDSJobRoleName-R0860"> </a></td><td>Drama Therapist Specialist Practitioner</td><td/></tr><tr><td style="white-space:nowrap">R0870<a name="UKCore-SDSJobRoleName-R0870"> </a></td><td>Multi Therapist</td><td/></tr><tr><td style="white-space:nowrap">R0880<a name="UKCore-SDSJobRoleName-R0880"> </a></td><td>Multi Therapist Consultant</td><td/></tr><tr><td style="white-space:nowrap">R0890<a name="UKCore-SDSJobRoleName-R0890"> </a></td><td>Multi Therapist Manager</td><td/></tr><tr><td style="white-space:nowrap">R0900<a name="UKCore-SDSJobRoleName-R0900"> </a></td><td>Multi Therapist Specialist Practitioner</td><td/></tr><tr><td style="white-space:nowrap">R0910<a name="UKCore-SDSJobRoleName-R0910"> </a></td><td>Music Therapist</td><td/></tr><tr><td style="white-space:nowrap">R0920<a name="UKCore-SDSJobRoleName-R0920"> </a></td><td>Music Therapist Consultant</td><td/></tr><tr><td style="white-space:nowrap">R0930<a name="UKCore-SDSJobRoleName-R0930"> </a></td><td>Music Therapist Manager</td><td/></tr><tr><td style="white-space:nowrap">R0940<a name="UKCore-SDSJobRoleName-R0940"> </a></td><td>Music Therapist Specialist Practitioner</td><td/></tr><tr><td style="white-space:nowrap">R0955<a name="UKCore-SDSJobRoleName-R0955"> </a></td><td>Speech &amp; Language Therapist</td><td/></tr><tr><td style="white-space:nowrap">R0965<a name="UKCore-SDSJobRoleName-R0965"> </a></td><td>Speech &amp; Language Therapist Consultant</td><td/></tr><tr><td style="white-space:nowrap">R0975<a name="UKCore-SDSJobRoleName-R0975"> </a></td><td>Speech &amp; Language Therapist Manager</td><td/></tr><tr><td style="white-space:nowrap">R0985<a name="UKCore-SDSJobRoleName-R0985"> </a></td><td>Speech &amp; Language Therapist Specialist Practitioner</td><td/></tr><tr><td style="white-space:nowrap">R9500<a name="UKCore-SDSJobRoleName-R9500"> </a></td><td>Social Services Senior Management</td><td/></tr><tr><td style="white-space:nowrap">R9505<a name="UKCore-SDSJobRoleName-R9505"> </a></td><td>Social Services Policy and Planning</td><td/></tr><tr><td style="white-space:nowrap">R9510<a name="UKCore-SDSJobRoleName-R9510"> </a></td><td>Social Services Information Manager</td><td/></tr><tr><td style="white-space:nowrap">R9515<a name="UKCore-SDSJobRoleName-R9515"> </a></td><td>Social Work Team Manager (Children)</td><td/></tr><tr><td style="white-space:nowrap">R9520<a name="UKCore-SDSJobRoleName-R9520"> </a></td><td>Senior Social Worker (Children)</td><td/></tr><tr><td style="white-space:nowrap">R9525<a name="UKCore-SDSJobRoleName-R9525"> </a></td><td>Social Services Care Manager (Children)</td><td/></tr><tr><td style="white-space:nowrap">R9530<a name="UKCore-SDSJobRoleName-R9530"> </a></td><td>Social Work Assistant (Children)</td><td/></tr><tr><td style="white-space:nowrap">R9535<a name="UKCore-SDSJobRoleName-R9535"> </a></td><td>Child Protection Worker</td><td/></tr><tr><td style="white-space:nowrap">R9540<a name="UKCore-SDSJobRoleName-R9540"> </a></td><td>Family Placement Worker</td><td/></tr><tr><td style="white-space:nowrap">R9545<a name="UKCore-SDSJobRoleName-R9545"> </a></td><td>Community Worker (Children)</td><td/></tr><tr><td style="white-space:nowrap">R9550<a name="UKCore-SDSJobRoleName-R9550"> </a></td><td>Occupational Therapist</td><td/></tr><tr><td style="white-space:nowrap">R9555<a name="UKCore-SDSJobRoleName-R9555"> </a></td><td>Occupational Therapist Assistant</td><td/></tr><tr><td style="white-space:nowrap">R9560<a name="UKCore-SDSJobRoleName-R9560"> </a></td><td>Occupational Therapy Team Manager</td><td/></tr><tr><td style="white-space:nowrap">R9565<a name="UKCore-SDSJobRoleName-R9565"> </a></td><td>Social Work Team Manager (Adults)</td><td/></tr><tr><td style="white-space:nowrap">R9570<a name="UKCore-SDSJobRoleName-R9570"> </a></td><td>Senior Social Worker (Adults)</td><td/></tr><tr><td style="white-space:nowrap">R9575<a name="UKCore-SDSJobRoleName-R9575"> </a></td><td>Social Services Care Manager (Adults)</td><td/></tr><tr><td style="white-space:nowrap">R9580<a name="UKCore-SDSJobRoleName-R9580"> </a></td><td>Social Work Assistant (Adults)</td><td/></tr><tr><td style="white-space:nowrap">R9585<a name="UKCore-SDSJobRoleName-R9585"> </a></td><td>Social Work Team Manager (Mental Health)</td><td/></tr><tr><td style="white-space:nowrap">R9590<a name="UKCore-SDSJobRoleName-R9590"> </a></td><td>Senior Social Worker (Mental Health)</td><td/></tr><tr><td style="white-space:nowrap">R9595<a name="UKCore-SDSJobRoleName-R9595"> </a></td><td>Social Services Care Manager (Mental Health)</td><td/></tr><tr><td style="white-space:nowrap">R9600<a name="UKCore-SDSJobRoleName-R9600"> </a></td><td>Social Work Assistant (Mental Health)</td><td/></tr><tr><td style="white-space:nowrap">R9605<a name="UKCore-SDSJobRoleName-R9605"> </a></td><td>Emergency Duty Social Worker</td><td/></tr><tr><td style="white-space:nowrap">R9615<a name="UKCore-SDSJobRoleName-R9615"> </a></td><td>Social Services Driver</td><td/></tr><tr><td style="white-space:nowrap">R9620<a name="UKCore-SDSJobRoleName-R9620"> </a></td><td>Home Care Organiser</td><td/></tr><tr><td style="white-space:nowrap">R9625<a name="UKCore-SDSJobRoleName-R9625"> </a></td><td>Home Care Administrator</td><td/></tr><tr><td style="white-space:nowrap">R9630<a name="UKCore-SDSJobRoleName-R9630"> </a></td><td>Home Help</td><td/></tr><tr><td style="white-space:nowrap">R9635<a name="UKCore-SDSJobRoleName-R9635"> </a></td><td>Warden</td><td/></tr><tr><td style="white-space:nowrap">R9640<a name="UKCore-SDSJobRoleName-R9640"> </a></td><td>Meals on Wheels Organiser</td><td/></tr><tr><td style="white-space:nowrap">R9645<a name="UKCore-SDSJobRoleName-R9645"> </a></td><td>Meals Delivery</td><td/></tr><tr><td style="white-space:nowrap">R9650<a name="UKCore-SDSJobRoleName-R9650"> </a></td><td>Day Centre Manager</td><td/></tr><tr><td style="white-space:nowrap">R9655<a name="UKCore-SDSJobRoleName-R9655"> </a></td><td>Day Centre Deputy</td><td/></tr><tr><td style="white-space:nowrap">R9660<a name="UKCore-SDSJobRoleName-R9660"> </a></td><td>Day Centre Officer</td><td/></tr><tr><td style="white-space:nowrap">R9665<a name="UKCore-SDSJobRoleName-R9665"> </a></td><td>Day Centre Care Staff</td><td/></tr><tr><td style="white-space:nowrap">R9670<a name="UKCore-SDSJobRoleName-R9670"> </a></td><td>Family Centre Manager</td><td/></tr><tr><td style="white-space:nowrap">R9675<a name="UKCore-SDSJobRoleName-R9675"> </a></td><td>Family Centre Deputy</td><td/></tr><tr><td style="white-space:nowrap">R9680<a name="UKCore-SDSJobRoleName-R9680"> </a></td><td>Family Centre Worker</td><td/></tr><tr><td style="white-space:nowrap">R9685<a name="UKCore-SDSJobRoleName-R9685"> </a></td><td>Nursery Manager</td><td/></tr><tr><td style="white-space:nowrap">R9690<a name="UKCore-SDSJobRoleName-R9690"> </a></td><td>Nursery Deputy</td><td/></tr><tr><td style="white-space:nowrap">R9695<a name="UKCore-SDSJobRoleName-R9695"> </a></td><td>Nursery Worker</td><td/></tr><tr><td style="white-space:nowrap">R9700<a name="UKCore-SDSJobRoleName-R9700"> </a></td><td>Playgroup Leader</td><td/></tr><tr><td style="white-space:nowrap">R9705<a name="UKCore-SDSJobRoleName-R9705"> </a></td><td>Playgroup Assistant</td><td/></tr><tr><td style="white-space:nowrap">R9710<a name="UKCore-SDSJobRoleName-R9710"> </a></td><td>Residential Manager</td><td/></tr><tr><td style="white-space:nowrap">R9715<a name="UKCore-SDSJobRoleName-R9715"> </a></td><td>Residential Deputy</td><td/></tr><tr><td style="white-space:nowrap">R9720<a name="UKCore-SDSJobRoleName-R9720"> </a></td><td>Residential Worker</td><td/></tr><tr><td style="white-space:nowrap">R9725<a name="UKCore-SDSJobRoleName-R9725"> </a></td><td>Residential Care Staff</td><td/></tr><tr><td style="white-space:nowrap">R9730<a name="UKCore-SDSJobRoleName-R9730"> </a></td><td>Intermediate Care Manager</td><td/></tr><tr><td style="white-space:nowrap">R9735<a name="UKCore-SDSJobRoleName-R9735"> </a></td><td>Intermediate Care Deputy</td><td/></tr><tr><td style="white-space:nowrap">R9740<a name="UKCore-SDSJobRoleName-R9740"> </a></td><td>Intermediate Care Worker</td><td/></tr><tr><td style="white-space:nowrap">R9745<a name="UKCore-SDSJobRoleName-R9745"> </a></td><td>Intermediate Care Staff</td><td/></tr><tr><td style="white-space:nowrap">R9750<a name="UKCore-SDSJobRoleName-R9750"> </a></td><td>Social Care SAP User</td><td/></tr><tr><td style="white-space:nowrap">R9755<a name="UKCore-SDSJobRoleName-R9755"> </a></td><td>Social Care SAP Manager</td><td/></tr><tr><td style="white-space:nowrap">R1270<a name="UKCore-SDSJobRoleName-R1270"> </a></td><td>Clinical Director</td><td/></tr><tr><td style="white-space:nowrap">R1280<a name="UKCore-SDSJobRoleName-R1280"> </a></td><td>Optometrist</td><td/></tr><tr><td style="white-space:nowrap">R1290<a name="UKCore-SDSJobRoleName-R1290"> </a></td><td>Pharmacist</td><td/></tr><tr><td style="white-space:nowrap">R1979<a name="UKCore-SDSJobRoleName-R1979"> </a></td><td>Medical Technical Officer - Pharmacy</td><td/></tr><tr><td style="white-space:nowrap">R1300<a name="UKCore-SDSJobRoleName-R1300"> </a></td><td>Psychotherapist</td><td/></tr><tr><td style="white-space:nowrap">R1310<a name="UKCore-SDSJobRoleName-R1310"> </a></td><td>Clinical Psychologist</td><td/></tr><tr><td style="white-space:nowrap">R1320<a name="UKCore-SDSJobRoleName-R1320"> </a></td><td>Chaplain</td><td/></tr><tr><td style="white-space:nowrap">R1330<a name="UKCore-SDSJobRoleName-R1330"> </a></td><td>Social Worker</td><td/></tr><tr><td style="white-space:nowrap">R1340<a name="UKCore-SDSJobRoleName-R1340"> </a></td><td>Approved Social Worker</td><td/></tr><tr><td style="white-space:nowrap">R1350<a name="UKCore-SDSJobRoleName-R1350"> </a></td><td>Youth Worker</td><td/></tr><tr><td style="white-space:nowrap">R1360<a name="UKCore-SDSJobRoleName-R1360"> </a></td><td>Specialist Practitioner</td><td/></tr><tr><td style="white-space:nowrap">R1370<a name="UKCore-SDSJobRoleName-R1370"> </a></td><td>Practitioner</td><td/></tr><tr><td style="white-space:nowrap">R0011<a name="UKCore-SDSJobRoleName-R0011"> </a></td><td>Dispenser</td><td/></tr><tr><td style="white-space:nowrap">R1380<a name="UKCore-SDSJobRoleName-R1380"> </a></td><td>Technician - PS&amp;T</td><td/></tr><tr><td style="white-space:nowrap">R1390<a name="UKCore-SDSJobRoleName-R1390"> </a></td><td>Osteopath</td><td/></tr><tr><td style="white-space:nowrap">R1400<a name="UKCore-SDSJobRoleName-R1400"> </a></td><td>Healthcare Scientist</td><td/></tr><tr><td style="white-space:nowrap">R1410<a name="UKCore-SDSJobRoleName-R1410"> </a></td><td>Consultant Healthcare Scientist</td><td/></tr><tr><td style="white-space:nowrap">R1420<a name="UKCore-SDSJobRoleName-R1420"> </a></td><td>Biomedical Scientist</td><td/></tr><tr><td style="white-space:nowrap">R0019<a name="UKCore-SDSJobRoleName-R0019"> </a></td><td>Medical Technical Officer</td><td/></tr><tr><td style="white-space:nowrap">R1430<a name="UKCore-SDSJobRoleName-R1430"> </a></td><td>Technician - Healthcare Scientists</td><td/></tr><tr><td style="white-space:nowrap">R1440<a name="UKCore-SDSJobRoleName-R1440"> </a></td><td>Therapist</td><td/></tr><tr><td style="white-space:nowrap">R1540<a name="UKCore-SDSJobRoleName-R1540"> </a></td><td>Associate Practitioner</td><td/></tr><tr><td style="white-space:nowrap">R1543<a name="UKCore-SDSJobRoleName-R1543"> </a></td><td>Associate Practitioner - Nurse</td><td/></tr><tr><td style="white-space:nowrap">R1547<a name="UKCore-SDSJobRoleName-R1547"> </a></td><td>Associate Practitioner - General Practitioner</td><td/></tr><tr><td style="white-space:nowrap">R1560<a name="UKCore-SDSJobRoleName-R1560"> </a></td><td>Helper/Assistant</td><td/></tr><tr><td style="white-space:nowrap">R1600<a name="UKCore-SDSJobRoleName-R1600"> </a></td><td>Cytoscreener</td><td/></tr><tr><td style="white-space:nowrap">R1570<a name="UKCore-SDSJobRoleName-R1570"> </a></td><td>Dental Surgery Assistant</td><td/></tr><tr><td style="white-space:nowrap">R1450<a name="UKCore-SDSJobRoleName-R1450"> </a></td><td>Health Care Support Worker</td><td/></tr><tr><td style="white-space:nowrap">R1580<a name="UKCore-SDSJobRoleName-R1580"> </a></td><td>Medical Laboratory Assistant</td><td/></tr><tr><td style="white-space:nowrap">R1550<a name="UKCore-SDSJobRoleName-R1550"> </a></td><td>Counsellor</td><td/></tr><tr><td style="white-space:nowrap">R0002<a name="UKCore-SDSJobRoleName-R0002"> </a></td><td>Porter</td><td/></tr><tr><td style="white-space:nowrap">R1690<a name="UKCore-SDSJobRoleName-R1690"> </a></td><td>Call Operator</td><td/></tr><tr><td style="white-space:nowrap">R1700<a name="UKCore-SDSJobRoleName-R1700"> </a></td><td>Gateway Worker</td><td/></tr><tr><td style="white-space:nowrap">R1710<a name="UKCore-SDSJobRoleName-R1710"> </a></td><td>Support, Time, Recovery Worker</td><td/></tr><tr><td style="white-space:nowrap">R1480<a name="UKCore-SDSJobRoleName-R1480"> </a></td><td>Healthcare Assistant</td><td/></tr><tr><td style="white-space:nowrap">R1490<a name="UKCore-SDSJobRoleName-R1490"> </a></td><td>Nursery Nurse</td><td/></tr><tr><td style="white-space:nowrap">R1590<a name="UKCore-SDSJobRoleName-R1590"> </a></td><td>Phlebotomist</td><td/></tr><tr><td style="white-space:nowrap">R1460<a name="UKCore-SDSJobRoleName-R1460"> </a></td><td>Social Care Support Worker</td><td/></tr><tr><td style="white-space:nowrap">R1470<a name="UKCore-SDSJobRoleName-R1470"> </a></td><td>Home Help</td><td/></tr><tr><td style="white-space:nowrap">R1520<a name="UKCore-SDSJobRoleName-R1520"> </a></td><td>Technician - Additional Clinical Services</td><td/></tr><tr><td style="white-space:nowrap">R1530<a name="UKCore-SDSJobRoleName-R1530"> </a></td><td>Technical Instructor</td><td/></tr><tr><td style="white-space:nowrap">R1980<a name="UKCore-SDSJobRoleName-R1980"> </a></td><td>Patient Welfare Officer</td><td/></tr><tr><td style="white-space:nowrap">R1500<a name="UKCore-SDSJobRoleName-R1500"> </a></td><td>Play Therapist</td><td/></tr><tr><td style="white-space:nowrap">R1510<a name="UKCore-SDSJobRoleName-R1510"> </a></td><td>Play Specialist</td><td/></tr><tr><td style="white-space:nowrap">R1610<a name="UKCore-SDSJobRoleName-R1610"> </a></td><td>Student Technician</td><td/></tr><tr><td style="white-space:nowrap">R1620<a name="UKCore-SDSJobRoleName-R1620"> </a></td><td>Trainee Scientist</td><td/></tr><tr><td style="white-space:nowrap">R1630<a name="UKCore-SDSJobRoleName-R1630"> </a></td><td>Trainee Practitioner</td><td/></tr><tr><td style="white-space:nowrap">R1640<a name="UKCore-SDSJobRoleName-R1640"> </a></td><td>Nursing Cadet</td><td/></tr><tr><td style="white-space:nowrap">R1650<a name="UKCore-SDSJobRoleName-R1650"> </a></td><td>Healthcare Cadet</td><td/></tr><tr><td style="white-space:nowrap">R1660<a name="UKCore-SDSJobRoleName-R1660"> </a></td><td>Pre-reg Pharmacist</td><td/></tr><tr><td style="white-space:nowrap">R1670<a name="UKCore-SDSJobRoleName-R1670"> </a></td><td>Assistant Psychologist</td><td/></tr><tr><td style="white-space:nowrap">R1680<a name="UKCore-SDSJobRoleName-R1680"> </a></td><td>Assistant Psychotherapist</td><td/></tr><tr><td style="white-space:nowrap">R0007<a name="UKCore-SDSJobRoleName-R0007"> </a></td><td>ERS SDS Organisation Reporting Analyst</td><td/></tr><tr><td style="white-space:nowrap">R0008<a name="UKCore-SDSJobRoleName-R0008"> </a></td><td>Demographic Supervisor</td><td/></tr><tr><td style="white-space:nowrap">R0021<a name="UKCore-SDSJobRoleName-R0021"> </a></td><td>DSA NHS Number Manager (Temporary)</td><td/></tr><tr><td style="white-space:nowrap">R0022<a name="UKCore-SDSJobRoleName-R0022"> </a></td><td>DSA National Clinical Supervisor (Temporary)</td><td/></tr><tr><td style="white-space:nowrap">R0023<a name="UKCore-SDSJobRoleName-R0023"> </a></td><td>DSA National Clinical Administrator (Temporary)</td><td/></tr><tr><td style="white-space:nowrap">R1720<a name="UKCore-SDSJobRoleName-R1720"> </a></td><td>Clerical Worker</td><td/></tr><tr><td style="white-space:nowrap">R1730<a name="UKCore-SDSJobRoleName-R1730"> </a></td><td>Receptionist</td><td/></tr><tr><td style="white-space:nowrap">R1740<a name="UKCore-SDSJobRoleName-R1740"> </a></td><td>Secretary</td><td/></tr><tr><td style="white-space:nowrap">R1750<a name="UKCore-SDSJobRoleName-R1750"> </a></td><td>Personal Assistant</td><td/></tr><tr><td style="white-space:nowrap">R1751<a name="UKCore-SDSJobRoleName-R1751"> </a></td><td>Demographic Administrator (Sensitive Records) Temporary</td><td/></tr><tr><td style="white-space:nowrap">R1760<a name="UKCore-SDSJobRoleName-R1760"> </a></td><td>Medical Secretary</td><td/></tr><tr><td style="white-space:nowrap">R1770<a name="UKCore-SDSJobRoleName-R1770"> </a></td><td>Officer</td><td/></tr><tr><td style="white-space:nowrap">R1971<a name="UKCore-SDSJobRoleName-R1971"> </a></td><td>Map of Medicine Administrator</td><td/></tr><tr><td style="white-space:nowrap">R1973<a name="UKCore-SDSJobRoleName-R1973"> </a></td><td>Community Administrator</td><td/></tr><tr><td style="white-space:nowrap">R1977<a name="UKCore-SDSJobRoleName-R1977"> </a></td><td>ECC/CPA Administrator</td><td/></tr><tr><td style="white-space:nowrap">R1978<a name="UKCore-SDSJobRoleName-R1978"> </a></td><td>Information Officer</td><td/></tr><tr><td style="white-space:nowrap">R1985<a name="UKCore-SDSJobRoleName-R1985"> </a></td><td>Health Records Clerk</td><td/></tr><tr><td style="white-space:nowrap">R1995<a name="UKCore-SDSJobRoleName-R1995"> </a></td><td>End Point Approver</td><td/></tr><tr><td style="white-space:nowrap">R5010<a name="UKCore-SDSJobRoleName-R5010"> </a></td><td>Network Technician</td><td/></tr><tr><td style="white-space:nowrap">R5040<a name="UKCore-SDSJobRoleName-R5040"> </a></td><td>Desktop Support Administrator</td><td/></tr><tr><td style="white-space:nowrap">R5090<a name="UKCore-SDSJobRoleName-R5090"> </a></td><td>Registration Authority Agent</td><td/></tr><tr><td style="white-space:nowrap">R5110<a name="UKCore-SDSJobRoleName-R5110"> </a></td><td>Demographic Administrator</td><td/></tr><tr><td style="white-space:nowrap">R5120<a name="UKCore-SDSJobRoleName-R5120"> </a></td><td>ISP Administrator</td><td/></tr><tr><td style="white-space:nowrap">R5130<a name="UKCore-SDSJobRoleName-R5130"> </a></td><td>Technical Codes Administrator</td><td/></tr><tr><td style="white-space:nowrap">R5140<a name="UKCore-SDSJobRoleName-R5140"> </a></td><td>OSS Administrator</td><td/></tr><tr><td style="white-space:nowrap">R5170<a name="UKCore-SDSJobRoleName-R5170"> </a></td><td>End Point Administrator</td><td/></tr><tr><td style="white-space:nowrap">R5175<a name="UKCore-SDSJobRoleName-R5175"> </a></td><td>End Point Viewer</td><td/></tr><tr><td style="white-space:nowrap">R5181<a name="UKCore-SDSJobRoleName-R5181"> </a></td><td>RTS Dashboard User</td><td/></tr><tr><td style="white-space:nowrap">R5183<a name="UKCore-SDSJobRoleName-R5183"> </a></td><td>RTS BT Dashboard User</td><td/></tr><tr><td style="white-space:nowrap">R5186<a name="UKCore-SDSJobRoleName-R5186"> </a></td><td>ERS BT Customer SLA User</td><td/></tr><tr><td style="white-space:nowrap">R5188<a name="UKCore-SDSJobRoleName-R5188"> </a></td><td>ERS BT Supplier SLA User</td><td/></tr><tr><td style="white-space:nowrap">R5189<a name="UKCore-SDSJobRoleName-R5189"> </a></td><td>ERS LogicaCMG SLA User</td><td/></tr><tr><td style="white-space:nowrap">R5190<a name="UKCore-SDSJobRoleName-R5190"> </a></td><td>Content Creator</td><td/></tr><tr><td style="white-space:nowrap">R5195<a name="UKCore-SDSJobRoleName-R5195"> </a></td><td>Content Publisher</td><td/></tr><tr><td style="white-space:nowrap">R5210<a name="UKCore-SDSJobRoleName-R5210"> </a></td><td>User Details Administrator</td><td/></tr><tr><td style="white-space:nowrap">R5250<a name="UKCore-SDSJobRoleName-R5250"> </a></td><td>EBS Administrator</td><td/></tr><tr><td style="white-space:nowrap">R6010<a name="UKCore-SDSJobRoleName-R6010"> </a></td><td>Appointments Clerk</td><td/></tr><tr><td style="white-space:nowrap">R6030<a name="UKCore-SDSJobRoleName-R6030"> </a></td><td>Ward Clerk</td><td/></tr><tr><td style="white-space:nowrap">R6050<a name="UKCore-SDSJobRoleName-R6050"> </a></td><td>Clinical Coder</td><td/></tr><tr><td style="white-space:nowrap">R6060<a name="UKCore-SDSJobRoleName-R6060"> </a></td><td>Medical Records Clerk</td><td/></tr><tr><td style="white-space:nowrap">R6080<a name="UKCore-SDSJobRoleName-R6080"> </a></td><td>Waiting List Clerk</td><td/></tr><tr><td style="white-space:nowrap">R7100<a name="UKCore-SDSJobRoleName-R7100"> </a></td><td>Trainer</td><td/></tr><tr><td style="white-space:nowrap">R7110<a name="UKCore-SDSJobRoleName-R7110"> </a></td><td>Training Manager</td><td/></tr><tr><td style="white-space:nowrap">R7120<a name="UKCore-SDSJobRoleName-R7120"> </a></td><td>Directory of Services Coordinator</td><td/></tr><tr><td style="white-space:nowrap">R9756<a name="UKCore-SDSJobRoleName-R9756"> </a></td><td>ETP System Administrator</td><td/></tr><tr><td style="white-space:nowrap">R1780<a name="UKCore-SDSJobRoleName-R1780"> </a></td><td>Manager</td><td/></tr><tr><td style="white-space:nowrap">R1790<a name="UKCore-SDSJobRoleName-R1790"> </a></td><td>Senior Manager</td><td/></tr><tr><td style="white-space:nowrap">R1910<a name="UKCore-SDSJobRoleName-R1910"> </a></td><td>Chair</td><td/></tr><tr><td style="white-space:nowrap">R1920<a name="UKCore-SDSJobRoleName-R1920"> </a></td><td>Chief Executive</td><td/></tr><tr><td style="white-space:nowrap">R1930<a name="UKCore-SDSJobRoleName-R1930"> </a></td><td>Finance Director</td><td/></tr><tr><td style="white-space:nowrap">R1940<a name="UKCore-SDSJobRoleName-R1940"> </a></td><td>Other Executive Director</td><td/></tr><tr><td style="white-space:nowrap">R1950<a name="UKCore-SDSJobRoleName-R1950"> </a></td><td>Board Level Director</td><td/></tr><tr><td style="white-space:nowrap">R1960<a name="UKCore-SDSJobRoleName-R1960"> </a></td><td>Non Executive Director</td><td/></tr><tr><td style="white-space:nowrap">R1970<a name="UKCore-SDSJobRoleName-R1970"> </a></td><td>Childcare Co-ordinator</td><td/></tr><tr><td style="white-space:nowrap">R1982<a name="UKCore-SDSJobRoleName-R1982"> </a></td><td>Senior Administrator</td><td/></tr><tr><td style="white-space:nowrap">R1983<a name="UKCore-SDSJobRoleName-R1983"> </a></td><td>Ward Manager</td><td/></tr><tr><td style="white-space:nowrap">R1986<a name="UKCore-SDSJobRoleName-R1986"> </a></td><td>Workgroup Administrator</td><td/></tr><tr><td style="white-space:nowrap">R1987<a name="UKCore-SDSJobRoleName-R1987"> </a></td><td>National RBAC Attribute Administrator</td><td/></tr><tr><td style="white-space:nowrap">R1988<a name="UKCore-SDSJobRoleName-R1988"> </a></td><td>National RBAC Baseline Policy Administrator</td><td/></tr><tr><td style="white-space:nowrap">R1989<a name="UKCore-SDSJobRoleName-R1989"> </a></td><td>Complaints Coordinator</td><td/></tr><tr><td style="white-space:nowrap">R1990<a name="UKCore-SDSJobRoleName-R1990"> </a></td><td>Complaints Investigator</td><td/></tr><tr><td style="white-space:nowrap">R1996<a name="UKCore-SDSJobRoleName-R1996"> </a></td><td>End Point DNS Administrator</td><td/></tr><tr><td style="white-space:nowrap">R1997<a name="UKCore-SDSJobRoleName-R1997"> </a></td><td>End Point Spine Administrator</td><td/></tr><tr><td style="white-space:nowrap">R1998<a name="UKCore-SDSJobRoleName-R1998"> </a></td><td>End Point Super User</td><td/></tr><tr><td style="white-space:nowrap">R1999<a name="UKCore-SDSJobRoleName-R1999"> </a></td><td>End Point Service Administrator</td><td/></tr><tr><td style="white-space:nowrap">R5000<a name="UKCore-SDSJobRoleName-R5000"> </a></td><td>Network Administrator</td><td/></tr><tr><td style="white-space:nowrap">R5003<a name="UKCore-SDSJobRoleName-R5003"> </a></td><td>Cluster System Administrator</td><td/></tr><tr><td style="white-space:nowrap">R5007<a name="UKCore-SDSJobRoleName-R5007"> </a></td><td>System Administrator</td><td/></tr><tr><td style="white-space:nowrap">R5020<a name="UKCore-SDSJobRoleName-R5020"> </a></td><td>Helpdesk Administrator</td><td/></tr><tr><td style="white-space:nowrap">R5060<a name="UKCore-SDSJobRoleName-R5060"> </a></td><td>Security Policy Controller</td><td/></tr><tr><td style="white-space:nowrap">R5070<a name="UKCore-SDSJobRoleName-R5070"> </a></td><td>Senior Security Manager</td><td/></tr><tr><td style="white-space:nowrap">R5072<a name="UKCore-SDSJobRoleName-R5072"> </a></td><td>Root Registration Authority Manager</td><td/></tr><tr><td style="white-space:nowrap">R5080<a name="UKCore-SDSJobRoleName-R5080"> </a></td><td>Registration Authority Manager</td><td/></tr><tr><td style="white-space:nowrap">R5100<a name="UKCore-SDSJobRoleName-R5100"> </a></td><td>Audit Manager</td><td/></tr><tr><td style="white-space:nowrap">R5105<a name="UKCore-SDSJobRoleName-R5105"> </a></td><td>Caldicott Guardian</td><td/></tr><tr><td style="white-space:nowrap">R5180<a name="UKCore-SDSJobRoleName-R5180"> </a></td><td>NASP Service Manager</td><td/></tr><tr><td style="white-space:nowrap">R5182<a name="UKCore-SDSJobRoleName-R5182"> </a></td><td>ERS ETP System Administrator</td><td/></tr><tr><td style="white-space:nowrap">R5184<a name="UKCore-SDSJobRoleName-R5184"> </a></td><td>ERS Spine SLA Manager</td><td/></tr><tr><td style="white-space:nowrap">R5185<a name="UKCore-SDSJobRoleName-R5185"> </a></td><td>ERS BT Customer SLA Manager</td><td/></tr><tr><td style="white-space:nowrap">R5187<a name="UKCore-SDSJobRoleName-R5187"> </a></td><td>ERS BT Supplier SLA Manager</td><td/></tr><tr><td style="white-space:nowrap">R5191<a name="UKCore-SDSJobRoleName-R5191"> </a></td><td>ERS Support Administrator</td><td/></tr><tr><td style="white-space:nowrap">R5192<a name="UKCore-SDSJobRoleName-R5192"> </a></td><td>ECS Administrator</td><td/></tr><tr><td style="white-space:nowrap">R5300<a name="UKCore-SDSJobRoleName-R5300"> </a></td><td>Portal Administrator</td><td/></tr><tr><td style="white-space:nowrap">R5310<a name="UKCore-SDSJobRoleName-R5310"> </a></td><td>LiquidLogic Administrator</td><td/></tr><tr><td style="white-space:nowrap">R5320<a name="UKCore-SDSJobRoleName-R5320"> </a></td><td>i.EPR Administrator</td><td/></tr><tr><td style="white-space:nowrap">R5330<a name="UKCore-SDSJobRoleName-R5330"> </a></td><td>Synergy Administrator</td><td/></tr><tr><td style="white-space:nowrap">R5340<a name="UKCore-SDSJobRoleName-R5340"> </a></td><td>SystmOne Administrator</td><td/></tr><tr><td style="white-space:nowrap">R6020<a name="UKCore-SDSJobRoleName-R6020"> </a></td><td>Outpatient Manager</td><td/></tr><tr><td style="white-space:nowrap">R6040<a name="UKCore-SDSJobRoleName-R6040"> </a></td><td>Bed Manager</td><td/></tr><tr><td style="white-space:nowrap">R6070<a name="UKCore-SDSJobRoleName-R6070"> </a></td><td>Medical Records Manager</td><td/></tr><tr><td style="white-space:nowrap">R6090<a name="UKCore-SDSJobRoleName-R6090"> </a></td><td>Waiting List Manager</td><td/></tr><tr><td style="white-space:nowrap">R6100<a name="UKCore-SDSJobRoleName-R6100"> </a></td><td>Mental Health Act Administrator</td><td/></tr><tr><td style="white-space:nowrap">R6160<a name="UKCore-SDSJobRoleName-R6160"> </a></td><td>Ad-hoc Report Manager</td><td/></tr><tr><td style="white-space:nowrap">R7130<a name="UKCore-SDSJobRoleName-R7130"> </a></td><td>PAS Manager</td><td/></tr><tr><td style="white-space:nowrap">R1800<a name="UKCore-SDSJobRoleName-R1800"> </a></td><td>Technician - Admin &amp; Clerical</td><td/></tr><tr><td style="white-space:nowrap">R1810<a name="UKCore-SDSJobRoleName-R1810"> </a></td><td>Accountant</td><td/></tr><tr><td style="white-space:nowrap">R1820<a name="UKCore-SDSJobRoleName-R1820"> </a></td><td>Librarian</td><td/></tr><tr><td style="white-space:nowrap">R1830<a name="UKCore-SDSJobRoleName-R1830"> </a></td><td>Interpreter</td><td/></tr><tr><td style="white-space:nowrap">R1840<a name="UKCore-SDSJobRoleName-R1840"> </a></td><td>Analyst</td><td/></tr><tr><td style="white-space:nowrap">R1850<a name="UKCore-SDSJobRoleName-R1850"> </a></td><td>Adviser</td><td/></tr><tr><td style="white-space:nowrap">R1860<a name="UKCore-SDSJobRoleName-R1860"> </a></td><td>Researcher</td><td/></tr><tr><td style="white-space:nowrap">R1870<a name="UKCore-SDSJobRoleName-R1870"> </a></td><td>Control Assistant</td><td/></tr><tr><td style="white-space:nowrap">R1880<a name="UKCore-SDSJobRoleName-R1880"> </a></td><td>Architect</td><td/></tr><tr><td style="white-space:nowrap">R1890<a name="UKCore-SDSJobRoleName-R1890"> </a></td><td>Lawyer</td><td/></tr><tr><td style="white-space:nowrap">R1900<a name="UKCore-SDSJobRoleName-R1900"> </a></td><td>Surveyor</td><td/></tr><tr><td style="white-space:nowrap">R5030<a name="UKCore-SDSJobRoleName-R5030"> </a></td><td>Helpdesk Technician</td><td/></tr><tr><td style="white-space:nowrap">R5050<a name="UKCore-SDSJobRoleName-R5050"> </a></td><td>Desktop Support Technician</td><td/></tr><tr><td style="white-space:nowrap">R5150<a name="UKCore-SDSJobRoleName-R5150"> </a></td><td>System Worker</td><td/></tr><tr><td style="white-space:nowrap">R5400<a name="UKCore-SDSJobRoleName-R5400"> </a></td><td>Availability  Monitor</td><td/></tr><tr><td style="white-space:nowrap">R8000<a name="UKCore-SDSJobRoleName-R8000"> </a></td><td>Clinical Practitioner Access Role</td><td/></tr><tr><td style="white-space:nowrap">R8001<a name="UKCore-SDSJobRoleName-R8001"> </a></td><td>Nurse Access Role</td><td/></tr><tr><td style="white-space:nowrap">R8002<a name="UKCore-SDSJobRoleName-R8002"> </a></td><td>Nurse Manager Access Role</td><td/></tr><tr><td style="white-space:nowrap">R8003<a name="UKCore-SDSJobRoleName-R8003"> </a></td><td>Health Professional Access Role</td><td/></tr><tr><td style="white-space:nowrap">R8004<a name="UKCore-SDSJobRoleName-R8004"> </a></td><td>Healthcare Student Access Role</td><td/></tr><tr><td style="white-space:nowrap">R8016<a name="UKCore-SDSJobRoleName-R8016"> </a></td><td>Midwife Access Role</td><td/></tr><tr><td style="white-space:nowrap">R8017<a name="UKCore-SDSJobRoleName-R8017"> </a></td><td>Midwife Manager Access Role</td><td/></tr><tr><td style="white-space:nowrap">R8024<a name="UKCore-SDSJobRoleName-R8024"> </a></td><td>Bank Access Role</td><td/></tr><tr><td style="white-space:nowrap">R8005<a name="UKCore-SDSJobRoleName-R8005"> </a></td><td>Biomedical Scientist Access Role</td><td/></tr><tr><td style="white-space:nowrap">R8006<a name="UKCore-SDSJobRoleName-R8006"> </a></td><td>Medical Secretary Access Role</td><td/></tr><tr><td style="white-space:nowrap">R8007<a name="UKCore-SDSJobRoleName-R8007"> </a></td><td>Clinical Coder Access Role</td><td/></tr><tr><td style="white-space:nowrap">R8008<a name="UKCore-SDSJobRoleName-R8008"> </a></td><td>Admin/Clinical Support Access Role</td><td/></tr><tr><td style="white-space:nowrap">R8015<a name="UKCore-SDSJobRoleName-R8015"> </a></td><td>Systems Support Access Role</td><td/></tr><tr><td style="white-space:nowrap">R0001<a name="UKCore-SDSJobRoleName-R0001"> </a></td><td>Privacy Officer</td><td/></tr><tr><td style="white-space:nowrap">R8009<a name="UKCore-SDSJobRoleName-R8009"> </a></td><td>Receptionist Access Role</td><td/></tr><tr><td style="white-space:nowrap">R8010<a name="UKCore-SDSJobRoleName-R8010"> </a></td><td>Clerical Access Role</td><td/></tr><tr><td style="white-space:nowrap">R8011<a name="UKCore-SDSJobRoleName-R8011"> </a></td><td>Clerical Manager Access Role</td><td/></tr><tr><td style="white-space:nowrap">R8012<a name="UKCore-SDSJobRoleName-R8012"> </a></td><td>Information Officer Access Role</td><td/></tr><tr><td style="white-space:nowrap">R8013<a name="UKCore-SDSJobRoleName-R8013"> </a></td><td>Health Records Manager Access Role</td><td/></tr><tr><td style="white-space:nowrap">R8014<a name="UKCore-SDSJobRoleName-R8014"> </a></td><td>Social Worker Access Role</td><td/></tr></table></div></text><url value="https://fhir.nhs.uk/R4/CodeSystem/UKCore-SDSJobRoleName"/><version value="1.0.0"/><name value="UKCoreSDSJobRoleName"/><title value="UK Core SDS Job Role Name"/><status value="draft"/><date value="2019-10-31T00:00:00+00:00"/><publisher value="NHS Digital"/><contact><name value="Interoperability Team"/><telecom><system value="email"/><value value="interoperabilityteam@nhs.net"/><use value="work"/></telecom></contact><description value="A CodeSystem that identifies the job role associated with the person on the smart card. This consists of a set of Role Based Access Control (RBAC) codes. This code list is externally maintained."/><copyright value="Copyright &#xA9; 2019 NHS Digital"/><caseSensitive value="true"/><content value="complete"/><concept><code value="R0010"/><display value="Medical Director"/></concept><concept><code value="R0020"/><display value="Clinical Director - Medical"/></concept><concept><code value="R0210"/><display value="Director of Public Health"/></concept><concept><code value="R0030"/><display value="Professor"/></concept><concept><code value="R0040"/><display value="Senior Lecturer"/></concept><concept><code value="R0050"/><display value="Consultant"/></concept><concept><code value="R0060"/><display value="Special Salary Scale in Public Health Medicine"/></concept><concept><code value="R0070"/><display value="Associate Specialist"/></concept><concept><code value="R0080"/><display value="Staff Grade"/></concept><concept><code value="R0090"/><display value="Hospital Practitioner"/></concept><concept><code value="R0100"/><display value="Clinical Assistant"/></concept><concept><code value="R0110"/><display value="Specialist Registrar"/></concept><concept><code value="R0120"/><display value="Senior Registrar (Closed)"/></concept><concept><code value="R0130"/><display value="Registrar (Closed)"/></concept><concept><code value="R0140"/><display value="Senior House Officer"/></concept><concept><code value="R0150"/><display value="House Officer - Pre Registration"/></concept><concept><code value="R0160"/><display value="House Officer - Post Registration"/></concept><concept><code value="R0170"/><display value="Trust Grade Doctor - House Officer level"/></concept><concept><code value="R0180"/><display value="Trust Grade Doctor - SHO level"/></concept><concept><code value="R0190"/><display value="Trust Grade Doctor - Specialist Registrar level"/></concept><concept><code value="R0200"/><display value="Trust Grade Doctor - Career Grade level"/></concept><concept><code value="R0260"/><display value="General Medical Practitioner"/></concept><concept><code value="R0270"/><display value="Salaried General Practitioner"/></concept><concept><code value="R1981"/><display value="Psychiatrist"/></concept><concept><code value="R1984"/><display value="Health Records Administrator"/></concept><concept><code value="R6200"/><display value="GP Registrar"/></concept><concept><code value="R6300"/><display value="Sessional GP"/></concept><concept><code value="R7140"/><display value="ODP"/></concept><concept><code value="R7150"/><display value="SODP"/></concept><concept><code value="R9100"/><display value="A&amp;E Staff Nurse (Temporary)  London Cluster Only"/></concept><concept><code value="R9101"/><display value="A&amp;E Manager (Temporary) London Cluster Only"/></concept><concept><code value="R9102"/><display value="A&amp;E Doctor  (Temporary) London Cluster only"/></concept><concept><code value="R9103"/><display value="A&amp;E Student (Temporary) London Cluster Only"/></concept><concept><code value="R9104"/><display value="A&amp;E Clerk (Temporary) London Cluster Only"/></concept><concept><code value="R0215"/><display value="Assistant Clinical Medical Officer"/></concept><concept><code value="R0220"/><display value="Clinical Medical Officer"/></concept><concept><code value="R0230"/><display value="Senior Clinical Medical Officer"/></concept><concept><code value="R0240"/><display value="Other Community Health Service"/></concept><concept><code value="R0243"/><display value="Other Community Health Service - Social Care Worker"/></concept><concept><code value="R0247"/><display value="Other Community Health Service - Admin Clerk"/></concept><concept><code value="R0055"/><display value="Dental Surgeon acting as Hospital Consultant"/></concept><concept><code value="R0250"/><display value="General Dental Practitioner"/></concept><concept><code value="R0280"/><display value="Regional Dental Officer"/></concept><concept><code value="R0290"/><display value="Dental Clinical Director - Dental"/></concept><concept><code value="R0295"/><display value="Dental Assistant Clinical Director"/></concept><concept><code value="R0300"/><display value="Dental Officer"/></concept><concept><code value="R0310"/><display value="Senior Dental Officer"/></concept><concept><code value="R0320"/><display value="Salaried Dental Practitioner"/></concept><concept><code value="R0006"/><display value="Student Community Practitioner"/></concept><concept><code value="R0330"/><display value="Student Nurse - Adult Branch"/></concept><concept><code value="R0340"/><display value="Student Nurse - Child Branch"/></concept><concept><code value="R0350"/><display value="Student Nurse - Mental Health Branch"/></concept><concept><code value="R0360"/><display value="Student Nurse - Learning Disabilities Branch"/></concept><concept><code value="R0370"/><display value="Student Midwife"/></concept><concept><code value="R0380"/><display value="Student Health Visitor"/></concept><concept><code value="R0390"/><display value="Student District Nurse"/></concept><concept><code value="R0400"/><display value="Student School Nurse"/></concept><concept><code value="R0410"/><display value="Student Practice Nurse"/></concept><concept><code value="R0420"/><display value="Student Occupational Health Nurse"/></concept><concept><code value="R0430"/><display value="Student Community Paediatric Nurse"/></concept><concept><code value="R0440"/><display value="Student Community Mental Health Nurse"/></concept><concept><code value="R0450"/><display value="Student Community Learning Disabilities Nurse"/></concept><concept><code value="R0460"/><display value="Student Chiropodist"/></concept><concept><code value="R0470"/><display value="Student Dietitian"/></concept><concept><code value="R0480"/><display value="Student Occupational Therapist"/></concept><concept><code value="R0490"/><display value="Student Orthoptist"/></concept><concept><code value="R0500"/><display value="Student Physiotherapist"/></concept><concept><code value="R0510"/><display value="Student Radiographer - Diagnostic"/></concept><concept><code value="R0520"/><display value="Student Radiographer - Therapeutic"/></concept><concept><code value="R0530"/><display value="Student Speech &amp; Language Therapist"/></concept><concept><code value="R0540"/><display value="Art, Music &amp; Drama Student"/></concept><concept><code value="R0550"/><display value="Student Psychotherapist"/></concept><concept><code value="R6400"/><display value="Medical Student"/></concept><concept><code value="R0560"/><display value="Director of Nursing"/></concept><concept><code value="R0580"/><display value="Nurse Manager"/></concept><concept><code value="R0610"/><display value="Sister/Charge Nurse"/></concept><concept><code value="R1976"/><display value="Community Team Manager"/></concept><concept><code value="R0570"/><display value="Nurse Consultant"/></concept><concept><code value="R0600"/><display value="Specialist Nurse Practitioner"/></concept><concept><code value="R0620"/><display value="Staff Nurse"/></concept><concept><code value="R0630"/><display value="Enrolled Nurse"/></concept><concept><code value="R0690"/><display value="Community Practitioner"/></concept><concept><code value="R0700"/><display value="Community Nurse"/></concept><concept><code value="R1974"/><display value="Community Learning Disabilities Nurse"/></concept><concept><code value="R1975"/><display value="Community Mental Health Nurse"/></concept><concept><code value="R0590"/><display value="Modern Matron"/></concept><concept><code value="R1972"/><display value="Clinical Team Manager"/></concept><concept><code value="R0640"/><display value="Midwife - Consultant"/></concept><concept><code value="R0650"/><display value="Midwife - Specialist Practitioner"/></concept><concept><code value="R0660"/><display value="Midwife - Manager"/></concept><concept><code value="R0670"/><display value="Midwife - Sister/Charge Nurse"/></concept><concept><code value="R0680"/><display value="Midwife"/></concept><concept><code value="R0018"/><display value="Audiologist"/></concept><concept><code value="R0750"/><display value="Chiropodist/Podiatrist"/></concept><concept><code value="R0760"/><display value="Chiropodist/Podiatrist Consultant"/></concept><concept><code value="R0770"/><display value="Chiropodist/Podiatrist Manager"/></concept><concept><code value="R0780"/><display value="Chiropodist/Podiatrist Specialist Practitioner"/></concept><concept><code value="R0790"/><display value="Dietitian"/></concept><concept><code value="R0800"/><display value="Dietitian Consultant"/></concept><concept><code value="R0810"/><display value="Dietitian Manager"/></concept><concept><code value="R0820"/><display value="Dietitian Specialist Practitioner"/></concept><concept><code value="R0950"/><display value="Occupational Therapist"/></concept><concept><code value="R0960"/><display value="Occupational Therapist Consultant"/></concept><concept><code value="R0970"/><display value="Occupational Therapist Manager"/></concept><concept><code value="R0980"/><display value="Occupational Therapy Specialist Practitioner"/></concept><concept><code value="R0990"/><display value="Orthoptist"/></concept><concept><code value="R1000"/><display value="Orthoptist Consultant"/></concept><concept><code value="R1010"/><display value="Orthoptist Manager"/></concept><concept><code value="R1020"/><display value="Orthoptist Specialist Practitioner"/></concept><concept><code value="R1110"/><display value="Physiotherapist"/></concept><concept><code value="R1120"/><display value="Physiotherapist Consultant"/></concept><concept><code value="R1130"/><display value="Physiotherapist Manager"/></concept><concept><code value="R1140"/><display value="Physiotherapist Specialist Practitioner"/></concept><concept><code value="R1070"/><display value="Paramedic"/></concept><concept><code value="R1080"/><display value="Paramedic Consultant"/></concept><concept><code value="R1090"/><display value="Paramedic Manager"/></concept><concept><code value="R1100"/><display value="Paramedic Specialist Practitioner"/></concept><concept><code value="R0003"/><display value="Clinical Application Administrator"/></concept><concept><code value="R0012"/><display value="Radiographer"/></concept><concept><code value="R0013"/><display value="Student Radiographer"/></concept><concept><code value="R0014"/><display value="Radiologist"/></concept><concept><code value="R0015"/><display value="PACS Administrator"/></concept><concept><code value="R0016"/><display value="Reporting Radiographer"/></concept><concept><code value="R0017"/><display value="Assistant Practitioner"/></concept><concept><code value="R1190"/><display value="Radiographer - Diagnostic"/></concept><concept><code value="R1200"/><display value="Radiographer - Diagnostic, Consultant"/></concept><concept><code value="R1210"/><display value="Radiographer - Diagnostic, Manager"/></concept><concept><code value="R1220"/><display value="Radiographer - Diagnostic, Specialist Practitioner"/></concept><concept><code value="R1230"/><display value="Radiographer - Therapeutic"/></concept><concept><code value="R1240"/><display value="Radiographer - Therapeutic, Consultant"/></concept><concept><code value="R1250"/><display value="Radiographer - Therapeutic, Manager"/></concept><concept><code value="R1260"/><display value="Radiographer - Therapeutic, Specialist Practitioner"/></concept><concept><code value="R1030"/><display value="Orthotist"/></concept><concept><code value="R1040"/><display value="Orthotist Consultant"/></concept><concept><code value="R1050"/><display value="Orthotist Manager"/></concept><concept><code value="R1060"/><display value="Orthotist Specialist Practitioner"/></concept><concept><code value="R1150"/><display value="Prosthetist"/></concept><concept><code value="R1160"/><display value="Prosthetist Consultant"/></concept><concept><code value="R1170"/><display value="Prosthetist Manager"/></concept><concept><code value="R1180"/><display value="Prosthetist Specialist Practitioner"/></concept><concept><code value="R0710"/><display value="Art Therapist"/></concept><concept><code value="R0720"/><display value="Art Therapist Consultant"/></concept><concept><code value="R0730"/><display value="Art Therapist Manager"/></concept><concept><code value="R0740"/><display value="Art Therapist Specialist Practitioner"/></concept><concept><code value="R0830"/><display value="Drama Therapist"/></concept><concept><code value="R0840"/><display value="Drama Therapist Consultant"/></concept><concept><code value="R0850"/><display value="Drama Therapist Manager"/></concept><concept><code value="R0860"/><display value="Drama Therapist Specialist Practitioner"/></concept><concept><code value="R0870"/><display value="Multi Therapist"/></concept><concept><code value="R0880"/><display value="Multi Therapist Consultant"/></concept><concept><code value="R0890"/><display value="Multi Therapist Manager"/></concept><concept><code value="R0900"/><display value="Multi Therapist Specialist Practitioner"/></concept><concept><code value="R0910"/><display value="Music Therapist"/></concept><concept><code value="R0920"/><display value="Music Therapist Consultant"/></concept><concept><code value="R0930"/><display value="Music Therapist Manager"/></concept><concept><code value="R0940"/><display value="Music Therapist Specialist Practitioner"/></concept><concept><code value="R0955"/><display value="Speech &amp; Language Therapist"/></concept><concept><code value="R0965"/><display value="Speech &amp; Language Therapist Consultant"/></concept><concept><code value="R0975"/><display value="Speech &amp; Language Therapist Manager"/></concept><concept><code value="R0985"/><display value="Speech &amp; Language Therapist Specialist Practitioner"/></concept><concept><code value="R9500"/><display value="Social Services Senior Management"/></concept><concept><code value="R9505"/><display value="Social Services Policy and Planning"/></concept><concept><code value="R9510"/><display value="Social Services Information Manager"/></concept><concept><code value="R9515"/><display value="Social Work Team Manager (Children)"/></concept><concept><code value="R9520"/><display value="Senior Social Worker (Children)"/></concept><concept><code value="R9525"/><display value="Social Services Care Manager (Children)"/></concept><concept><code value="R9530"/><display value="Social Work Assistant (Children)"/></concept><concept><code value="R9535"/><display value="Child Protection Worker"/></concept><concept><code value="R9540"/><display value="Family Placement Worker"/></concept><concept><code value="R9545"/><display value="Community Worker (Children)"/></concept><concept><code value="R9550"/><display value="Occupational Therapist"/></concept><concept><code value="R9555"/><display value="Occupational Therapist Assistant"/></concept><concept><code value="R9560"/><display value="Occupational Therapy Team Manager"/></concept><concept><code value="R9565"/><display value="Social Work Team Manager (Adults)"/></concept><concept><code value="R9570"/><display value="Senior Social Worker (Adults)"/></concept><concept><code value="R9575"/><display value="Social Services Care Manager (Adults)"/></concept><concept><code value="R9580"/><display value="Social Work Assistant (Adults)"/></concept><concept><code value="R9585"/><display value="Social Work Team Manager (Mental Health)"/></concept><concept><code value="R9590"/><display value="Senior Social Worker (Mental Health)"/></concept><concept><code value="R9595"/><display value="Social Services Care Manager (Mental Health)"/></concept><concept><code value="R9600"/><display value="Social Work Assistant (Mental Health)"/></concept><concept><code value="R9605"/><display value="Emergency Duty Social Worker"/></concept><concept><code value="R9615"/><display value="Social Services Driver"/></concept><concept><code value="R9620"/><display value="Home Care Organiser"/></concept><concept><code value="R9625"/><display value="Home Care Administrator"/></concept><concept><code value="R9630"/><display value="Home Help"/></concept><concept><code value="R9635"/><display value="Warden"/></concept><concept><code value="R9640"/><display value="Meals on Wheels Organiser"/></concept><concept><code value="R9645"/><display value="Meals Delivery"/></concept><concept><code value="R9650"/><display value="Day Centre Manager"/></concept><concept><code value="R9655"/><display value="Day Centre Deputy"/></concept><concept><code value="R9660"/><display value="Day Centre Officer"/></concept><concept><code value="R9665"/><display value="Day Centre Care Staff"/></concept><concept><code value="R9670"/><display value="Family Centre Manager"/></concept><concept><code value="R9675"/><display value="Family Centre Deputy"/></concept><concept><code value="R9680"/><display value="Family Centre Worker"/></concept><concept><code value="R9685"/><display value="Nursery Manager"/></concept><concept><code value="R9690"/><display value="Nursery Deputy"/></concept><concept><code value="R9695"/><display value="Nursery Worker"/></concept><concept><code value="R9700"/><display value="Playgroup Leader"/></concept><concept><code value="R9705"/><display value="Playgroup Assistant"/></concept><concept><code value="R9710"/><display value="Residential Manager"/></concept><concept><code value="R9715"/><display value="Residential Deputy"/></concept><concept><code value="R9720"/><display value="Residential Worker"/></concept><concept><code value="R9725"/><display value="Residential Care Staff"/></concept><concept><code value="R9730"/><display value="Intermediate Care Manager"/></concept><concept><code value="R9735"/><display value="Intermediate Care Deputy"/></concept><concept><code value="R9740"/><display value="Intermediate Care Worker"/></concept><concept><code value="R9745"/><display value="Intermediate Care Staff"/></concept><concept><code value="R9750"/><display value="Social Care SAP User"/></concept><concept><code value="R9755"/><display value="Social Care SAP Manager"/></concept><concept><code value="R1270"/><display value="Clinical Director"/></concept><concept><code value="R1280"/><display value="Optometrist"/></concept><concept><code value="R1290"/><display value="Pharmacist"/></concept><concept><code value="R1979"/><display value="Medical Technical Officer - Pharmacy"/></concept><concept><code value="R1300"/><display value="Psychotherapist"/></concept><concept><code value="R1310"/><display value="Clinical Psychologist"/></concept><concept><code value="R1320"/><display value="Chaplain"/></concept><concept><code value="R1330"/><display value="Social Worker"/></concept><concept><code value="R1340"/><display value="Approved Social Worker"/></concept><concept><code value="R1350"/><display value="Youth Worker"/></concept><concept><code value="R1360"/><display value="Specialist Practitioner"/></concept><concept><code value="R1370"/><display value="Practitioner"/></concept><concept><code value="R0011"/><display value="Dispenser"/></concept><concept><code value="R1380"/><display value="Technician - PS&amp;T"/></concept><concept><code value="R1390"/><display value="Osteopath"/></concept><concept><code value="R1400"/><display value="Healthcare Scientist"/></concept><concept><code value="R1410"/><display value="Consultant Healthcare Scientist"/></concept><concept><code value="R1420"/><display value="Biomedical Scientist"/></concept><concept><code value="R0019"/><display value="Medical Technical Officer"/></concept><concept><code value="R1430"/><display value="Technician - Healthcare Scientists"/></concept><concept><code value="R1440"/><display value="Therapist"/></concept><concept><code value="R1540"/><display value="Associate Practitioner"/></concept><concept><code value="R1543"/><display value="Associate Practitioner - Nurse"/></concept><concept><code value="R1547"/><display value="Associate Practitioner - General Practitioner"/></concept><concept><code value="R1560"/><display value="Helper/Assistant"/></concept><concept><code value="R1600"/><display value="Cytoscreener"/></concept><concept><code value="R1570"/><display value="Dental Surgery Assistant"/></concept><concept><code value="R1450"/><display value="Health Care Support Worker"/></concept><concept><code value="R1580"/><display value="Medical Laboratory Assistant"/></concept><concept><code value="R1550"/><display value="Counsellor"/></concept><concept><code value="R0002"/><display value="Porter"/></concept><concept><code value="R1690"/><display value="Call Operator"/></concept><concept><code value="R1700"/><display value="Gateway Worker"/></concept><concept><code value="R1710"/><display value="Support, Time, Recovery Worker"/></concept><concept><code value="R1480"/><display value="Healthcare Assistant"/></concept><concept><code value="R1490"/><display value="Nursery Nurse"/></concept><concept><code value="R1590"/><display value="Phlebotomist"/></concept><concept><code value="R1460"/><display value="Social Care Support Worker"/></concept><concept><code value="R1470"/><display value="Home Help"/></concept><concept><code value="R1520"/><display value="Technician - Additional Clinical Services"/></concept><concept><code value="R1530"/><display value="Technical Instructor"/></concept><concept><code value="R1980"/><display value="Patient Welfare Officer"/></concept><concept><code value="R1500"/><display value="Play Therapist"/></concept><concept><code value="R1510"/><display value="Play Specialist"/></concept><concept><code value="R1610"/><display value="Student Technician"/></concept><concept><code value="R1620"/><display value="Trainee Scientist"/></concept><concept><code value="R1630"/><display value="Trainee Practitioner"/></concept><concept><code value="R1640"/><display value="Nursing Cadet"/></concept><concept><code value="R1650"/><display value="Healthcare Cadet"/></concept><concept><code value="R1660"/><display value="Pre-reg Pharmacist"/></concept><concept><code value="R1670"/><display value="Assistant Psychologist"/></concept><concept><code value="R1680"/><display value="Assistant Psychotherapist"/></concept><concept><code value="R0007"/><display value="ERS SDS Organisation Reporting Analyst"/></concept><concept><code value="R0008"/><display value="Demographic Supervisor"/></concept><concept><code value="R0021"/><display value="DSA NHS Number Manager (Temporary)"/></concept><concept><code value="R0022"/><display value="DSA National Clinical Supervisor (Temporary)"/></concept><concept><code value="R0023"/><display value="DSA National Clinical Administrator (Temporary)"/></concept><concept><code value="R1720"/><display value="Clerical Worker"/></concept><concept><code value="R1730"/><display value="Receptionist"/></concept><concept><code value="R1740"/><display value="Secretary"/></concept><concept><code value="R1750"/><display value="Personal Assistant"/></concept><concept><code value="R1751"/><display value="Demographic Administrator (Sensitive Records) Temporary"/></concept><concept><code value="R1760"/><display value="Medical Secretary"/></concept><concept><code value="R1770"/><display value="Officer"/></concept><concept><code value="R1971"/><display value="Map of Medicine Administrator"/></concept><concept><code value="R1973"/><display value="Community Administrator"/></concept><concept><code value="R1977"/><display value="ECC/CPA Administrator"/></concept><concept><code value="R1978"/><display value="Information Officer"/></concept><concept><code value="R1985"/><display value="Health Records Clerk"/></concept><concept><code value="R1995"/><display value="End Point Approver"/></concept><concept><code value="R5010"/><display value="Network Technician"/></concept><concept><code value="R5040"/><display value="Desktop Support Administrator"/></concept><concept><code value="R5090"/><display value="Registration Authority Agent"/></concept><concept><code value="R5110"/><display value="Demographic Administrator"/></concept><concept><code value="R5120"/><display value="ISP Administrator"/></concept><concept><code value="R5130"/><display value="Technical Codes Administrator"/></concept><concept><code value="R5140"/><display value="OSS Administrator"/></concept><concept><code value="R5170"/><display value="End Point Administrator"/></concept><concept><code value="R5175"/><display value="End Point Viewer"/></concept><concept><code value="R5181"/><display value="RTS Dashboard User"/></concept><concept><code value="R5183"/><display value="RTS BT Dashboard User"/></concept><concept><code value="R5186"/><display value="ERS BT Customer SLA User"/></concept><concept><code value="R5188"/><display value="ERS BT Supplier SLA User"/></concept><concept><code value="R5189"/><display value="ERS LogicaCMG SLA User"/></concept><concept><code value="R5190"/><display value="Content Creator"/></concept><concept><code value="R5195"/><display value="Content Publisher"/></concept><concept><code value="R5210"/><display value="User Details Administrator"/></concept><concept><code value="R5250"/><display value="EBS Administrator"/></concept><concept><code value="R6010"/><display value="Appointments Clerk"/></concept><concept><code value="R6030"/><display value="Ward Clerk"/></concept><concept><code value="R6050"/><display value="Clinical Coder"/></concept><concept><code value="R6060"/><display value="Medical Records Clerk"/></concept><concept><code value="R6080"/><display value="Waiting List Clerk"/></concept><concept><code value="R7100"/><display value="Trainer"/></concept><concept><code value="R7110"/><display value="Training Manager"/></concept><concept><code value="R7120"/><display value="Directory of Services Coordinator"/></concept><concept><code value="R9756"/><display value="ETP System Administrator"/></concept><concept><code value="R1780"/><display value="Manager"/></concept><concept><code value="R1790"/><display value="Senior Manager"/></concept><concept><code value="R1910"/><display value="Chair"/></concept><concept><code value="R1920"/><display value="Chief Executive"/></concept><concept><code value="R1930"/><display value="Finance Director"/></concept><concept><code value="R1940"/><display value="Other Executive Director"/></concept><concept><code value="R1950"/><display value="Board Level Director"/></concept><concept><code value="R1960"/><display value="Non Executive Director"/></concept><concept><code value="R1970"/><display value="Childcare Co-ordinator"/></concept><concept><code value="R1982"/><display value="Senior Administrator"/></concept><concept><code value="R1983"/><display value="Ward Manager"/></concept><concept><code value="R1986"/><display value="Workgroup Administrator"/></concept><concept><code value="R1987"/><display value="National RBAC Attribute Administrator"/></concept><concept><code value="R1988"/><display value="National RBAC Baseline Policy Administrator"/></concept><concept><code value="R1989"/><display value="Complaints Coordinator"/></concept><concept><code value="R1990"/><display value="Complaints Investigator"/></concept><concept><code value="R1996"/><display value="End Point DNS Administrator"/></concept><concept><code value="R1997"/><display value="End Point Spine Administrator"/></concept><concept><code value="R1998"/><display value="End Point Super User"/></concept><concept><code value="R1999"/><display value="End Point Service Administrator"/></concept><concept><code value="R5000"/><display value="Network Administrator"/></concept><concept><code value="R5003"/><display value="Cluster System Administrator"/></concept><concept><code value="R5007"/><display value="System Administrator"/></concept><concept><code value="R5020"/><display value="Helpdesk Administrator"/></concept><concept><code value="R5060"/><display value="Security Policy Controller"/></concept><concept><code value="R5070"/><display value="Senior Security Manager"/></concept><concept><code value="R5072"/><display value="Root Registration Authority Manager"/></concept><concept><code value="R5080"/><display value="Registration Authority Manager"/></concept><concept><code value="R5100"/><display value="Audit Manager"/></concept><concept><code value="R5105"/><display value="Caldicott Guardian"/></concept><concept><code value="R5180"/><display value="NASP Service Manager"/></concept><concept><code value="R5182"/><display value="ERS ETP System Administrator"/></concept><concept><code value="R5184"/><display value="ERS Spine SLA Manager"/></concept><concept><code value="R5185"/><display value="ERS BT Customer SLA Manager"/></concept><concept><code value="R5187"/><display value="ERS BT Supplier SLA Manager"/></concept><concept><code value="R5191"/><display value="ERS Support Administrator"/></concept><concept><code value="R5192"/><display value="ECS Administrator"/></concept><concept><code value="R5300"/><display value="Portal Administrator"/></concept><concept><code value="R5310"/><display value="LiquidLogic Administrator"/></concept><concept><code value="R5320"/><display value="i.EPR Administrator"/></concept><concept><code value="R5330"/><display value="Synergy Administrator"/></concept><concept><code value="R5340"/><display value="SystmOne Administrator"/></concept><concept><code value="R6020"/><display value="Outpatient Manager"/></concept><concept><code value="R6040"/><display value="Bed Manager"/></concept><concept><code value="R6070"/><display value="Medical Records Manager"/></concept><concept><code value="R6090"/><display value="Waiting List Manager"/></concept><concept><code value="R6100"/><display value="Mental Health Act Administrator"/></concept><concept><code value="R6160"/><display value="Ad-hoc Report Manager"/></concept><concept><code value="R7130"/><display value="PAS Manager"/></concept><concept><code value="R1800"/><display value="Technician - Admin &amp; Clerical"/></concept><concept><code value="R1810"/><display value="Accountant"/></concept><concept><code value="R1820"/><display value="Librarian"/></concept><concept><code value="R1830"/><display value="Interpreter"/></concept><concept><code value="R1840"/><display value="Analyst"/></concept><concept><code value="R1850"/><display value="Adviser"/></concept><concept><code value="R1860"/><display value="Researcher"/></concept><concept><code value="R1870"/><display value="Control Assistant"/></concept><concept><code value="R1880"/><display value="Architect"/></concept><concept><code value="R1890"/><display value="Lawyer"/></concept><concept><code value="R1900"/><display value="Surveyor"/></concept><concept><code value="R5030"/><display value="Helpdesk Technician"/></concept><concept><code value="R5050"/><display value="Desktop Support Technician"/></concept><concept><code value="R5150"/><display value="System Worker"/></concept><concept><code value="R5400"/><display value="Availability  Monitor"/></concept><concept><code value="R8000"/><display value="Clinical Practitioner Access Role"/></concept><concept><code value="R8001"/><display value="Nurse Access Role"/></concept><concept><code value="R8002"/><display value="Nurse Manager Access Role"/></concept><concept><code value="R8003"/><display value="Health Professional Access Role"/></concept><concept><code value="R8004"/><display value="Healthcare Student Access Role"/></concept><concept><code value="R8016"/><display value="Midwife Access Role"/></concept><concept><code value="R8017"/><display value="Midwife Manager Access Role"/></concept><concept><code value="R8024"/><display value="Bank Access Role"/></concept><concept><code value="R8005"/><display value="Biomedical Scientist Access Role"/></concept><concept><code value="R8006"/><display value="Medical Secretary Access Role"/></concept><concept><code value="R8007"/><display value="Clinical Coder Access Role"/></concept><concept><code value="R8008"/><display value="Admin/Clinical Support Access Role"/></concept><concept><code value="R8015"/><display value="Systems Support Access Role"/></concept><concept><code value="R0001"/><display value="Privacy Officer"/></concept><concept><code value="R8009"/><display value="Receptionist Access Role"/></concept><concept><code value="R8010"/><display value="Clerical Access Role"/></concept><concept><code value="R8011"/><display value="Clerical Manager Access Role"/></concept><concept><code value="R8012"/><display value="Information Officer Access Role"/></concept><concept><code value="R8013"/><display value="Health Records Manager Access Role"/></concept><concept><code value="R8014"/><display value="Social Worker Access Role"/></concept></CodeSystem>