<?xml version="1.0" encoding="UTF-8"?><CodeSystem xmlns="http://hl7.org/fhir"><id value="UKCore-ListEmptyReasonCode"/><text><status value="generated"/><div xmlns="http://www.w3.org/1999/xhtml"><h2>UK Core List Empty Reason Code</h2><div><p>A CodeSystem to identify the reason a list may be empty.</p>
</div><p><b>Copyright Statement:</b> Copyright &#xA9; 2019 NHS Digital</p><p>This code system https://fhir.nhs.uk/R4/CodeSystem/UKCore-ListEmptyReasonCode defines the following codes:</p><table class="codes"><tr><td style="white-space:nowrap"><b>Code</b></td><td><b>Display</b></td><td><b>Definition</b></td></tr><tr><td style="white-space:nowrap">no-content-recorded<a name="UKCore-ListEmptyReasonCode-no-content-recorded"> </a></td><td>No Content Recorded</td><td/></tr></table></div></text><url value="https://fhir.nhs.uk/R4/CodeSystem/UKCore-ListEmptyReasonCode"/><version value="1.0.0"/><name value="UKCoreListEmptyReasonCode"/><title value="UK Core List Empty Reason Code"/><status value="draft"/><date value="2019-11-04T00:00:00+00:00"/><publisher value="NHS Digital"/><contact><name value="Interoperability Team"/><telecom><system value="email"/><value value="interoperabilityteam@nhs.net"/><use value="work"/></telecom></contact><description value="A CodeSystem to identify the reason a list may be empty."/><copyright value="Copyright &#xA9; 2019 NHS Digital"/><caseSensitive value="true"/><content value="complete"/><concept><code value="no-content-recorded"/><display value="No Content Recorded"/></concept></CodeSystem>