<?xml version="1.0" encoding="UTF-8"?><CodeSystem xmlns="http://hl7.org/fhir"><id value="UKCore-NHSDataDictionary-PersonMaritalStatus"/><text><status value="generated"/><div xmlns="http://www.w3.org/1999/xhtml"><h2>NHS Data Model and Dictionary Person Marital Status Code</h2><div><p>An indicator to identify the legal marital status of a Person.</p>
</div><p><b>Copyright Statement:</b> Copyright &#xA9; 2019 NHS Digital</p><p>This code system https://fhir.nhs.uk/R4/CodeSystem/UKCore-NHSDataDictionary-PersonMaritalStatus defines the following codes:</p><table class="codes"><tr><td style="white-space:nowrap"><b>Code</b></td><td><b>Display</b></td><td><b>Definition</b></td></tr><tr><td style="white-space:nowrap">S<a name="UKCore-NHSDataDictionary-PersonMaritalStatus-S"> </a></td><td>Single</td><td/></tr><tr><td style="white-space:nowrap">M<a name="UKCore-NHSDataDictionary-PersonMaritalStatus-M"> </a></td><td>Married/Civil Partner</td><td/></tr><tr><td style="white-space:nowrap">D<a name="UKCore-NHSDataDictionary-PersonMaritalStatus-D"> </a></td><td>Divorced/Person whose Civil Partnership has been dissolved</td><td/></tr><tr><td style="white-space:nowrap">W<a name="UKCore-NHSDataDictionary-PersonMaritalStatus-W"> </a></td><td>Widowed/Surviving Civil Partner</td><td/></tr><tr><td style="white-space:nowrap">P<a name="UKCore-NHSDataDictionary-PersonMaritalStatus-P"> </a></td><td>Separated</td><td/></tr><tr><td style="white-space:nowrap">N<a name="UKCore-NHSDataDictionary-PersonMaritalStatus-N"> </a></td><td>Not disclosed</td><td/></tr></table></div></text><extension url="http://hl7.org/fhir/StructureDefinition/codesystem-sourceReference"><valueUri value="http://www.datadictionary.nhs.uk/data_dictionary/attributes/p/person/person_marital_status_code_de.asp?shownav=1"/></extension><url value="https://fhir.nhs.uk/R4/CodeSystem/UKCore-NHSDataDictionary-PersonMaritalStatus"/><version value="1.0.0"/><name value="NHSDataModelandDictionaryPersonMaritalStatusCode"/><title value="NHS Data Model and Dictionary Person Marital Status Code"/><status value="active"/><date value="2019-10-18T13:00:00+01:00"/><publisher value="Project Wildfyre"/><contact><name value="Project Wildfyre"/><telecom><system value="email"/><value value="mailto:interoperabilityteam@nhs.net"/><use value="work"/></telecom></contact><description value="An indicator to identify the legal marital status of a Person."/><jurisdiction><coding><system value="urn:iso:std:iso:3166"/><code value="GB"/></coding></jurisdiction><copyright value="Copyright &#xA9; 2019 NHS Digital"/><caseSensitive value="true"/><content value="complete"/><concept><code value="S"/><display value="Single"/></concept><concept><code value="M"/><display value="Married/Civil Partner"/></concept><concept><code value="D"/><display value="Divorced/Person whose Civil Partnership has been dissolved"/></concept><concept><code value="W"/><display value="Widowed/Surviving Civil Partner"/></concept><concept><code value="P"/><display value="Separated"/></concept><concept><code value="N"/><display value="Not disclosed"/></concept></CodeSystem>