<?xml version="1.0" encoding="UTF-8"?><CodeSystem xmlns="http://hl7.org/fhir"><id value="UKCore-AddressKeyType"/><text><status value="generated"/><div xmlns="http://www.w3.org/1999/xhtml"><h2>UK Core Address Key Type</h2><div><p>A CodeSystem to identify the type of Address Key recorded.</p>
</div><p><b>Copyright Statement:</b> Copyright &#xA9; 2019 NHS Digital</p><p>This code system https://fhir.nhs.uk/R4/CodeSystem/UKCore-AddressKeyType defines the following codes:</p><table class="codes"><tr><td style="white-space:nowrap"><b>Code</b></td><td><b>Display</b></td><td><b>Definition</b></td></tr><tr><td style="white-space:nowrap">PAF<a name="UKCore-AddressKeyType-PAF"> </a></td><td>Postal Address File Key</td><td/></tr><tr><td style="white-space:nowrap">UPRN<a name="UKCore-AddressKeyType-UPRN"> </a></td><td>Unique Property Reference Number</td><td/></tr></table></div></text><url value="https://fhir.nhs.uk/R4/CodeSystem/UKCore-AddressKeyType"/><version value="1.0.0"/><name value="UKCoreAddressKeyType"/><title value="UK Core Address Key Type"/><status value="draft"/><date value="2019-12-06T00:00:00+00:00"/><publisher value="NHS Digital"/><contact><name value="Interoperability Team"/><telecom><system value="email"/><value value="interoperabilityteam@nhs.net"/><use value="work"/></telecom></contact><description value="A CodeSystem to identify the type of Address Key recorded."/><copyright value="Copyright &#xA9; 2019 NHS Digital"/><content value="complete"/><concept><code value="PAF"/><display value="Postal Address File Key"/></concept><concept><code value="UPRN"/><display value="Unique Property Reference Number"/></concept></CodeSystem>