<?xml version="1.0" encoding="UTF-8"?><ConceptMap xmlns="http://hl7.org/fhir"><id value="UKCore-AllergySeverity"/><text><status value="generated"/><div xmlns="http://www.w3.org/1999/xhtml"><h2>ConceptMapUKCoreAllergySeverity (https://fhir.nhs.uk/R4/ConceptMap/UKCore-AllergySeverity)</h2><p>Mapping from <a href="http://build.fhir.org/valueset-reaction-event-severity.html">http://hl7.org/fhir/ValueSet/reaction-event-severity</a> to <a href="ValueSet-UKCore-AllergySeverity.html">https://fhir.nhs.uk/R4/ValueSet/UKCore-AllergySeverity</a></p><p>DRAFT. Published on 05-Nov-2019 00:00:00 by NHS Digital (Interoperability Team: <a href="mailto:interoperabilityteam@nhs.net">interoperabilityteam@nhs.net</a>). Copyright &#xA9; 2019 NHS Digital</p><div><p>A Concept Map from the HL7 FHIR ValueSet Reaction Event Severity to Allergy Severity to aid interpretation.</p>
</div><br/><table class="grid"><tr><td><b>Source Code</b></td><td><b>Relationship</b></td><td><b>Destination Code</b></td></tr><tr><td>mild</td><td>equivalent</td><td>255604002 (Mild)</td></tr><tr><td>moderate</td><td>equivalent</td><td>6736007 (Moderate)</td></tr><tr><td>severe</td><td>equivalent</td><td>24484000 (Severe)</td></tr><tr><td>severe</td><td>equivalent</td><td>442452003 (Life threatening severity)</td></tr></table></div></text><url value="https://fhir.nhs.uk/R4/ConceptMap/UKCore-AllergySeverity"/><version value="1.0.0"/><name value="ConceptMapUKCoreAllergySeverity"/><title value="Concept Map - UK Core Allergy Severity"/><status value="draft"/><date value="2019-11-05T00:00:00+00:00"/><publisher value="NHS Digital"/><contact><name value="Interoperability Team"/><telecom><system value="email"/><value value="interoperabilityteam@nhs.net"/><use value="work"/></telecom></contact><description value="A Concept Map from the HL7 FHIR ValueSet Reaction Event Severity to Allergy Severity to aid interpretation."/><copyright value="Copyright &#xA9; 2019 NHS Digital"/><sourceUri value="http://hl7.org/fhir/ValueSet/reaction-event-severity"/><targetUri value="https://fhir.nhs.uk/R4/ValueSet/UKCore-AllergySeverity"/><group><source value="http://hl7.org/fhir/reaction-event-severity"/><target value="http://snomed.info/sct"/><element><code value="mild"/><display value="Mild"/><target><code value="255604002"/><display value="Mild"/><equivalence value="equivalent"/></target></element><element><code value="moderate"/><display value="Moderate"/><target><code value="6736007"/><display value="Moderate"/><equivalence value="equivalent"/></target></element><element><code value="severe"/><display value="Severe"/><target><code value="24484000"/><display value="Severe"/><equivalence value="equivalent"/></target></element><element><code value="severe"/><display value="Severe"/><target><code value="442452003"/><display value="Life threatening severity"/><equivalence value="equivalent"/></target></element></group></ConceptMap>