<?xml version="1.0" encoding="UTF-8"?><ImplementationGuide xmlns="http://hl7.org/fhir"><id value="nhsdigital-fhir-r4-core-demo"/><text><status value="generated"/><div xmlns="http://www.w3.org/1999/xhtml"><h2>FHIRR4CoreDemo</h2><p>The official URL for this implementation guide is: </p><pre>https://fhir.nhs.uk/R4/ImplementationGuide/nhsdigital-fhir-r4-core-demo</pre></div></text><url value="https://fhir.nhs.uk/R4/ImplementationGuide/nhsdigital-fhir-r4-core-demo"/><version value="1.0.0"/><name value="FHIRR4CoreDemo"/><title value="FHIR R4 Core Demo"/><status value="draft"/><experimental value="true"/><date value="2019-10-14T00:00:00+01:00"/><publisher value="NHS Digital"/><contact><name value="NHS Digital"/><telecom><system value="email"/><value value="mailto:interoperabilityteam@nhs.net"/><use value="work"/></telecom></contact><jurisdiction><coding><system value="urn:iso:std:iso:3166"/><code value="GB"/></coding></jurisdiction><packageId value="nhsdigital.fhir.r4.core.demo"/><license value="CC0-1.0"/><fhirVersion value="4.0.0"/><definition><grouping><name value="FHIR R4 Core Demo"/></grouping><resource><extension url="http://hl7.org/fhir/StructureDefinition/implementationguide-page"><valueUri value="ValueSet-UKCore-ResidentialStatus-1-0-0.html"/></extension><reference><reference value="ValueSet/UKCore-ResidentialStatus-1-0-0"/></reference><exampleBoolean value="false"/></resource><resource><extension url="http://hl7.org/fhir/StructureDefinition/implementationguide-page"><valueUri value="ValueSet-UKCore-EthnicCategory-1-0-0.html"/></extension><reference><reference value="ValueSet/UKCore-EthnicCategory-1-0-0"/></reference><exampleBoolean value="false"/></resource><resource><extension url="http://hl7.org/fhir/StructureDefinition/implementationguide-page"><valueUri value="ValueSet-UKCore-NHSNumberVerificationStatus-1-0-0.html"/></extension><reference><reference value="ValueSet/UKCore-NHSNumberVerificationStatus-1-0-0"/></reference><exampleBoolean value="false"/></resource><resource><extension url="http://hl7.org/fhir/StructureDefinition/implementationguide-page"><valueUri value="ValueSet-UKCore-ReligiousAffiliation-1-0-0.html"/></extension><reference><reference value="ValueSet/UKCore-ReligiousAffiliation-1-0-0"/></reference><exampleBoolean value="false"/></resource><resource><extension url="http://hl7.org/fhir/StructureDefinition/implementationguide-page"><valueUri value="ValueSet-UKCore-NHSDataDictionary-PersonMaritalStatus-1-0-0.html"/></extension><reference><reference value="ValueSet/UKCore-NHSDataDictionary-PersonMaritalStatus-1-0-0"/></reference><exampleBoolean value="false"/></resource><resource><extension url="http://hl7.org/fhir/StructureDefinition/implementationguide-page"><valueUri value="CodeSystem-UKCore-ResidentialStatus-1-0-0.html"/></extension><reference><reference value="CodeSystem/UKCore-ResidentialStatus-1-0-0"/></reference><exampleBoolean value="false"/></resource><resource><extension url="http://hl7.org/fhir/StructureDefinition/implementationguide-page"><valueUri value="CodeSystem-UKCore-EthnicCategory-1-0-0.html"/></extension><reference><reference value="CodeSystem/UKCore-EthnicCategory-1-0-0"/></reference><exampleBoolean value="false"/></resource><resource><extension url="http://hl7.org/fhir/StructureDefinition/implementationguide-page"><valueUri value="CodeSystem-UKCore-NHSNumberVerificationStatus-1-0-0.html"/></extension><reference><reference value="CodeSystem/UKCore-NHSNumberVerificationStatus-1-0-0"/></reference><exampleBoolean value="false"/></resource><resource><extension url="http://hl7.org/fhir/StructureDefinition/implementationguide-page"><valueUri value="CodeSystem-UKCore-NHSDataDictionary-PersonMaritalStatus-1-0-0.html"/></extension><reference><reference value="CodeSystem/UKCore-NHSDataDictionary-PersonMaritalStatus-1-0-0"/></reference><exampleBoolean value="false"/></resource><resource><extension url="http://hl7.org/fhir/StructureDefinition/implementationguide-page"><valueUri value="ConceptMap-UKCore-MaritalStatus-1-0-0.html"/></extension><reference><reference value="ConceptMap/UKCore-MaritalStatus-1-0-0"/></reference><exampleBoolean value="false"/></resource><resource><extension url="http://hl7.org/fhir/StructureDefinition/implementationguide-page"><valueUri value="CodeSystem-UKCore-NHSDataDictionary-PersonStatedGender-1-0-0.html"/></extension><reference><reference value="CodeSystem/UKCore-NHSDataDictionary-PersonStatedGender-1-0-0"/></reference><exampleBoolean value="false"/></resource><resource><extension url="http://hl7.org/fhir/StructureDefinition/implementationguide-page"><valueUri value="ConceptMap-UKCore-AdministrativeGender-1-0-0.html"/></extension><reference><reference value="ConceptMap/UKCore-AdministrativeGender-1-0-0"/></reference><exampleBoolean value="false"/></resource><resource><extension url="http://hl7.org/fhir/StructureDefinition/implementationguide-page"><valueUri value="ValueSet-UKCore-NHSDataDictionary-PersonStatedGender-1-0-0.html"/></extension><reference><reference value="ValueSet/UKCore-NHSDataDictionary-PersonStatedGender-1-0-0"/></reference><exampleBoolean value="false"/></resource><resource><extension url="http://hl7.org/fhir/StructureDefinition/implementationguide-page"><valueUri value="UKCore-Patient-1-0-0.html"/></extension><reference><reference value="StructureDefinition/UKCore-Patient-1-0-0"/></reference><exampleBoolean value="false"/></resource><resource><extension url="http://hl7.org/fhir/StructureDefinition/implementationguide-page"><valueUri value="Extension-UKCore-NHSNumberVerificationStatus-1-0-0.html"/></extension><reference><reference value="StructureDefinition/Extension-UKCore-NHSNumberVerificationStatus-1-0-0"/></reference><exampleBoolean value="false"/></resource><resource><extension url="http://hl7.org/fhir/StructureDefinition/implementationguide-page"><valueUri value="Extension-UKCore-EthnicCategory-1-0-0.html"/></extension><reference><reference value="StructureDefinition/Extension-UKCore-EthnicCategory-1-0-0"/></reference><exampleBoolean value="false"/></resource><resource><extension url="http://hl7.org/fhir/StructureDefinition/implementationguide-page"><valueUri value="Extension-UKCore-ReligiousAffiliation-1-0-0.html"/></extension><reference><reference value="StructureDefinition/Extension-UKCore-ReligiousAffiliation-1-0-0"/></reference><exampleBoolean value="false"/></resource><resource><extension url="http://hl7.org/fhir/StructureDefinition/implementationguide-page"><valueUri value="Extension-UKCore-ResidentialStatus-1-0-0.html"/></extension><reference><reference value="StructureDefinition/Extension-UKCore-ResidentialStatus-1-0-0"/></reference><exampleBoolean value="false"/></resource></definition></ImplementationGuide>