<?xml version="1.0" encoding="UTF-8"?><StructureDefinition xmlns="http://hl7.org/fhir"><id value="UKCore-RelatedPerson"/><text><status value="generated"/><div xmlns="http://www.w3.org/1999/xhtml"><table border="0" cellpadding="0" cellspacing="0" style="border: 0px #F0F0F0 solid; font-size: 11px; font-family: verdana; vertical-align: top;"><tr style="border: 1px #F0F0F0 solid; font-size: 11px; font-family: verdana; vertical-align: top;"><th style="vertical-align: top; text-align : left; background-color: white; border: 0px #F0F0F0 solid; padding:0px 4px 0px 4px" class="hierarchy"><a href="http://build.fhir.org/formats.html#table" title="The logical name of the element">Name</a></th><th style="vertical-align: top; text-align : left; background-color: white; border: 0px #F0F0F0 solid; padding:0px 4px 0px 4px" class="hierarchy"><a href="http://build.fhir.org/formats.html#table" title="Information about the use of the element">Flags</a></th><th style="vertical-align: top; text-align : left; background-color: white; border: 0px #F0F0F0 solid; padding:0px 4px 0px 4px" class="hierarchy"><a href="http://build.fhir.org/formats.html#table" title="Minimum and Maximum # of times the the element can appear in the instance">Card.</a></th><th style="width: 100px" class="hierarchy"><a href="http://build.fhir.org/formats.html#table" title="Reference to the type of the element">Type</a></th><th style="vertical-align: top; text-align : left; background-color: white; border: 0px #F0F0F0 solid; padding:0px 4px 0px 4px" class="hierarchy"><a href="http://build.fhir.org/formats.html#table" title="Additional information about the element">Description &amp; Constraints</a><span style="float: right"><a href="http://build.fhir.org/formats.html#table" title="Legend for this format"><img src="http://build.fhir.org/help16.png" alt="doco" style="background-color: inherit"/></a></span></th></tr><tr style="border: 0px #F0F0F0 solid; padding:0px; vertical-align: top; background-color: white;"><td style="vertical-align: top; text-align : left; background-color: white; border: 0px #F0F0F0 solid; padding:0px 4px 0px 4px; white-space: nowrap; background-image: url(tbl_bck1.png)" class="hierarchy"><img src="tbl_spacer.png" alt="." style="background-color: inherit" class="hierarchy"/><img src="icon_resource.png" alt="." style="background-color: white; background-color: inherit" title="Resource" class="hierarchy"/> <a href="UKCore-RelatedPerson-definitions.html#RelatedPerson" title="null">RelatedPerson</a><a name="RelatedPerson"> </a></td><td style="vertical-align: top; text-align : left; background-color: white; border: 0px #F0F0F0 solid; padding:0px 4px 0px 4px" class="hierarchy"/><td style="vertical-align: top; text-align : left; background-color: white; border: 0px #F0F0F0 solid; padding:0px 4px 0px 4px" class="hierarchy"><span style="opacity: 0.4">0</span><span style="opacity: 0.5">..</span><span style="opacity: 0.4">*</span></td><td style="vertical-align: top; text-align : left; background-color: white; border: 0px #F0F0F0 solid; padding:0px 4px 0px 4px" class="hierarchy"><a href="http://build.fhir.org/relatedperson.html">RelatedPerson</a></td><td style="vertical-align: top; text-align : left; background-color: white; border: 0px #F0F0F0 solid; padding:0px 4px 0px 4px" class="hierarchy"/></tr>
<tr style="border: 0px #F0F0F0 solid; padding:0px; vertical-align: top; background-color: #F7F7F7;"><td style="vertical-align: top; text-align : left; background-color: #F7F7F7; border: 0px #F0F0F0 solid; padding:0px 4px 0px 4px; white-space: nowrap; background-image: url(tbl_bck11.png)" class="hierarchy"><img src="tbl_spacer.png" alt="." style="background-color: inherit" class="hierarchy"/><img src="tbl_vjoin.png" alt="." style="background-color: inherit" class="hierarchy"/><img src="icon_element.gif" alt="." style="background-color: #F7F7F7; background-color: inherit" title="Element" class="hierarchy"/> <a href="UKCore-RelatedPerson-definitions.html#RelatedPerson.identifier" title="null">identifier</a><a name="RelatedPerson.identifier"> </a></td><td style="vertical-align: top; text-align : left; background-color: #F7F7F7; border: 0px #F0F0F0 solid; padding:0px 4px 0px 4px" class="hierarchy"/><td style="vertical-align: top; text-align : left; background-color: #F7F7F7; border: 0px #F0F0F0 solid; padding:0px 4px 0px 4px" class="hierarchy"/><td style="vertical-align: top; text-align : left; background-color: #F7F7F7; border: 0px #F0F0F0 solid; padding:0px 4px 0px 4px" class="hierarchy"/><td style="vertical-align: top; text-align : left; background-color: #F7F7F7; border: 0px #F0F0F0 solid; padding:0px 4px 0px 4px" class="hierarchy"/></tr>
<tr style="border: 0px #F0F0F0 solid; padding:0px; vertical-align: top; background-color: white;"><td style="vertical-align: top; text-align : left; background-color: white; border: 0px #F0F0F0 solid; padding:0px 4px 0px 4px; white-space: nowrap; background-image: url(tbl_bck100.png)" class="hierarchy"><img src="tbl_spacer.png" alt="." style="background-color: inherit" class="hierarchy"/><img src="tbl_vline.png" alt="." style="background-color: inherit" class="hierarchy"/><img src="tbl_vjoin_end.png" alt="." style="background-color: inherit" class="hierarchy"/><img src="icon_reference.png" alt="." style="background-color: white; background-color: inherit" title="Reference to another Resource" class="hierarchy"/> <a href="UKCore-RelatedPerson-definitions.html#RelatedPerson.identifier.assigner" title="null">assigner</a><a name="RelatedPerson.identifier.assigner"> </a></td><td style="vertical-align: top; text-align : left; background-color: white; border: 0px #F0F0F0 solid; padding:0px 4px 0px 4px" class="hierarchy"/><td style="vertical-align: top; text-align : left; background-color: white; border: 0px #F0F0F0 solid; padding:0px 4px 0px 4px" class="hierarchy"><span style="opacity: 0.4">0</span><span style="opacity: 0.5">..</span><span style="opacity: 0.4">1</span></td><td style="vertical-align: top; text-align : left; background-color: white; border: 0px #F0F0F0 solid; padding:0px 4px 0px 4px" class="hierarchy"><a href="http://build.fhir.org/references.html">Reference</a>(<a href="UKCore-Organization.html">UK Core Organization</a>)</td><td style="vertical-align: top; text-align : left; background-color: white; border: 0px #F0F0F0 solid; padding:0px 4px 0px 4px" class="hierarchy"/></tr>
<tr style="border: 0px #F0F0F0 solid; padding:0px; vertical-align: top; background-color: #F7F7F7;"><td style="vertical-align: top; text-align : left; background-color: #F7F7F7; border: 0px #F0F0F0 solid; padding:0px 4px 0px 4px; white-space: nowrap; background-image: url(tbl_bck00.png)" class="hierarchy"><img src="tbl_spacer.png" alt="." style="background-color: inherit" class="hierarchy"/><img src="tbl_vjoin_end.png" alt="." style="background-color: inherit" class="hierarchy"/><img src="icon_reference.png" alt="." style="background-color: #F7F7F7; background-color: inherit" title="Reference to another Resource" class="hierarchy"/> <a href="UKCore-RelatedPerson-definitions.html#RelatedPerson.patient" title="null">patient</a><a name="RelatedPerson.patient"> </a></td><td style="vertical-align: top; text-align : left; background-color: #F7F7F7; border: 0px #F0F0F0 solid; padding:0px 4px 0px 4px" class="hierarchy"/><td style="vertical-align: top; text-align : left; background-color: #F7F7F7; border: 0px #F0F0F0 solid; padding:0px 4px 0px 4px" class="hierarchy"><span style="opacity: 0.4">1</span><span style="opacity: 0.5">..</span><span style="opacity: 0.4">1</span></td><td style="vertical-align: top; text-align : left; background-color: #F7F7F7; border: 0px #F0F0F0 solid; padding:0px 4px 0px 4px" class="hierarchy"><a href="http://build.fhir.org/references.html">Reference</a>(<a href="UKCore-Patient.html">UK Core Patient</a>)</td><td style="vertical-align: top; text-align : left; background-color: #F7F7F7; border: 0px #F0F0F0 solid; padding:0px 4px 0px 4px" class="hierarchy"/></tr>
<tr><td colspan="5" class="hierarchy"><br/><a href="http://build.fhir.org/formats.html#table" title="Legend for this format"><img src="http://build.fhir.org/help16.png" alt="doco" style="background-color: inherit"/> Documentation for this format</a></td></tr></table></div></text><url value="https://fhir.nhs.uk/R4/StructureDefinition/UKCore-RelatedPerson"/><version value="1.0.0"/><name value="UKCoreRelatedPerson"/><title value="UK Core RelatedPerson"/><status value="draft"/><date value="2019-12-19T10:28:27+00:00"/><publisher value="NHS Digital"/><contact><name value="Interoperability Team"/><telecom><system value="email"/><value value="interoperabilityteam@nhs.net"/><use value="work"/></telecom></contact><description value="Defines the UK Core constraints and extensions on the RelatedPerson resource for the minimal set of data to query and retrieve related person information."/><purpose value="This profile allows exchange of information about a person that is involved in the care for an individual, but who is not the target of healthcare, nor has a formal responsibility in the care process."/><copyright value="Copyright &#xA9; 2019 NHS Digital"/><fhirVersion value="4.0.1"/><mapping><identity value="rim"/><uri value="http://hl7.org/v3"/><name value="RIM Mapping"/></mapping><mapping><identity value="w5"/><uri value="http://hl7.org/fhir/fivews"/><name value="FiveWs Pattern Mapping"/></mapping><mapping><identity value="v2"/><uri value="http://hl7.org/v2"/><name value="HL7 v2 Mapping"/></mapping><kind value="resource"/><abstract value="false"/><type value="RelatedPerson"/><baseDefinition value="http://hl7.org/fhir/StructureDefinition/RelatedPerson"/><derivation value="constraint"/><snapshot><element id="RelatedPerson"><path value="RelatedPerson"/><short value="A person that is related to a patient, but who is not a direct target of care"/><definition value="Information about a person that is involved in the care for a patient, but who is not the target of healthcare, nor has a formal responsibility in the care process."/><min value="0"/><max value="*"/><base><path value="RelatedPerson"/><min value="0"/><max value="*"/></base><constraint><key value="dom-2"/><severity value="error"/><human value="If the resource is contained in another resource, it SHALL NOT contain nested Resources"/><expression value="contained.contained.empty()"/><xpath value="not(parent::f:contained and f:contained)"/><source value="http://hl7.org/fhir/StructureDefinition/DomainResource"/></constraint><constraint><key value="dom-3"/><severity value="error"/><human value="If the resource is contained in another resource, it SHALL be referred to from elsewhere in the resource or SHALL refer to the containing resource"/><expression value="contained.where(((&#39;#&#39;+id in (%resource.descendants().reference | %resource.descendants().as(canonical) | %resource.descendants().as(uri) | %resource.descendants().as(url))) or descendants().where(reference = &#39;#&#39;).exists() or descendants().where(as(canonical) = &#39;#&#39;).exists() or descendants().where(as(canonical) = &#39;#&#39;).exists()).not()).trace(&#39;unmatched&#39;, id).empty()"/><xpath value="not(exists(for $id in f:contained/*/f:id/@value return $contained[not(parent::*/descendant::f:reference/@value=concat(&#39;#&#39;, $contained/*/id/@value) or descendant::f:reference[@value=&#39;#&#39;])]))"/><source value="http://hl7.org/fhir/StructureDefinition/DomainResource"/></constraint><constraint><key value="dom-4"/><severity value="error"/><human value="If a resource is contained in another resource, it SHALL NOT have a meta.versionId or a meta.lastUpdated"/><expression value="contained.meta.versionId.empty() and contained.meta.lastUpdated.empty()"/><xpath value="not(exists(f:contained/*/f:meta/f:versionId)) and not(exists(f:contained/*/f:meta/f:lastUpdated))"/><source value="http://hl7.org/fhir/StructureDefinition/DomainResource"/></constraint><constraint><key value="dom-5"/><severity value="error"/><human value="If a resource is contained in another resource, it SHALL NOT have a security label"/><expression value="contained.meta.security.empty()"/><xpath value="not(exists(f:contained/*/f:meta/f:security))"/><source value="http://hl7.org/fhir/StructureDefinition/DomainResource"/></constraint><constraint><extension url="http://hl7.org/fhir/StructureDefinition/elementdefinition-bestpractice"><valueBoolean value="true"/></extension><extension url="http://hl7.org/fhir/StructureDefinition/elementdefinition-bestpractice-explanation"><valueMarkdown value="When a resource has no narrative, only systems that fully understand the data can display the resource to a human safely. Including a human readable representation in the resource makes for a much more robust eco-system and cheaper handling of resources by intermediary systems. Some ecosystems restrict distribution of resources to only those systems that do fully understand the resources, and as a consequence implementers may believe that the narrative is superfluous. However experience shows that such eco-systems often open up to new participants over time."/></extension><key value="dom-6"/><severity value="warning"/><human value="A resource should have narrative for robust management"/><expression value="text.`div`.exists()"/><xpath value="exists(f:text/h:div)"/><source value="http://hl7.org/fhir/StructureDefinition/DomainResource"/></constraint><isModifier value="false"/><isSummary value="false"/><mapping><identity value="rim"/><map value="Entity. Role, or Act"/></mapping><mapping><identity value="rim"/><map value="role"/></mapping></element><element id="RelatedPerson.id"><path value="RelatedPerson.id"/><short value="Logical id of this artifact"/><definition value="The logical id of the resource, as used in the URL for the resource. Once assigned, this value never changes."/><comment value="The only time that a resource does not have an id is when it is being submitted to the server using a create operation."/><min value="0"/><max value="1"/><base><path value="Resource.id"/><min value="0"/><max value="1"/></base><type><extension url="http://hl7.org/fhir/StructureDefinition/structuredefinition-fhir-type"><valueUrl value="string"/></extension><code value="http://hl7.org/fhirpath/System.String"/></type><isModifier value="false"/><isSummary value="true"/></element><element id="RelatedPerson.meta"><path value="RelatedPerson.meta"/><short value="Metadata about the resource"/><definition value="The metadata about the resource. This is content that is maintained by the infrastructure. Changes to the content might not always be associated with version changes to the resource."/><min value="0"/><max value="1"/><base><path value="Resource.meta"/><min value="0"/><max value="1"/></base><type><code value="Meta"/></type><constraint><key value="ele-1"/><severity value="error"/><human value="All FHIR elements must have a @value or children"/><expression value="hasValue() or (children().count() &gt; id.count())"/><xpath value="@value|f:*|h:div"/><source value="http://hl7.org/fhir/StructureDefinition/Element"/></constraint><isModifier value="false"/><isSummary value="true"/></element><element id="RelatedPerson.implicitRules"><path value="RelatedPerson.implicitRules"/><short value="A set of rules under which this content was created"/><definition value="A reference to a set of rules that were followed when the resource was constructed, and which must be understood when processing the content. Often, this is a reference to an implementation guide that defines the special rules along with other profiles etc."/><comment value="Asserting this rule set restricts the content to be only understood by a limited set of trading partners. This inherently limits the usefulness of the data in the long term. However, the existing health eco-system is highly fractured, and not yet ready to define, collect, and exchange data in a generally computable sense. Wherever possible, implementers and/or specification writers should avoid using this element. Often, when used, the URL is a reference to an implementation guide that defines these special rules as part of it&#39;s narrative along with other profiles, value sets, etc."/><min value="0"/><max value="1"/><base><path value="Resource.implicitRules"/><min value="0"/><max value="1"/></base><type><code value="uri"/></type><constraint><key value="ele-1"/><severity value="error"/><human value="All FHIR elements must have a @value or children"/><expression value="hasValue() or (children().count() &gt; id.count())"/><xpath value="@value|f:*|h:div"/><source value="http://hl7.org/fhir/StructureDefinition/Element"/></constraint><isModifier value="true"/><isModifierReason value="This element is labeled as a modifier because the implicit rules may provide additional knowledge about the resource that modifies it&#39;s meaning or interpretation"/><isSummary value="true"/></element><element id="RelatedPerson.language"><path value="RelatedPerson.language"/><short value="Language of the resource content"/><definition value="The base language in which the resource is written."/><comment value="Language is provided to support indexing and accessibility (typically, services such as text to speech use the language tag). The html language tag in the narrative applies  to the narrative. The language tag on the resource may be used to specify the language of other presentations generated from the data in the resource. Not all the content has to be in the base language. The Resource.language should not be assumed to apply to the narrative automatically. If a language is specified, it should it also be specified on the div element in the html (see rules in HTML5 for information about the relationship between xml:lang and the html lang attribute)."/><min value="0"/><max value="1"/><base><path value="Resource.language"/><min value="0"/><max value="1"/></base><type><code value="code"/></type><constraint><key value="ele-1"/><severity value="error"/><human value="All FHIR elements must have a @value or children"/><expression value="hasValue() or (children().count() &gt; id.count())"/><xpath value="@value|f:*|h:div"/><source value="http://hl7.org/fhir/StructureDefinition/Element"/></constraint><isModifier value="false"/><isSummary value="false"/><binding><extension url="http://hl7.org/fhir/StructureDefinition/elementdefinition-maxValueSet"><valueCanonical value="http://hl7.org/fhir/ValueSet/all-languages"/></extension><extension url="http://hl7.org/fhir/StructureDefinition/elementdefinition-bindingName"><valueString value="Language"/></extension><extension url="http://hl7.org/fhir/StructureDefinition/elementdefinition-isCommonBinding"><valueBoolean value="true"/></extension><strength value="preferred"/><description value="A human language."/><valueSet value="http://hl7.org/fhir/ValueSet/languages"/></binding></element><element id="RelatedPerson.text"><path value="RelatedPerson.text"/><short value="Text summary of the resource, for human interpretation"/><definition value="A human-readable narrative that contains a summary of the resource and can be used to represent the content of the resource to a human. The narrative need not encode all the structured data, but is required to contain sufficient detail to make it &quot;clinically safe&quot; for a human to just read the narrative. Resource definitions may define what content should be represented in the narrative to ensure clinical safety."/><comment value="Contained resources do not have narrative. Resources that are not contained SHOULD have a narrative. In some cases, a resource may only have text with little or no additional discrete data (as long as all minOccurs=1 elements are satisfied).  This may be necessary for data from legacy systems where information is captured as a &quot;text blob&quot; or where text is additionally entered raw or narrated and encoded information is added later."/><alias value="narrative"/><alias value="html"/><alias value="xhtml"/><alias value="display"/><min value="0"/><max value="1"/><base><path value="DomainResource.text"/><min value="0"/><max value="1"/></base><type><code value="Narrative"/></type><constraint><key value="ele-1"/><severity value="error"/><human value="All FHIR elements must have a @value or children"/><expression value="hasValue() or (children().count() &gt; id.count())"/><xpath value="@value|f:*|h:div"/><source value="http://hl7.org/fhir/StructureDefinition/Element"/></constraint><isModifier value="false"/><isSummary value="false"/><mapping><identity value="rim"/><map value="Act.text?"/></mapping></element><element id="RelatedPerson.contained"><path value="RelatedPerson.contained"/><short value="Contained, inline Resources"/><definition value="These resources do not have an independent existence apart from the resource that contains them - they cannot be identified independently, and nor can they have their own independent transaction scope."/><comment value="This should never be done when the content can be identified properly, as once identification is lost, it is extremely difficult (and context dependent) to restore it again. Contained resources may have profiles and tags In their meta elements, but SHALL NOT have security labels."/><alias value="inline resources"/><alias value="anonymous resources"/><alias value="contained resources"/><min value="0"/><max value="*"/><base><path value="DomainResource.contained"/><min value="0"/><max value="*"/></base><type><code value="Resource"/></type><isModifier value="false"/><isSummary value="false"/><mapping><identity value="rim"/><map value="N/A"/></mapping></element><element id="RelatedPerson.extension"><path value="RelatedPerson.extension"/><short value="Additional content defined by implementations"/><definition value="May be used to represent additional information that is not part of the basic definition of the resource. To make the use of extensions safe and manageable, there is a strict set of governance  applied to the definition and use of extensions. Though any implementer can define an extension, there is a set of requirements that SHALL be met as part of the definition of the extension."/><comment value="There can be no stigma associated with the use of extensions by any application, project, or standard - regardless of the institution or jurisdiction that uses or defines the extensions.  The use of extensions is what allows the FHIR specification to retain a core level of simplicity for everyone."/><alias value="extensions"/><alias value="user content"/><min value="0"/><max value="*"/><base><path value="DomainResource.extension"/><min value="0"/><max value="*"/></base><type><code value="Extension"/></type><constraint><key value="ele-1"/><severity value="error"/><human value="All FHIR elements must have a @value or children"/><expression value="hasValue() or (children().count() &gt; id.count())"/><xpath value="@value|f:*|h:div"/><source value="http://hl7.org/fhir/StructureDefinition/Element"/></constraint><constraint><key value="ext-1"/><severity value="error"/><human value="Must have either extensions or value[x], not both"/><expression value="extension.exists() != value.exists()"/><xpath value="exists(f:extension)!=exists(f:*[starts-with(local-name(.), &quot;value&quot;)])"/><source value="http://hl7.org/fhir/StructureDefinition/Extension"/></constraint><isModifier value="false"/><isSummary value="false"/><mapping><identity value="rim"/><map value="N/A"/></mapping></element><element id="RelatedPerson.modifierExtension"><path value="RelatedPerson.modifierExtension"/><short value="Extensions that cannot be ignored"/><definition value="May be used to represent additional information that is not part of the basic definition of the resource and that modifies the understanding of the element that contains it and/or the understanding of the containing element&#39;s descendants. Usually modifier elements provide negation or qualification. To make the use of extensions safe and manageable, there is a strict set of governance applied to the definition and use of extensions. Though any implementer is allowed to define an extension, there is a set of requirements that SHALL be met as part of the definition of the extension. Applications processing a resource are required to check for modifier extensions.&#xA;&#xA;Modifier extensions SHALL NOT change the meaning of any elements on Resource or DomainResource (including cannot change the meaning of modifierExtension itself)."/><comment value="There can be no stigma associated with the use of extensions by any application, project, or standard - regardless of the institution or jurisdiction that uses or defines the extensions.  The use of extensions is what allows the FHIR specification to retain a core level of simplicity for everyone."/><requirements value="Modifier extensions allow for extensions that *cannot* be safely ignored to be clearly distinguished from the vast majority of extensions which can be safely ignored.  This promotes interoperability by eliminating the need for implementers to prohibit the presence of extensions. For further information, see the [definition of modifier extensions](http://build.fhir.org/extensibility.html#modifierExtension)."/><alias value="extensions"/><alias value="user content"/><min value="0"/><max value="*"/><base><path value="DomainResource.modifierExtension"/><min value="0"/><max value="*"/></base><type><code value="Extension"/></type><constraint><key value="ele-1"/><severity value="error"/><human value="All FHIR elements must have a @value or children"/><expression value="hasValue() or (children().count() &gt; id.count())"/><xpath value="@value|f:*|h:div"/><source value="http://hl7.org/fhir/StructureDefinition/Element"/></constraint><constraint><key value="ext-1"/><severity value="error"/><human value="Must have either extensions or value[x], not both"/><expression value="extension.exists() != value.exists()"/><xpath value="exists(f:extension)!=exists(f:*[starts-with(local-name(.), &quot;value&quot;)])"/><source value="http://hl7.org/fhir/StructureDefinition/Extension"/></constraint><isModifier value="true"/><isModifierReason value="Modifier extensions are expected to modify the meaning or interpretation of the resource that contains them"/><isSummary value="false"/><mapping><identity value="rim"/><map value="N/A"/></mapping></element><element id="RelatedPerson.identifier"><path value="RelatedPerson.identifier"/><short value="A human identifier for this person"/><definition value="Identifier for a person within a particular scope."/><requirements value="People are known by a variety of ids. Some institutions maintain several, and most collect identifiers for exchange with other organizations concerning the patient. Examples are national person identifier and local identifier."/><min value="0"/><max value="*"/><base><path value="RelatedPerson.identifier"/><min value="0"/><max value="*"/></base><type><code value="Identifier"/></type><constraint><key value="ele-1"/><severity value="error"/><human value="All FHIR elements must have a @value or children"/><expression value="hasValue() or (children().count() &gt; id.count())"/><xpath value="@value|f:*|h:div"/><source value="http://hl7.org/fhir/StructureDefinition/Element"/></constraint><isModifier value="false"/><isSummary value="true"/><mapping><identity value="w5"/><map value="FiveWs.identifier"/></mapping><mapping><identity value="v2"/><map value="NK1-33"/></mapping><mapping><identity value="rim"/><map value=".id"/></mapping></element><element id="RelatedPerson.identifier.id"><path value="RelatedPerson.identifier.id"/><representation value="xmlAttr"/><short value="Unique id for inter-element referencing"/><definition value="Unique id for the element within a resource (for internal references). This may be any string value that does not contain spaces."/><min value="0"/><max value="1"/><base><path value="Element.id"/><min value="0"/><max value="1"/></base><type><extension url="http://hl7.org/fhir/StructureDefinition/structuredefinition-fhir-type"><valueUrl value="string"/></extension><code value="http://hl7.org/fhirpath/System.String"/></type><isModifier value="false"/><isSummary value="false"/><mapping><identity value="rim"/><map value="n/a"/></mapping></element><element id="RelatedPerson.identifier.extension"><path value="RelatedPerson.identifier.extension"/><slicing><discriminator><type value="value"/><path value="url"/></discriminator><description value="Extensions are always sliced by (at least) url"/><rules value="open"/></slicing><short value="Additional content defined by implementations"/><definition value="May be used to represent additional information that is not part of the basic definition of the element. To make the use of extensions safe and manageable, there is a strict set of governance  applied to the definition and use of extensions. Though any implementer can define an extension, there is a set of requirements that SHALL be met as part of the definition of the extension."/><comment value="There can be no stigma associated with the use of extensions by any application, project, or standard - regardless of the institution or jurisdiction that uses or defines the extensions.  The use of extensions is what allows the FHIR specification to retain a core level of simplicity for everyone."/><alias value="extensions"/><alias value="user content"/><min value="0"/><max value="*"/><base><path value="Element.extension"/><min value="0"/><max value="*"/></base><type><code value="Extension"/></type><constraint><key value="ele-1"/><severity value="error"/><human value="All FHIR elements must have a @value or children"/><expression value="hasValue() or (children().count() &gt; id.count())"/><xpath value="@value|f:*|h:div"/><source value="http://hl7.org/fhir/StructureDefinition/Element"/></constraint><constraint><key value="ext-1"/><severity value="error"/><human value="Must have either extensions or value[x], not both"/><expression value="extension.exists() != value.exists()"/><xpath value="exists(f:extension)!=exists(f:*[starts-with(local-name(.), &quot;value&quot;)])"/><source value="http://hl7.org/fhir/StructureDefinition/Extension"/></constraint><isModifier value="false"/><isSummary value="false"/><mapping><identity value="rim"/><map value="n/a"/></mapping></element><element id="RelatedPerson.identifier.use"><path value="RelatedPerson.identifier.use"/><short value="usual | official | temp | secondary | old (If known)"/><definition value="The purpose of this identifier."/><comment value="Applications can assume that an identifier is permanent unless it explicitly says that it is temporary."/><requirements value="Allows the appropriate identifier for a particular context of use to be selected from among a set of identifiers."/><min value="0"/><max value="1"/><base><path value="Identifier.use"/><min value="0"/><max value="1"/></base><type><code value="code"/></type><constraint><key value="ele-1"/><severity value="error"/><human value="All FHIR elements must have a @value or children"/><expression value="hasValue() or (children().count() &gt; id.count())"/><xpath value="@value|f:*|h:div"/><source value="http://hl7.org/fhir/StructureDefinition/Element"/></constraint><isModifier value="true"/><isModifierReason value="This is labeled as &quot;Is Modifier&quot; because applications should not mistake a temporary id for a permanent one."/><isSummary value="true"/><binding><extension url="http://hl7.org/fhir/StructureDefinition/elementdefinition-bindingName"><valueString value="IdentifierUse"/></extension><strength value="required"/><description value="Identifies the purpose for this identifier, if known ."/><valueSet value="http://hl7.org/fhir/ValueSet/identifier-use|4.0.1"/></binding><mapping><identity value="v2"/><map value="N/A"/></mapping><mapping><identity value="rim"/><map value="Role.code or implied by context"/></mapping></element><element id="RelatedPerson.identifier.type"><path value="RelatedPerson.identifier.type"/><short value="Description of identifier"/><definition value="A coded type for the identifier that can be used to determine which identifier to use for a specific purpose."/><comment value="This element deals only with general categories of identifiers.  It SHOULD not be used for codes that correspond 1..1 with the Identifier.system. Some identifiers may fall into multiple categories due to common usage.   Where the system is known, a type is unnecessary because the type is always part of the system definition. However systems often need to handle identifiers where the system is not known. There is not a 1:1 relationship between type and system, since many different systems have the same type."/><requirements value="Allows users to make use of identifiers when the identifier system is not known."/><min value="0"/><max value="1"/><base><path value="Identifier.type"/><min value="0"/><max value="1"/></base><type><code value="CodeableConcept"/></type><constraint><key value="ele-1"/><severity value="error"/><human value="All FHIR elements must have a @value or children"/><expression value="hasValue() or (children().count() &gt; id.count())"/><xpath value="@value|f:*|h:div"/><source value="http://hl7.org/fhir/StructureDefinition/Element"/></constraint><isModifier value="false"/><isSummary value="true"/><binding><extension url="http://hl7.org/fhir/StructureDefinition/elementdefinition-bindingName"><valueString value="IdentifierType"/></extension><extension url="http://hl7.org/fhir/StructureDefinition/elementdefinition-isCommonBinding"><valueBoolean value="true"/></extension><strength value="extensible"/><description value="A coded type for an identifier that can be used to determine which identifier to use for a specific purpose."/><valueSet value="http://hl7.org/fhir/ValueSet/identifier-type"/></binding><mapping><identity value="v2"/><map value="CX.5"/></mapping><mapping><identity value="rim"/><map value="Role.code or implied by context"/></mapping></element><element id="RelatedPerson.identifier.system"><path value="RelatedPerson.identifier.system"/><short value="The namespace for the identifier value"/><definition value="Establishes the namespace for the value - that is, a URL that describes a set values that are unique."/><comment value="Identifier.system is always case sensitive."/><requirements value="There are many sets  of identifiers.  To perform matching of two identifiers, we need to know what set we&#39;re dealing with. The system identifies a particular set of unique identifiers."/><min value="0"/><max value="1"/><base><path value="Identifier.system"/><min value="0"/><max value="1"/></base><type><code value="uri"/></type><example><label value="General"/><valueUri value="http://www.acme.com/identifiers/patient"/></example><constraint><key value="ele-1"/><severity value="error"/><human value="All FHIR elements must have a @value or children"/><expression value="hasValue() or (children().count() &gt; id.count())"/><xpath value="@value|f:*|h:div"/><source value="http://hl7.org/fhir/StructureDefinition/Element"/></constraint><isModifier value="false"/><isSummary value="true"/><mapping><identity value="v2"/><map value="CX.4 / EI-2-4"/></mapping><mapping><identity value="rim"/><map value="II.root or Role.id.root"/></mapping><mapping><identity value="servd"/><map value="./IdentifierType"/></mapping></element><element id="RelatedPerson.identifier.value"><path value="RelatedPerson.identifier.value"/><short value="The value that is unique"/><definition value="The portion of the identifier typically relevant to the user and which is unique within the context of the system."/><comment value="If the value is a full URI, then the system SHALL be urn:ietf:rfc:3986.  The value&#39;s primary purpose is computational mapping.  As a result, it may be normalized for comparison purposes (e.g. removing non-significant whitespace, dashes, etc.)  A value formatted for human display can be conveyed using the [Rendered Value extension](http://build.fhir.org/extension-rendered-value.html). Identifier.value is to be treated as case sensitive unless knowledge of the Identifier.system allows the processer to be confident that non-case-sensitive processing is safe."/><min value="0"/><max value="1"/><base><path value="Identifier.value"/><min value="0"/><max value="1"/></base><type><code value="string"/></type><example><label value="General"/><valueString value="123456"/></example><constraint><key value="ele-1"/><severity value="error"/><human value="All FHIR elements must have a @value or children"/><expression value="hasValue() or (children().count() &gt; id.count())"/><xpath value="@value|f:*|h:div"/><source value="http://hl7.org/fhir/StructureDefinition/Element"/></constraint><isModifier value="false"/><isSummary value="true"/><mapping><identity value="v2"/><map value="CX.1 / EI.1"/></mapping><mapping><identity value="rim"/><map value="II.extension or II.root if system indicates OID or GUID (Or Role.id.extension or root)"/></mapping><mapping><identity value="servd"/><map value="./Value"/></mapping></element><element id="RelatedPerson.identifier.period"><path value="RelatedPerson.identifier.period"/><short value="Time period when id is/was valid for use"/><definition value="Time period during which identifier is/was valid for use."/><min value="0"/><max value="1"/><base><path value="Identifier.period"/><min value="0"/><max value="1"/></base><type><code value="Period"/></type><constraint><key value="ele-1"/><severity value="error"/><human value="All FHIR elements must have a @value or children"/><expression value="hasValue() or (children().count() &gt; id.count())"/><xpath value="@value|f:*|h:div"/><source value="http://hl7.org/fhir/StructureDefinition/Element"/></constraint><isModifier value="false"/><isSummary value="true"/><mapping><identity value="v2"/><map value="CX.7 + CX.8"/></mapping><mapping><identity value="rim"/><map value="Role.effectiveTime or implied by context"/></mapping><mapping><identity value="servd"/><map value="./StartDate and ./EndDate"/></mapping></element><element id="RelatedPerson.identifier.assigner"><path value="RelatedPerson.identifier.assigner"/><short value="Organization that issued id (may be just text)"/><definition value="Organization that issued/manages the identifier."/><comment value="The Identifier.assigner may omit the .reference element and only contain a .display element reflecting the name or other textual information about the assigning organization."/><min value="0"/><max value="1"/><base><path value="Identifier.assigner"/><min value="0"/><max value="1"/></base><type><code value="Reference"/><targetProfile value="https://fhir.nhs.uk/R4/StructureDefinition/UKCore-Organization"/></type><constraint><key value="ele-1"/><severity value="error"/><human value="All FHIR elements must have a @value or children"/><expression value="hasValue() or (children().count() &gt; id.count())"/><xpath value="@value|f:*|h:div"/><source value="http://hl7.org/fhir/StructureDefinition/Element"/></constraint><isModifier value="false"/><isSummary value="true"/><mapping><identity value="v2"/><map value="CX.4 / (CX.4,CX.9,CX.10)"/></mapping><mapping><identity value="rim"/><map value="II.assigningAuthorityName but note that this is an improper use by the definition of the field.  Also Role.scoper"/></mapping><mapping><identity value="servd"/><map value="./IdentifierIssuingAuthority"/></mapping></element><element id="RelatedPerson.active"><path value="RelatedPerson.active"/><short value="Whether this related person&#39;s record is in active use"/><definition value="Whether this related person record is in active use."/><comment value="This element is labeled as a modifier because it may be used to mark that the resource was created in error."/><requirements value="Need to be able to mark a related person record as not to be used, such as if it was created in error."/><min value="0"/><max value="1"/><base><path value="RelatedPerson.active"/><min value="0"/><max value="1"/></base><type><code value="boolean"/></type><meaningWhenMissing value="This resource is generally assumed to be active if no value is provided for the active element"/><constraint><key value="ele-1"/><severity value="error"/><human value="All FHIR elements must have a @value or children"/><expression value="hasValue() or (children().count() &gt; id.count())"/><xpath value="@value|f:*|h:div"/><source value="http://hl7.org/fhir/StructureDefinition/Element"/></constraint><isModifier value="true"/><isModifierReason value="This element is labelled as a modifier because it is a status element that can indicate that a record should not be treated as valid"/><isSummary value="true"/><mapping><identity value="w5"/><map value="FiveWs.status"/></mapping><mapping><identity value="rim"/><map value=".statusCode"/></mapping></element><element id="RelatedPerson.patient"><path value="RelatedPerson.patient"/><short value="The patient this person is related to"/><definition value="The patient this person is related to."/><requirements value="We need to know which patient this RelatedPerson is related to."/><min value="1"/><max value="1"/><base><path value="RelatedPerson.patient"/><min value="1"/><max value="1"/></base><type><code value="Reference"/><targetProfile value="https://fhir.nhs.uk/R4/StructureDefinition/UKCore-Patient"/></type><constraint><key value="ele-1"/><severity value="error"/><human value="All FHIR elements must have a @value or children"/><expression value="hasValue() or (children().count() &gt; id.count())"/><xpath value="@value|f:*|h:div"/><source value="http://hl7.org/fhir/StructureDefinition/Element"/></constraint><isModifier value="false"/><isSummary value="true"/><mapping><identity value="v2"/><map value="PID-3"/></mapping><mapping><identity value="rim"/><map value="scoper[classCode=PSN|ANM and determinerCode=&#39;INSTANCE&#39;]/playedRole[classCode=&#39;PAT&#39;]/id"/></mapping></element><element id="RelatedPerson.relationship"><path value="RelatedPerson.relationship"/><short value="The nature of the relationship"/><definition value="The nature of the relationship between a patient and the related person."/><requirements value="We need to know the relationship with the patient since it influences the interpretation of the information attributed to this person."/><min value="0"/><max value="*"/><base><path value="RelatedPerson.relationship"/><min value="0"/><max value="*"/></base><type><code value="CodeableConcept"/></type><constraint><key value="ele-1"/><severity value="error"/><human value="All FHIR elements must have a @value or children"/><expression value="hasValue() or (children().count() &gt; id.count())"/><xpath value="@value|f:*|h:div"/><source value="http://hl7.org/fhir/StructureDefinition/Element"/></constraint><isModifier value="false"/><isSummary value="true"/><binding><extension url="http://hl7.org/fhir/StructureDefinition/elementdefinition-bindingName"><valueString value="PatientRelationshipType"/></extension><strength value="preferred"/><description value="The nature of the relationship between a patient and the related person."/><valueSet value="http://hl7.org/fhir/ValueSet/relatedperson-relationshiptype"/></binding><mapping><identity value="w5"/><map value="FiveWs.class"/></mapping><mapping><identity value="v2"/><map value="NK1-3"/></mapping><mapping><identity value="rim"/><map value="code"/></mapping></element><element id="RelatedPerson.name"><path value="RelatedPerson.name"/><short value="A name associated with the person"/><definition value="A name associated with the person."/><requirements value="Related persons need to be identified by name, but it is uncommon to need details about multiple other names for that person."/><min value="0"/><max value="*"/><base><path value="RelatedPerson.name"/><min value="0"/><max value="*"/></base><type><code value="HumanName"/></type><constraint><key value="ele-1"/><severity value="error"/><human value="All FHIR elements must have a @value or children"/><expression value="hasValue() or (children().count() &gt; id.count())"/><xpath value="@value|f:*|h:div"/><source value="http://hl7.org/fhir/StructureDefinition/Element"/></constraint><isModifier value="false"/><isSummary value="true"/><mapping><identity value="v2"/><map value="NK1-2"/></mapping><mapping><identity value="rim"/><map value="name"/></mapping></element><element id="RelatedPerson.telecom"><path value="RelatedPerson.telecom"/><short value="A contact detail for the person"/><definition value="A contact detail for the person, e.g. a telephone number or an email address."/><comment value="Person may have multiple ways to be contacted with different uses or applicable periods.  May need to have options for contacting the person urgently, and also to help with identification."/><requirements value="People have (primary) ways to contact them in some way such as phone, email."/><min value="0"/><max value="*"/><base><path value="RelatedPerson.telecom"/><min value="0"/><max value="*"/></base><type><code value="ContactPoint"/></type><constraint><key value="ele-1"/><severity value="error"/><human value="All FHIR elements must have a @value or children"/><expression value="hasValue() or (children().count() &gt; id.count())"/><xpath value="@value|f:*|h:div"/><source value="http://hl7.org/fhir/StructureDefinition/Element"/></constraint><isModifier value="false"/><isSummary value="true"/><mapping><identity value="v2"/><map value="NK1-5 / NK1-6 / NK1-40"/></mapping><mapping><identity value="rim"/><map value="telecom"/></mapping></element><element id="RelatedPerson.gender"><path value="RelatedPerson.gender"/><short value="male | female | other | unknown"/><definition value="Administrative Gender - the gender that the person is considered to have for administration and record keeping purposes."/><requirements value="Needed for identification of the person, in combination with (at least) name and birth date."/><min value="0"/><max value="1"/><base><path value="RelatedPerson.gender"/><min value="0"/><max value="1"/></base><type><code value="code"/></type><constraint><key value="ele-1"/><severity value="error"/><human value="All FHIR elements must have a @value or children"/><expression value="hasValue() or (children().count() &gt; id.count())"/><xpath value="@value|f:*|h:div"/><source value="http://hl7.org/fhir/StructureDefinition/Element"/></constraint><isModifier value="false"/><isSummary value="true"/><binding><extension url="http://hl7.org/fhir/StructureDefinition/elementdefinition-bindingName"><valueString value="AdministrativeGender"/></extension><extension url="http://hl7.org/fhir/StructureDefinition/elementdefinition-isCommonBinding"><valueBoolean value="true"/></extension><strength value="required"/><description value="The gender of a person used for administrative purposes."/><valueSet value="http://hl7.org/fhir/ValueSet/administrative-gender|4.0.1"/></binding><mapping><identity value="v2"/><map value="NK1-15"/></mapping><mapping><identity value="rim"/><map value="administrativeGender"/></mapping></element><element id="RelatedPerson.birthDate"><path value="RelatedPerson.birthDate"/><short value="The date on which the related person was born"/><definition value="The date on which the related person was born."/><min value="0"/><max value="1"/><base><path value="RelatedPerson.birthDate"/><min value="0"/><max value="1"/></base><type><code value="date"/></type><constraint><key value="ele-1"/><severity value="error"/><human value="All FHIR elements must have a @value or children"/><expression value="hasValue() or (children().count() &gt; id.count())"/><xpath value="@value|f:*|h:div"/><source value="http://hl7.org/fhir/StructureDefinition/Element"/></constraint><isModifier value="false"/><isSummary value="true"/><mapping><identity value="rim"/><map value="player.birthTime"/></mapping></element><element id="RelatedPerson.address"><path value="RelatedPerson.address"/><short value="Address where the related person can be contacted or visited"/><definition value="Address where the related person can be contacted or visited."/><requirements value="Need to keep track where the related person can be contacted per postal mail or visited."/><min value="0"/><max value="*"/><base><path value="RelatedPerson.address"/><min value="0"/><max value="*"/></base><type><code value="Address"/></type><constraint><key value="ele-1"/><severity value="error"/><human value="All FHIR elements must have a @value or children"/><expression value="hasValue() or (children().count() &gt; id.count())"/><xpath value="@value|f:*|h:div"/><source value="http://hl7.org/fhir/StructureDefinition/Element"/></constraint><isModifier value="false"/><isSummary value="true"/><mapping><identity value="v2"/><map value="NK1-4"/></mapping><mapping><identity value="rim"/><map value="addr"/></mapping></element><element id="RelatedPerson.photo"><path value="RelatedPerson.photo"/><short value="Image of the person"/><definition value="Image of the person."/><requirements value="Many EHR systems have the capability to capture an image of persons. Fits with newer social media usage too."/><min value="0"/><max value="*"/><base><path value="RelatedPerson.photo"/><min value="0"/><max value="*"/></base><type><code value="Attachment"/></type><constraint><key value="ele-1"/><severity value="error"/><human value="All FHIR elements must have a @value or children"/><expression value="hasValue() or (children().count() &gt; id.count())"/><xpath value="@value|f:*|h:div"/><source value="http://hl7.org/fhir/StructureDefinition/Element"/></constraint><isModifier value="false"/><isSummary value="false"/><mapping><identity value="v2"/><map value="OBX-5 - needs a profile"/></mapping><mapping><identity value="rim"/><map value="player[classCode=&#39;PSN&#39; and determinerCode=&#39;INSTANCE&#39;]/desc"/></mapping></element><element id="RelatedPerson.period"><path value="RelatedPerson.period"/><short value="Period of time that this relationship is considered valid"/><definition value="The period of time during which this relationship is or was active. If there are no dates defined, then the interval is unknown."/><min value="0"/><max value="1"/><base><path value="RelatedPerson.period"/><min value="0"/><max value="1"/></base><type><code value="Period"/></type><constraint><key value="ele-1"/><severity value="error"/><human value="All FHIR elements must have a @value or children"/><expression value="hasValue() or (children().count() &gt; id.count())"/><xpath value="@value|f:*|h:div"/><source value="http://hl7.org/fhir/StructureDefinition/Element"/></constraint><isModifier value="false"/><isSummary value="false"/><mapping><identity value="w5"/><map value="FiveWs.done[x]"/></mapping><mapping><identity value="rim"/><map value=".effectiveTime"/></mapping></element><element id="RelatedPerson.communication"><path value="RelatedPerson.communication"/><short value="A language which may be used to communicate with about the patient&#39;s health"/><definition value="A language which may be used to communicate with about the patient&#39;s health."/><comment value="If no language is specified, this *implies* that the default local language is spoken.  If you need to convey proficiency for multiple modes, then you need multiple RelatedPerson.Communication associations.   If the RelatedPerson does not speak the default local language, then the Interpreter Required Standard can be used to explicitly declare that an interpreter is required."/><requirements value="If a related person does not speak the local language, interpreters may be required, so languages spoken and proficiency is an important things to keep track of both for patient and other persons of interest."/><min value="0"/><max value="*"/><base><path value="RelatedPerson.communication"/><min value="0"/><max value="*"/></base><type><code value="BackboneElement"/></type><constraint><key value="ele-1"/><severity value="error"/><human value="All FHIR elements must have a @value or children"/><expression value="hasValue() or (children().count() &gt; id.count())"/><xpath value="@value|f:*|h:div"/><source value="http://hl7.org/fhir/StructureDefinition/Element"/></constraint><isModifier value="false"/><isSummary value="false"/><mapping><identity value="rim"/><map value="LanguageCommunication"/></mapping></element><element id="RelatedPerson.communication.id"><path value="RelatedPerson.communication.id"/><representation value="xmlAttr"/><short value="Unique id for inter-element referencing"/><definition value="Unique id for the element within a resource (for internal references). This may be any string value that does not contain spaces."/><min value="0"/><max value="1"/><base><path value="Element.id"/><min value="0"/><max value="1"/></base><type><extension url="http://hl7.org/fhir/StructureDefinition/structuredefinition-fhir-type"><valueUrl value="string"/></extension><code value="http://hl7.org/fhirpath/System.String"/></type><isModifier value="false"/><isSummary value="false"/><mapping><identity value="rim"/><map value="n/a"/></mapping></element><element id="RelatedPerson.communication.extension"><path value="RelatedPerson.communication.extension"/><short value="Additional content defined by implementations"/><definition value="May be used to represent additional information that is not part of the basic definition of the element. To make the use of extensions safe and manageable, there is a strict set of governance  applied to the definition and use of extensions. Though any implementer can define an extension, there is a set of requirements that SHALL be met as part of the definition of the extension."/><comment value="There can be no stigma associated with the use of extensions by any application, project, or standard - regardless of the institution or jurisdiction that uses or defines the extensions.  The use of extensions is what allows the FHIR specification to retain a core level of simplicity for everyone."/><alias value="extensions"/><alias value="user content"/><min value="0"/><max value="*"/><base><path value="Element.extension"/><min value="0"/><max value="*"/></base><type><code value="Extension"/></type><constraint><key value="ele-1"/><severity value="error"/><human value="All FHIR elements must have a @value or children"/><expression value="hasValue() or (children().count() &gt; id.count())"/><xpath value="@value|f:*|h:div"/><source value="http://hl7.org/fhir/StructureDefinition/Element"/></constraint><constraint><key value="ext-1"/><severity value="error"/><human value="Must have either extensions or value[x], not both"/><expression value="extension.exists() != value.exists()"/><xpath value="exists(f:extension)!=exists(f:*[starts-with(local-name(.), &quot;value&quot;)])"/><source value="http://hl7.org/fhir/StructureDefinition/Extension"/></constraint><isModifier value="false"/><isSummary value="false"/><mapping><identity value="rim"/><map value="n/a"/></mapping></element><element id="RelatedPerson.communication.modifierExtension"><path value="RelatedPerson.communication.modifierExtension"/><short value="Extensions that cannot be ignored even if unrecognized"/><definition value="May be used to represent additional information that is not part of the basic definition of the element and that modifies the understanding of the element in which it is contained and/or the understanding of the containing element&#39;s descendants. Usually modifier elements provide negation or qualification. To make the use of extensions safe and manageable, there is a strict set of governance applied to the definition and use of extensions. Though any implementer can define an extension, there is a set of requirements that SHALL be met as part of the definition of the extension. Applications processing a resource are required to check for modifier extensions.&#xA;&#xA;Modifier extensions SHALL NOT change the meaning of any elements on Resource or DomainResource (including cannot change the meaning of modifierExtension itself)."/><comment value="There can be no stigma associated with the use of extensions by any application, project, or standard - regardless of the institution or jurisdiction that uses or defines the extensions.  The use of extensions is what allows the FHIR specification to retain a core level of simplicity for everyone."/><requirements value="Modifier extensions allow for extensions that *cannot* be safely ignored to be clearly distinguished from the vast majority of extensions which can be safely ignored.  This promotes interoperability by eliminating the need for implementers to prohibit the presence of extensions. For further information, see the [definition of modifier extensions](http://build.fhir.org/extensibility.html#modifierExtension)."/><alias value="extensions"/><alias value="user content"/><alias value="modifiers"/><min value="0"/><max value="*"/><base><path value="BackboneElement.modifierExtension"/><min value="0"/><max value="*"/></base><type><code value="Extension"/></type><constraint><key value="ele-1"/><severity value="error"/><human value="All FHIR elements must have a @value or children"/><expression value="hasValue() or (children().count() &gt; id.count())"/><xpath value="@value|f:*|h:div"/><source value="http://hl7.org/fhir/StructureDefinition/Element"/></constraint><constraint><key value="ext-1"/><severity value="error"/><human value="Must have either extensions or value[x], not both"/><expression value="extension.exists() != value.exists()"/><xpath value="exists(f:extension)!=exists(f:*[starts-with(local-name(.), &quot;value&quot;)])"/><source value="http://hl7.org/fhir/StructureDefinition/Extension"/></constraint><isModifier value="true"/><isModifierReason value="Modifier extensions are expected to modify the meaning or interpretation of the element that contains them"/><isSummary value="true"/><mapping><identity value="rim"/><map value="N/A"/></mapping></element><element id="RelatedPerson.communication.language"><path value="RelatedPerson.communication.language"/><short value="The language which can be used to communicate with the patient about his or her health"/><definition value="The ISO-639-1 alpha 2 code in lower case for the language, optionally followed by a hyphen and the ISO-3166-1 alpha 2 code for the region in upper case; e.g. &quot;en&quot; for English, or &quot;en-US&quot; for American English versus &quot;en-EN&quot; for England English."/><comment value="The structure aa-BB with this exact casing is one the most widely used notations for locale. However not all systems actually code this but instead have it as free text. Hence CodeableConcept instead of code as the data type."/><requirements value="Most systems in multilingual countries will want to convey language. Not all systems actually need the regional dialect."/><min value="1"/><max value="1"/><base><path value="RelatedPerson.communication.language"/><min value="1"/><max value="1"/></base><type><code value="CodeableConcept"/></type><constraint><key value="ele-1"/><severity value="error"/><human value="All FHIR elements must have a @value or children"/><expression value="hasValue() or (children().count() &gt; id.count())"/><xpath value="@value|f:*|h:div"/><source value="http://hl7.org/fhir/StructureDefinition/Element"/></constraint><isModifier value="false"/><isSummary value="false"/><binding><extension url="http://hl7.org/fhir/StructureDefinition/elementdefinition-maxValueSet"><valueCanonical value="http://hl7.org/fhir/ValueSet/all-languages"/></extension><extension url="http://hl7.org/fhir/StructureDefinition/elementdefinition-bindingName"><valueString value="Language"/></extension><extension url="http://hl7.org/fhir/StructureDefinition/elementdefinition-isCommonBinding"><valueBoolean value="true"/></extension><strength value="preferred"/><description value="A human language."/><valueSet value="http://hl7.org/fhir/ValueSet/languages"/></binding><mapping><identity value="rim"/><map value="player[classCode=PSN|ANM and determinerCode=INSTANCE]/languageCommunication/code"/></mapping></element><element id="RelatedPerson.communication.preferred"><path value="RelatedPerson.communication.preferred"/><short value="Language preference indicator"/><definition value="Indicates whether or not the patient prefers this language (over other languages he masters up a certain level)."/><comment value="This language is specifically identified for communicating healthcare information."/><requirements value="People that master multiple languages up to certain level may prefer one or more, i.e. feel more confident in communicating in a particular language making other languages sort of a fall back method."/><min value="0"/><max value="1"/><base><path value="RelatedPerson.communication.preferred"/><min value="0"/><max value="1"/></base><type><code value="boolean"/></type><constraint><key value="ele-1"/><severity value="error"/><human value="All FHIR elements must have a @value or children"/><expression value="hasValue() or (children().count() &gt; id.count())"/><xpath value="@value|f:*|h:div"/><source value="http://hl7.org/fhir/StructureDefinition/Element"/></constraint><isModifier value="false"/><isSummary value="false"/><mapping><identity value="rim"/><map value="preferenceInd"/></mapping></element></snapshot><differential><element id="RelatedPerson"><path value="RelatedPerson"/></element><element id="RelatedPerson.identifier.assigner"><path value="RelatedPerson.identifier.assigner"/><type><code value="Reference"/><targetProfile value="https://fhir.nhs.uk/R4/StructureDefinition/UKCore-Organization"/></type></element><element id="RelatedPerson.patient"><path value="RelatedPerson.patient"/><type><code value="Reference"/><targetProfile value="https://fhir.nhs.uk/R4/StructureDefinition/UKCore-Patient"/></type></element></differential></StructureDefinition>