<?xml version="1.0" encoding="UTF-8"?><ValueSet xmlns="http://hl7.org/fhir"><id value="UKCore-NHSNumberVerificationStatus"/><text><status value="generated"/><div xmlns="http://www.w3.org/1999/xhtml"><h2>UK Core NHS Number Verification Status</h2><div><p>A ValueSet that identifies the trace status of the NHS number. The CodeSystem is comprised of codes from the NHS Data Model and Dictionary: NHS Number Status Indicator Code.</p>
</div><p><b>Copyright Statement:</b> Copyright &#xA9; 2019 NHS Digital</p><p>This value set includes codes from the following code systems:</p><ul><li>Include all codes defined in <a href="CodeSystem-UKCore-NHSNumberVerificationStatus.html"><code>https://fhir.nhs.uk/R4/CodeSystem/UKCore-NHSNumberVerificationStatus</code></a></li></ul></div></text><extension url="http://hl7.org/fhir/StructureDefinition/valueset-sourceReference"><valueUri value="http://www.datadictionary.nhs.uk/data_dictionary/data_field_notes/n/nhs/nhs_number_status_indicator_code_de.asp?shownav=1"/></extension><url value="https://fhir.nhs.uk/R4/ValueSet/UKCore-NHSNumberVerificationStatus"/><version value="4.0.0"/><name value="UKCoreNHSNumberVerificationStatus"/><title value="UK Core NHS Number Verification Status"/><status value="draft"/><date value="2019-10-14T01:00:00+01:00"/><publisher value="Project Wildfyre"/><contact><name value="Project Wildfyre"/><telecom><system value="email"/><value value="mailto:dunno@dummy.net"/><use value="work"/></telecom></contact><description value="A ValueSet that identifies the trace status of the NHS number. The CodeSystem is comprised of codes from the NHS Data Model and Dictionary: NHS Number Status Indicator Code."/><jurisdiction><coding><system value="urn:iso:std:iso:3166"/><code value="GB"/></coding></jurisdiction><copyright value="Copyright &#xA9; 2019 NHS Digital"/><compose><include><system value="https://fhir.nhs.uk/R4/CodeSystem/UKCore-NHSNumberVerificationStatus"/></include></compose></ValueSet>