<?xml version="1.0" encoding="UTF-8"?><ValueSet xmlns="http://hl7.org/fhir"><id value="UKCore-EthnicCategory"/><text><status value="generated"/><div xmlns="http://www.w3.org/1999/xhtml"><h2>UK Core Ethnic Category</h2><div><p>A ValueSet to identify the ethnicity of a Person, as specified by the Person. This vocabulary describes a person&#39;s ethnic category, it is an extension of the Ethnic Category Code described in the NHS Data Model and Dictionary.</p>
</div><p><b>Copyright Statement:</b> Copyright &#xA9; 2019 NHS Digital</p><p>This value set includes codes from the following code systems:</p><ul><li>Include all codes defined in <a href="CodeSystem-UKCore-EthnicCategory.html"><code>https://fhir.nhs.uk/R4/CodeSystem/UKCore-EthnicCategory</code></a></li></ul></div></text><extension url="http://hl7.org/fhir/StructureDefinition/valueset-sourceReference"><valueUri value="http://www.datadictionary.nhs.uk/data_dictionary/data_field_notes/p/pds/pds_ethnic_category_code_de.asp?shownav=0"/></extension><url value="https://fhir.nhs.uk/R4/ValueSet/UKCore-EthnicCategory"/><identifier><system value="urn:ietf:rfc:3986"/><value value="urn:oid:2.16.840.1.113883.2.1.3.2.4.16.6"/></identifier><version value="1.0.0"/><name value="UKCoreEthnicCategory"/><title value="UK Core Ethnic Category"/><status value="draft"/><date value="2019-10-17T01:00:00+01:00"/><publisher value="NHS Digital"/><contact><name value="Interoperability Team"/><telecom><system value="email"/><value value="interoperabilityteam@nhs.net"/><use value="work"/></telecom></contact><description value="A ValueSet to identify the ethnicity of a Person, as specified by the Person. This vocabulary describes a person&#39;s ethnic category, it is an extension of the Ethnic Category Code described in the NHS Data Model and Dictionary."/><copyright value="Copyright &#xA9; 2019 NHS Digital"/><compose><include><system value="https://fhir.nhs.uk/R4/CodeSystem/UKCore-EthnicCategory"/></include></compose></ValueSet>