<?xml version="1.0" encoding="UTF-8"?><ValueSet xmlns="http://hl7.org/fhir"><id value="UKCore-ReligiousAffiliation"/><text><status value="generated"/><div xmlns="http://www.w3.org/1999/xhtml"><h2>UK Core Religious Affiliation</h2><div><p>A code from the SNOMED Clinical Terminology UK coding system that describes the religious or other belief system affiliation of a person. Any code from the SNOMED CT UK &#39;Religious Affiliation SnCT&#39; subset with subset original id 10791000000130; the corresponding SNOMED CT UK Refset fully specified name is &#39;Religious or other belief system affiliation simple reference set (foundation metadata concept)&#39; with Refset Id 999000531000000100.</p>
</div><p><b>Copyright Statement:</b> This value set includes content from SNOMED CT, which is copyright &#xA9; 2002+ International Health Terminology Standards Development Organisation (IHTSDO), and distributed by agreement between IHTSDO and HL7. Implementer use of SNOMED CT is not covered by this agreement.</p><p>This value set includes codes from the following code systems:</p><ul><li>Include codes from <a href="http://www.snomed.org/"><code>http://snomed.info/sct</code></a> where concept  in  ^999000531000000100</li></ul></div></text><url value="https://fhir.nhs.uk/R4/ValueSet/UKCore-ReligiousAffiliation"/><identifier><system value="urn:ietf:rfc:3986"/><value value="urn:oid:2.16.840.1.113883.2.1.3.2.4.16.21"/></identifier><version value="1.0.0"/><name value="UKCoreReligiousAffiliation"/><title value="UK Core Religious Affiliation"/><status value="draft"/><date value="2019-10-17T01:00:00+01:00"/><publisher value="NHS Digital"/><contact><name value="Interoperability Team"/><telecom><system value="email"/><value value="interoperabilityteam@nhs.net"/><use value="work"/></telecom></contact><description value="A code from the SNOMED Clinical Terminology UK coding system that describes the religious or other belief system affiliation of a person. Any code from the SNOMED CT UK &#39;Religious Affiliation SnCT&#39; subset with subset original id 10791000000130; the corresponding SNOMED CT UK Refset fully specified name is &#39;Religious or other belief system affiliation simple reference set (foundation metadata concept)&#39; with Refset Id 999000531000000100."/><copyright value="This value set includes content from SNOMED CT, which is copyright &#xA9; 2002+ International Health Terminology Standards Development Organisation (IHTSDO), and distributed by agreement between IHTSDO and HL7. Implementer use of SNOMED CT is not covered by this agreement."/><compose><include><system value="http://snomed.info/sct"/><filter><property value="concept"/><op value="in"/><value value="^999000531000000100"/></filter></include></compose></ValueSet>