<?xml version="1.0" encoding="UTF-8"?><ValueSet xmlns="http://hl7.org/fhir"><id value="UKCore-PreferredWrittenCommunicationFormat"/><text><status value="generated"/><div xmlns="http://www.w3.org/1999/xhtml"><h2>UK Core Preferred Written Communication Format</h2><div><p>A ValueSet to identify the preferred written communication format of a Patient, contact or RelatedPerson.</p>
</div><p><b>Copyright Statement:</b> Copyright &#xA9; 2019 NHS Digital</p><p>This value set includes codes from the following code systems:</p><ul><li>Include all codes defined in <a href="CodeSystem-UKCore-PreferredWrittenCommunicationFormat.html"><code>https://fhir.nhs.uk/R4/CodeSystem/UKCore-PreferredWrittenCommunicationFormat</code></a></li></ul></div></text><url value="https://fhir.nhs.uk/R4/ValueSet/UKCore-PreferredWrittenCommunicationFormat"/><version value="1.0.0"/><name value="UKCorePreferredWrittenCommunicationFormat"/><title value="UK Core Preferred Written Communication Format"/><status value="draft"/><date value="2019-12-06T00:00:00+00:00"/><publisher value="NHS Digital"/><contact><name value="Interoperability Team"/><telecom><system value="email"/><value value="interoperabilityteam@nhs.net"/><use value="work"/></telecom></contact><description value="A ValueSet to identify the preferred written communication format of a Patient, contact or RelatedPerson."/><copyright value="Copyright &#xA9; 2019 NHS Digital"/><compose><include><system value="https://fhir.nhs.uk/R4/CodeSystem/UKCore-PreferredWrittenCommunicationFormat"/></include></compose></ValueSet>