<?xml version="1.0" encoding="UTF-8"?><ValueSet xmlns="http://hl7.org/fhir"><id value="UKCore-ConditionEpisodicity"/><text><status value="generated"/><div xmlns="http://www.w3.org/1999/xhtml"><h2>UK Core Condition Episodicity</h2><div><p>A ValueSet to identify the episodicity of a condition.</p>
</div><p><b>Copyright Statement:</b> Copyright &#xA9; 2019 NHS Digital</p><p>This value set includes codes from the following code systems:</p><ul><li>Include all codes defined in <a href="CodeSystem-UKCore-ConditionEpisodicity.html"><code>https://fhir.nhs.uk/R4/CodeSystem/UKCore-ConditionEpisodicity</code></a></li></ul></div></text><url value="https://fhir.nhs.uk/R4/ValueSet/UKCore-ConditionEpisodicity"/><version value="1.0.0"/><name value="UKCoreConditionEpisodicity"/><title value="UK Core Condition Episodicity"/><status value="draft"/><date value="2019-11-11T00:00:00+00:00"/><publisher value="NHS Digital"/><contact><name value="NHS Digital"/><telecom><system value="email"/><value value="mailto:interoperabilityteam@nhs.net"/><use value="work"/></telecom></contact><description value="A ValueSet to identify the episodicity of a condition."/><jurisdiction><coding><system value="urn:iso:std:iso:3166"/><code value="GB"/></coding></jurisdiction><copyright value="Copyright &#xA9; 2019 NHS Digital"/><compose><include><system value="https://fhir.nhs.uk/R4/CodeSystem/UKCore-ConditionEpisodicity"/></include></compose></ValueSet>