<?xml version="1.0" encoding="UTF-8"?><ValueSet xmlns="http://hl7.org/fhir"><id value="UKCore-OutcomeOfAttendance"/><text><status value="generated"/><div xmlns="http://www.w3.org/1999/xhtml"><h2>NHS Data Model and Dictionary Outcome Of Attendance</h2><div><p>This records the outcome of an Out-Patient Attendance Consultant.</p>
</div><p><b>Copyright Statement:</b> Copyright &#xA9; 2019 NHS Digital</p><p>This value set includes codes from the following code systems:</p><ul><li>Include all codes defined in <a href="CodeSystem-UKCore-OutcomeOfAttendance.html"><code>https://fhir.nhs.uk/R4/CodeSystem/UKCore-OutcomeOfAttendance</code></a></li></ul></div></text><extension url="http://hl7.org/fhir/StructureDefinition/valueset-sourceReference"><valueUri value="http://www.datadictionary.nhs.uk/data_dictionary/attributes/o/out/outcome_of_attendance_de.asp?shownav=1"/></extension><url value="https://fhir.nhs.uk/R4/ValueSet/UKCore-OutcomeOfAttendance"/><version value="1.0.0"/><name value="NHSDataModelandDictionaryOutcomeOfAttendance"/><title value="NHS Data Model and Dictionary Outcome Of Attendance"/><status value="draft"/><date value="2019-11-05T00:00:00+00:00"/><publisher value="NHS Digital"/><contact><name value="NHS Digital"/><telecom><system value="email"/><value value="mailto:interoperabilityteam@nhs.net"/><use value="work"/></telecom></contact><description value="This records the outcome of an Out-Patient Attendance Consultant."/><jurisdiction><coding><system value="urn:iso:std:iso:3166"/><code value="GB"/></coding></jurisdiction><copyright value="Copyright &#xA9; 2019 NHS Digital"/><compose><include><system value="https://fhir.nhs.uk/R4/CodeSystem/UKCore-OutcomeOfAttendance"/></include></compose></ValueSet>