<?xml version="1.0" encoding="UTF-8"?><ValueSet xmlns="http://hl7.org/fhir"><id value="UKCore-AllergyExposureRoute"/><text><status value="generated"/><div xmlns="http://www.w3.org/1999/xhtml">
         <h2>UK Core Allergy Exposure Route</h2>
         <div>
            <p>A code from the SNOMED Clinical Terminology UK coding system that describes the e-Prescribing route of administration. Any code from the SNOMED CT UK &#39;NHS e-Prescribing route of administration subset&#39; with subset original id 30201000001137; the corresponding SNOMED CT UK Refset FSN is &#39;ePrescribing route of administration simple reference set (foundation metadata concept)&#39; with Refset Id 999000051000001100.</p> 
         </div>
         <p>
            <b>Copyright Statement:</b> This value set includes content from SNOMED CT, which is copyright &#xA9; 2002+ International Health Terminology Standards Development Organisation (IHTSDO), and distributed by agreement between IHTSDO and HL7. Implementer use of SNOMED CT is not covered by this agreement.
         </p>
         <p>This value set includes codes from the following code systems:</p>
         <ul>
            <li>Include codes from 
               <a href="http://www.snomed.org/">
                  <code>http://snomed.info/sct</code>
               </a> where constraint  =  ^999000051000001100 |ePrescribing route of administration simple reference set|
            </li>
         </ul>
      </div></text><url value="https://fhir.nhs.uk/R4/ValueSet/UKCore-AllergyExposureRoute"/><version value="4.0.0"/><name value="UKCoreAllergyExposureRoute"/><title value="UK Core Allergy Exposure Route"/><status value="draft"/><date value="2019-11-05T00:00:00+00:00"/><publisher value="Project Wildfyre"/><contact><name value="Project Wildfyre"/><telecom><system value="email"/><value value="mailto:dunno@dummy.net"/><use value="work"/></telecom></contact><description value="A code from the SNOMED Clinical Terminology UK coding system that describes the e-Prescribing route of administration. Any code from the SNOMED CT UK &#39;NHS e-Prescribing route of administration subset&#39; with subset original id 30201000001137; the corresponding SNOMED CT UK Refset FSN is &#39;ePrescribing route of administration simple reference set (foundation metadata concept)&#39; with Refset Id 999000051000001100."/><jurisdiction><coding><system value="urn:iso:std:iso:3166"/><code value="GB"/></coding></jurisdiction><copyright value="This value set includes content from SNOMED CT, which is copyright &#xA9; 2002+ International Health Terminology Standards Development Organisation (IHTSDO), and distributed by agreement between IHTSDO and HL7. Implementer use of SNOMED CT is not covered by this agreement."/><compose><include><system value="http://snomed.info/sct"/><filter><property value="constraint"/><op value="="/><value value="^999000051000001100 |ePrescribing route of administration simple reference set|"/></filter></include></compose><expansion><identifier value="fa549857-6d37-491e-8320-efe6aa7ef355"/><timestamp value="2020-03-07T07:45:51+00:00"/><total value="80"/><parameter><name value="version"/><valueUri value="http://snomed.info/sct?version=http%3A%2F%2Fsnomed.info%2Fsct%2F999000031000000106%2Fversion%2F20190807"/></parameter><parameter><name value="count"/><valueInteger value="2147483647"/></parameter><parameter><name value="offset"/><valueInteger value="0"/></parameter><contains><system value="http://snomed.info/sct"/><code value="372475000"/><display value="Perineural"/></contains><contains><system value="http://snomed.info/sct"/><code value="372476004"/><display value="Subconjunctival"/></contains><contains><system value="http://snomed.info/sct"/><code value="11564311000001109"/><display value="Regional perfusion"/></contains><contains><system value="http://snomed.info/sct"/><code value="372451000"/><display value="Endosinusial"/></contains><contains><system value="http://snomed.info/sct"/><code value="418730005"/><display value="Nasojejunal route"/></contains><contains><system value="http://snomed.info/sct"/><code value="372458006"/><display value="Intraamniotic"/></contains><contains><system value="http://snomed.info/sct"/><code value="418586008"/><display value="Intratendinous route"/></contains><contains><system value="http://snomed.info/sct"/><code value="404815008"/><display value="Transmucosal"/></contains><contains><system value="http://snomed.info/sct"/><code value="372459003"/><display value="Intrabursal"/></contains><contains><system value="http://snomed.info/sct"/><code value="3594011000001102"/><display value="Route of administration not applicable"/></contains><contains><system value="http://snomed.info/sct"/><code value="418321004"/><display value="Retrobulbar route"/></contains><contains><system value="http://snomed.info/sct"/><code value="372453002"/><display value="Extraamniotic"/></contains><contains><system value="http://snomed.info/sct"/><code value="54471007"/><display value="Buccal"/></contains><contains><system value="http://snomed.info/sct"/><code value="372450004"/><display value="Endocervical"/></contains><contains><system value="http://snomed.info/sct"/><code value="418821007"/><display value="Intracameral"/></contains><contains><system value="http://snomed.info/sct"/><code value="372468001"/><display value="Intraocular"/></contains><contains><system value="http://snomed.info/sct"/><code value="372457001"/><display value="Gingival"/></contains><contains><system value="http://snomed.info/sct"/><code value="6064005"/><display value="Topical"/></contains><contains><system value="http://snomed.info/sct"/><code value="26643006"/><display value="Oral"/></contains><contains><system value="http://snomed.info/sct"/><code value="18679011000001101"/><display value="Inhalation"/></contains><contains><system value="http://snomed.info/sct"/><code value="372460008"/><display value="Intracardiac"/></contains><contains><system value="http://snomed.info/sct"/><code value="9191501000001101"/><display value="Percutaneous"/></contains><contains><system value="http://snomed.info/sct"/><code value="47625008"/><display value="Intravenous"/></contains><contains><system value="http://snomed.info/sct"/><code value="11564211000001101"/><display value="Submucosal rectal"/></contains><contains><system value="http://snomed.info/sct"/><code value="372449004"/><display value="Dental"/></contains><contains><system value="http://snomed.info/sct"/><code value="10364101000001103"/><display value="Subdermal"/></contains><contains><system value="http://snomed.info/sct"/><code value="19537211000001108"/><display value="Intracervical route"/></contains><contains><system value="http://snomed.info/sct"/><code value="62226000"/><display value="Intrauterine"/></contains><contains><system value="http://snomed.info/sct"/><code value="372464004"/><display value="Intradermal"/></contains><contains><system value="http://snomed.info/sct"/><code value="372463005"/><display value="Intracoronary"/></contains><contains><system value="http://snomed.info/sct"/><code value="58100008"/><display value="Intraarterial"/></contains><contains><system value="http://snomed.info/sct"/><code value="417255000"/><display value="Intraosseous"/></contains><contains><system value="http://snomed.info/sct"/><code value="10547007"/><display value="Ear"/></contains><contains><system value="http://snomed.info/sct"/><code value="72607000"/><display value="Intrathecal"/></contains><contains><system value="http://snomed.info/sct"/><code value="372466002"/><display value="Intralesional"/></contains><contains><system value="http://snomed.info/sct"/><code value="372452007"/><display value="Endotracheopulmonary"/></contains><contains><system value="http://snomed.info/sct"/><code value="10334211000001103"/><display value="Haemofiltration"/></contains><contains><system value="http://snomed.info/sct"/><code value="447122006"/><display value="Intratumoral"/></contains><contains><system value="http://snomed.info/sct"/><code value="372461007"/><display value="Intracavernous"/></contains><contains><system value="http://snomed.info/sct"/><code value="419874009"/><display value="Submucosal route"/></contains><contains><system value="http://snomed.info/sct"/><code value="90028008"/><display value="Urethral"/></contains><contains><system value="http://snomed.info/sct"/><code value="9191401000001100"/><display value="Haemodiafiltration"/></contains><contains><system value="http://snomed.info/sct"/><code value="18246711000001107"/><display value="Epilesional"/></contains><contains><system value="http://snomed.info/sct"/><inactive value="true"/><code value="417946008"/><display value="Pericardial route"/></contains><contains><system value="http://snomed.info/sct"/><code value="418401004"/><display value="Intravitreal"/></contains><contains><system value="http://snomed.info/sct"/><code value="38239002"/><display value="Intraperitoneal"/></contains><contains><system value="http://snomed.info/sct"/><code value="21856811000001103"/><display value="Iontophoresis"/></contains><contains><system value="http://snomed.info/sct"/><code value="372470005"/><display value="Intrasternal"/></contains><contains><system value="http://snomed.info/sct"/><inactive value="true"/><code value="15881211000001104"/><display value="Intraepidermal"/></contains><contains><system value="http://snomed.info/sct"/><code value="45890007"/><display value="Transdermal"/></contains><contains><system value="http://snomed.info/sct"/><code value="420719007"/><display value="Intracerebroventricular"/></contains><contains><system value="http://snomed.info/sct"/><code value="372471009"/><display value="Intravesical"/></contains><contains><system value="http://snomed.info/sct"/><code value="46713006"/><display value="Nasal"/></contains><contains><system value="http://snomed.info/sct"/><code value="16857009"/><display value="Vaginal"/></contains><contains><system value="http://snomed.info/sct"/><code value="33770711000001104"/><display value="Subretinal"/></contains><contains><system value="http://snomed.info/sct"/><code value="372467006"/><display value="Intralymphatic"/></contains><contains><system value="http://snomed.info/sct"/><code value="404820008"/><display value="Epidural"/></contains><contains><system value="http://snomed.info/sct"/><code value="372474001"/><display value="Periarticular"/></contains><contains><system value="http://snomed.info/sct"/><code value="3323001000001107"/><display value="Pericardial route"/></contains><contains><system value="http://snomed.info/sct"/><code value="11478901000001102"/><display value="Periosseous"/></contains><contains><system value="http://snomed.info/sct"/><code value="37839007"/><display value="Sublingual"/></contains><contains><system value="http://snomed.info/sct"/><code value="372473007"/><display value="Oromucosal"/></contains><contains><system value="http://snomed.info/sct"/><code value="372469009"/><display value="Intrapleural"/></contains><contains><system value="http://snomed.info/sct"/><code value="11479001000001107"/><display value="Translingual"/></contains><contains><system value="http://snomed.info/sct"/><code value="18682911000001103"/><display value="Haemodialysis"/></contains><contains><system value="http://snomed.info/sct"/><code value="418722009"/><display value="Peribulbar route"/></contains><contains><system value="http://snomed.info/sct"/><code value="34206005"/><display value="Subcutaneous"/></contains><contains><system value="http://snomed.info/sct"/><code value="419762003"/><display value="Peritendinous route"/></contains><contains><system value="http://snomed.info/sct"/><code value="12130007"/><display value="Intra-articular"/></contains><contains><system value="http://snomed.info/sct"/><code value="420287000"/><display value="Intraventricular cardiac"/></contains><contains><system value="http://snomed.info/sct"/><code value="372465003"/><display value="Intradiscal"/></contains><contains><system value="http://snomed.info/sct"/><code value="448077001"/><display value="Intraepidermal"/></contains><contains><system value="http://snomed.info/sct"/><code value="78421000"/><display value="Intramuscular"/></contains><contains><system value="http://snomed.info/sct"/><code value="127492001"/><display value="Nasogastric route"/></contains><contains><system value="http://snomed.info/sct"/><code value="34777511000001106"/><display value="Intestinal use"/></contains><contains><system value="http://snomed.info/sct"/><code value="37161004"/><display value="Rectal"/></contains><contains><system value="http://snomed.info/sct"/><code value="372454008"/><display value="Gastroenteral"/></contains><contains><system value="http://snomed.info/sct"/><code value="54485002"/><display value="Eye"/></contains><contains><system value="http://snomed.info/sct"/><code value="420254004"/><display value="Body cavity"/></contains><contains><system value="http://snomed.info/sct"/><code value="127491008"/><display value="Jejunostomy route"/></contains></expansion></ValueSet>