<?xml version="1.0" encoding="UTF-8"?><ValueSet xmlns="http://hl7.org/fhir"><id value="UKCore-AdmissionMethod"/><text><status value="generated"/><div xmlns="http://www.w3.org/1999/xhtml"><h2>NHS Data Model and Dictionary Admission Method</h2><div><p>The method of admission to a Hospital Provider Spell.</p>
</div><p><b>Copyright Statement:</b> Copyright &#xA9; 2019 NHS Digital</p><p>This value set includes codes from the following code systems:</p><ul><li>Include all codes defined in <a href="CodeSystem-UKCore-AdmissionMethod.html"><code>https://fhir.nhs.uk/R4/CodeSystem/UKCore-AdmissionMethod</code></a></li></ul></div></text><extension url="http://hl7.org/fhir/StructureDefinition/valueset-sourceReference"><valueUri value="http://www.datadictionary.nhs.uk/data_dictionary/attributes/a/add/admission_method_de.asp?shownav=1"/></extension><url value="https://fhir.nhs.uk/R4/ValueSet/UKCore-AdmissionMethod"/><version value="4.0.0"/><name value="NHSDataModelandDictionaryAdmissionMethod"/><title value="NHS Data Model and Dictionary Admission Method"/><status value="draft"/><date value="2019-11-05T00:00:00+00:00"/><publisher value="Project Wildfyre"/><contact><name value="Project Wildfyre"/><telecom><system value="email"/><value value="mailto:dunno@dummy.net"/><use value="work"/></telecom></contact><description value="The method of admission to a Hospital Provider Spell."/><jurisdiction><coding><system value="urn:iso:std:iso:3166"/><code value="GB"/></coding></jurisdiction><copyright value="Copyright &#xA9; 2019 NHS Digital"/><compose><include><system value="https://fhir.nhs.uk/R4/CodeSystem/UKCore-AdmissionMethod"/></include></compose></ValueSet>