<?xml version="1.0" encoding="UTF-8"?><ValueSet xmlns="http://hl7.org/fhir"><id value="UKCore-DischargeMethod-1-0-0"/><text><status value="generated"/><div xmlns="http://www.w3.org/1999/xhtml"><h2>NHS Data Model and Dictionary Discharge Method</h2><div><p>The method of discharge from a Hospital Provider Spell.</p>
</div><p><b>Copyright Statement:</b> Copyright &#xA9; 2019 NHS Digital</p><p>This value set includes codes from the following code systems:</p><ul><li>Include all codes defined in <a href="CodeSystem-UKCore-DischargeMethod-1-0-0.html"><code>https://fhir.nhs.uk/R4/CodeSystem/UKCore-DischargeMethod-1-0-0</code></a></li></ul></div></text><extension url="http://hl7.org/fhir/StructureDefinition/valueset-sourceReference"><valueUri value="http://www.datadictionary.nhs.uk/data_dictionary/attributes/d/disc/discharge_method_de.asp?shownav=1"/></extension><url value="https://fhir.nhs.uk/R4/ValueSet/UKCore-DischargeMethod-1-0-0"/><version value="1.0.0"/><name value="NHSDataModelandDictionaryDischargeMethod"/><title value="NHS Data Model and Dictionary Discharge Method"/><status value="draft"/><date value="2019-11-05T00:00:00+00:00"/><publisher value="NHS Digital"/><contact><name value="Interoperability Team"/><telecom><system value="email"/><value value="interoperabilityteam@nhs.net"/><use value="work"/></telecom></contact><description value="The method of discharge from a Hospital Provider Spell."/><copyright value="Copyright &#xA9; 2019 NHS Digital"/><compose><include><system value="https://fhir.nhs.uk/R4/CodeSystem/UKCore-DischargeMethod-1-0-0"/></include></compose></ValueSet>