<?xml version="1.0" encoding="UTF-8"?><ValueSet xmlns="http://hl7.org/fhir"><id value="UKCore-EmergencyCareDischargeStatus"/><text><status value="generated"/><div xmlns="http://www.w3.org/1999/xhtml"><h2>UK Core Emergency Care Discharge Status</h2><div><p>A code from the SNOMED Clinical Terminology UK coding system that describes the status of the Patient on discharge from an Emergency Care Department. Captures whether treatment took place within the ED, if the patient was streamed to another service or if the patient left before treatment was complete. Any code from the SNOMED CT UK &#39;Emergency care discharge status&#39; subset with subset original id 75041000000135; the corresponding SNOMED CT UK Refset fully specified name is &#39;Emergency care discharge status simple reference set (foundation metadata concept)&#39; with Refset Id 999003021000000104.</p>
</div><p><b>Copyright Statement:</b> This value set includes content from SNOMED CT, which is copyright &#xA9; 2002+ International Health Terminology Standards Development Organisation (IHTSDO), and distributed by agreement between IHTSDO and HL7. Implementer use of SNOMED CT is not covered by this agreement.</p><p>This value set includes codes from the following code systems:</p><ul><li>Include codes from <a href="http://www.snomed.org/"><code>http://snomed.info/sct</code></a> where concept  in  ^999003021000000104</li></ul></div></text><url value="https://fhir.nhs.uk/R4/ValueSet/UKCore-EmergencyCareDischargeStatus"/><version value="1.0.0"/><name value="UKCoreEmergencyCareDischargeStatus"/><title value="UK Core Emergency Care Discharge Status"/><status value="draft"/><date value="2019-11-05T00:00:00+00:00"/><publisher value="NHS Digital"/><contact><name value="Interoperability Team"/><telecom><system value="email"/><value value="interoperabilityteam@nhs.net"/><use value="work"/></telecom></contact><description value="A code from the SNOMED Clinical Terminology UK coding system that describes the status of the Patient on discharge from an Emergency Care Department. Captures whether treatment took place within the ED, if the patient was streamed to another service or if the patient left before treatment was complete. Any code from the SNOMED CT UK &#39;Emergency care discharge status&#39; subset with subset original id 75041000000135; the corresponding SNOMED CT UK Refset fully specified name is &#39;Emergency care discharge status simple reference set (foundation metadata concept)&#39; with Refset Id 999003021000000104."/><copyright value="This value set includes content from SNOMED CT, which is copyright &#xA9; 2002+ International Health Terminology Standards Development Organisation (IHTSDO), and distributed by agreement between IHTSDO and HL7. Implementer use of SNOMED CT is not covered by this agreement."/><compose><include><system value="http://snomed.info/sct"/><filter><property value="concept"/><op value="in"/><value value="^999003021000000104"/></filter></include></compose></ValueSet>