<?xml version="1.0" encoding="UTF-8"?>

<CodeSystem xmlns="http://hl7.org/fhir">
  <id value="UKCore-EthnicCategory"/>
  <text>
    <status value="generated"/><div xmlns="http://www.w3.org/1999/xhtml"><h2>UK Core Ethnic Category</h2><div><p>A CodeSystem to identify the ethnicity of a Person, as specified by the Person. This vocabulary describes a persons ethnic category, it is an extension of the Ethnic Category Code described in the NHS Data Model and Dictionary.</p>
</div><p><b>Copyright Statement:</b> Copyright © 2019 NHS Digital</p><p>This code system https://fhir.nhs.uk/R4/CodeSystem/UKCore-EthnicCategory defines the following codes:</p><table class="codes"><tr><td style="white-space:nowrap"><b>Code</b></td><td><b>Display</b></td><td><b>Definition</b></td></tr><tr><td style="white-space:nowrap">A<a name="UKCore-EthnicCategory-A"> </a></td><td>British, Mixed British</td><td/></tr><tr><td style="white-space:nowrap">B<a name="UKCore-EthnicCategory-B"> </a></td><td>Irish</td><td/></tr><tr><td style="white-space:nowrap">C<a name="UKCore-EthnicCategory-C"> </a></td><td>Any other White background</td><td/></tr><tr><td style="white-space:nowrap">C2<a name="UKCore-EthnicCategory-C2"> </a></td><td>Northern Irish</td><td/></tr><tr><td style="white-space:nowrap">C3<a name="UKCore-EthnicCategory-C3"> </a></td><td>Other white, white unspecified</td><td/></tr><tr><td style="white-space:nowrap">CA<a name="UKCore-EthnicCategory-CA"> </a></td><td>English</td><td/></tr><tr><td style="white-space:nowrap">CB<a name="UKCore-EthnicCategory-CB"> </a></td><td>Scottish</td><td/></tr><tr><td style="white-space:nowrap">CC<a name="UKCore-EthnicCategory-CC"> </a></td><td>Welsh</td><td/></tr><tr><td style="white-space:nowrap">CD<a name="UKCore-EthnicCategory-CD"> </a></td><td>Cornish</td><td/></tr><tr><td style="white-space:nowrap">CE<a name="UKCore-EthnicCategory-CE"> </a></td><td>Cypriot (part not stated)</td><td/></tr><tr><td style="white-space:nowrap">CF<a name="UKCore-EthnicCategory-CF"> </a></td><td>Greek</td><td/></tr><tr><td style="white-space:nowrap">CG<a name="UKCore-EthnicCategory-CG"> </a></td><td>Greek Cypriot</td><td/></tr><tr><td style="white-space:nowrap">CH<a name="UKCore-EthnicCategory-CH"> </a></td><td>Turkish</td><td/></tr><tr><td style="white-space:nowrap">CJ<a name="UKCore-EthnicCategory-CJ"> </a></td><td>Turkish Cypriot</td><td/></tr><tr><td style="white-space:nowrap">CK<a name="UKCore-EthnicCategory-CK"> </a></td><td>Italian</td><td/></tr><tr><td style="white-space:nowrap">CL<a name="UKCore-EthnicCategory-CL"> </a></td><td>Irish Traveller</td><td/></tr><tr><td style="white-space:nowrap">CM<a name="UKCore-EthnicCategory-CM"> </a></td><td>Traveller</td><td/></tr><tr><td style="white-space:nowrap">CN<a name="UKCore-EthnicCategory-CN"> </a></td><td>Gypsy/Romany</td><td/></tr><tr><td style="white-space:nowrap">CP<a name="UKCore-EthnicCategory-CP"> </a></td><td>Polish</td><td/></tr><tr><td style="white-space:nowrap">CQ<a name="UKCore-EthnicCategory-CQ"> </a></td><td>All republics which made up the former USSR</td><td/></tr><tr><td style="white-space:nowrap">CR<a name="UKCore-EthnicCategory-CR"> </a></td><td>Kosovan</td><td/></tr><tr><td style="white-space:nowrap">CS<a name="UKCore-EthnicCategory-CS"> </a></td><td>Albanian</td><td/></tr><tr><td style="white-space:nowrap">CT<a name="UKCore-EthnicCategory-CT"> </a></td><td>Bosnian</td><td/></tr><tr><td style="white-space:nowrap">CU<a name="UKCore-EthnicCategory-CU"> </a></td><td>Croatian</td><td/></tr><tr><td style="white-space:nowrap">CV<a name="UKCore-EthnicCategory-CV"> </a></td><td>Serbian</td><td/></tr><tr><td style="white-space:nowrap">CW<a name="UKCore-EthnicCategory-CW"> </a></td><td>Other republics which made up the former Yugoslavia</td><td/></tr><tr><td style="white-space:nowrap">CX<a name="UKCore-EthnicCategory-CX"> </a></td><td>Mixed white</td><td/></tr><tr><td style="white-space:nowrap">CY<a name="UKCore-EthnicCategory-CY"> </a></td><td>Other white European, European unspecified, European mixed</td><td/></tr><tr><td style="white-space:nowrap">D<a name="UKCore-EthnicCategory-D"> </a></td><td>White and Black Caribbean</td><td/></tr><tr><td style="white-space:nowrap">E<a name="UKCore-EthnicCategory-E"> </a></td><td>White and Black African</td><td/></tr><tr><td style="white-space:nowrap">F<a name="UKCore-EthnicCategory-F"> </a></td><td>White and Asian</td><td/></tr><tr><td style="white-space:nowrap">G<a name="UKCore-EthnicCategory-G"> </a></td><td>Any other mixed background</td><td/></tr><tr><td style="white-space:nowrap">GA<a name="UKCore-EthnicCategory-GA"> </a></td><td>Black and Asian</td><td/></tr><tr><td style="white-space:nowrap">GB<a name="UKCore-EthnicCategory-GB"> </a></td><td>Black and Chinese</td><td/></tr><tr><td style="white-space:nowrap">GC<a name="UKCore-EthnicCategory-GC"> </a></td><td>Black and White</td><td/></tr><tr><td style="white-space:nowrap">GD<a name="UKCore-EthnicCategory-GD"> </a></td><td>Chinese and White</td><td/></tr><tr><td style="white-space:nowrap">GE<a name="UKCore-EthnicCategory-GE"> </a></td><td>Asian and Chinese</td><td/></tr><tr><td style="white-space:nowrap">GF<a name="UKCore-EthnicCategory-GF"> </a></td><td>Other Mixed, Mixed Unspecified</td><td/></tr><tr><td style="white-space:nowrap">H<a name="UKCore-EthnicCategory-H"> </a></td><td>Indian or British Indian</td><td/></tr><tr><td style="white-space:nowrap">J<a name="UKCore-EthnicCategory-J"> </a></td><td>Pakistani or British Pakistani</td><td/></tr><tr><td style="white-space:nowrap">K<a name="UKCore-EthnicCategory-K"> </a></td><td>Bangladeshi or British Bangladeshi</td><td/></tr><tr><td style="white-space:nowrap">L<a name="UKCore-EthnicCategory-L"> </a></td><td>Any other Asian background</td><td/></tr><tr><td style="white-space:nowrap">LA<a name="UKCore-EthnicCategory-LA"> </a></td><td>Mixed Asian</td><td/></tr><tr><td style="white-space:nowrap">LB<a name="UKCore-EthnicCategory-LB"> </a></td><td>Punjabi</td><td/></tr><tr><td style="white-space:nowrap">LC<a name="UKCore-EthnicCategory-LC"> </a></td><td>Kashmiri</td><td/></tr><tr><td style="white-space:nowrap">LD<a name="UKCore-EthnicCategory-LD"> </a></td><td>East African Asian</td><td/></tr><tr><td style="white-space:nowrap">LE<a name="UKCore-EthnicCategory-LE"> </a></td><td>Sri Lanka</td><td/></tr><tr><td style="white-space:nowrap">LF<a name="UKCore-EthnicCategory-LF"> </a></td><td>Tamil</td><td/></tr><tr><td style="white-space:nowrap">LG<a name="UKCore-EthnicCategory-LG"> </a></td><td>Sinhalese</td><td/></tr><tr><td style="white-space:nowrap">LH<a name="UKCore-EthnicCategory-LH"> </a></td><td>British Asian</td><td/></tr><tr><td style="white-space:nowrap">LJ<a name="UKCore-EthnicCategory-LJ"> </a></td><td>Caribbean Asian</td><td/></tr><tr><td style="white-space:nowrap">LK<a name="UKCore-EthnicCategory-LK"> </a></td><td>Other Asian, Asian unspecified</td><td/></tr><tr><td style="white-space:nowrap">M<a name="UKCore-EthnicCategory-M"> </a></td><td>Caribbean</td><td/></tr><tr><td style="white-space:nowrap">N<a name="UKCore-EthnicCategory-N"> </a></td><td>African</td><td/></tr><tr><td style="white-space:nowrap">P<a name="UKCore-EthnicCategory-P"> </a></td><td>Any other Black background</td><td/></tr><tr><td style="white-space:nowrap">PA<a name="UKCore-EthnicCategory-PA"> </a></td><td>Somali</td><td/></tr><tr><td style="white-space:nowrap">PB<a name="UKCore-EthnicCategory-PB"> </a></td><td>Mixed Black</td><td/></tr><tr><td style="white-space:nowrap">PC<a name="UKCore-EthnicCategory-PC"> </a></td><td>Nigerian</td><td/></tr><tr><td style="white-space:nowrap">PD<a name="UKCore-EthnicCategory-PD"> </a></td><td>Black British</td><td/></tr><tr><td style="white-space:nowrap">PE<a name="UKCore-EthnicCategory-PE"> </a></td><td>Other Black, Black unspecified</td><td/></tr><tr><td style="white-space:nowrap">R<a name="UKCore-EthnicCategory-R"> </a></td><td>Chinese</td><td/></tr><tr><td style="white-space:nowrap">S<a name="UKCore-EthnicCategory-S"> </a></td><td>Any other ethnic group</td><td/></tr><tr><td style="white-space:nowrap">SA<a name="UKCore-EthnicCategory-SA"> </a></td><td>Vietnamese</td><td/></tr><tr><td style="white-space:nowrap">SB<a name="UKCore-EthnicCategory-SB"> </a></td><td>Japanese</td><td/></tr><tr><td style="white-space:nowrap">SC<a name="UKCore-EthnicCategory-SC"> </a></td><td>Filipino</td><td/></tr><tr><td style="white-space:nowrap">SD<a name="UKCore-EthnicCategory-SD"> </a></td><td>Malaysian</td><td/></tr><tr><td style="white-space:nowrap">SE<a name="UKCore-EthnicCategory-SE"> </a></td><td>Any Other Group</td><td/></tr><tr><td style="white-space:nowrap">Z<a name="UKCore-EthnicCategory-Z"> </a></td><td>Not stated</td><td/></tr></table></div>
  </text>
  <extension url="http://hl7.org/fhir/StructureDefinition/codesystem-sourceReference">
    <valueUri value="http://www.datadictionary.nhs.uk/data_dictionary/data_field_notes/p/pds/pds_ethnic_category_code_de.asp?shownav=0"/>
  </extension>
  <url value="https://fhir.nhs.uk/R4/CodeSystem/UKCore-EthnicCategory"/>
  <version value="1.0.0"/>
  <name value="UKCoreEthnicCategory"/>
  <title value="UK Core Ethnic Category"/>
  <status value="draft"/>
  <date value="2019-10-17T01:00:00+01:00"/>
  <publisher value="NHS Digital"/>
  <contact>
    <name value="Interoperability Team"/>
    <telecom>
      <system value="email"/>
      <value value="interoperabilityteam@nhs.net"/>
      <use value="work"/>
    </telecom>
  </contact>
  <description value="A CodeSystem to identify the ethnicity of a Person, as specified by the Person. This vocabulary describes a persons ethnic category, it is an extension of the Ethnic Category Code described in the NHS Data Model and Dictionary."/>
  <copyright value="Copyright &#xA9; 2019 NHS Digital"/>
  <caseSensitive value="true"/>
  <content value="complete"/>
  <concept>
    <code value="A"/>
    <display value="British, Mixed British"/>
  </concept>
  <concept>
    <code value="B"/>
    <display value="Irish"/>
  </concept>
  <concept>
    <code value="C"/>
    <display value="Any other White background"/>
  </concept>
  <concept>
    <code value="C2"/>
    <display value="Northern Irish"/>
  </concept>
  <concept>
    <code value="C3"/>
    <display value="Other white, white unspecified"/>
  </concept>
  <concept>
    <code value="CA"/>
    <display value="English"/>
  </concept>
  <concept>
    <code value="CB"/>
    <display value="Scottish"/>
  </concept>
  <concept>
    <code value="CC"/>
    <display value="Welsh"/>
  </concept>
  <concept>
    <code value="CD"/>
    <display value="Cornish"/>
  </concept>
  <concept>
    <code value="CE"/>
    <display value="Cypriot (part not stated)"/>
  </concept>
  <concept>
    <code value="CF"/>
    <display value="Greek"/>
  </concept>
  <concept>
    <code value="CG"/>
    <display value="Greek Cypriot"/>
  </concept>
  <concept>
    <code value="CH"/>
    <display value="Turkish"/>
  </concept>
  <concept>
    <code value="CJ"/>
    <display value="Turkish Cypriot"/>
  </concept>
  <concept>
    <code value="CK"/>
    <display value="Italian"/>
  </concept>
  <concept>
    <code value="CL"/>
    <display value="Irish Traveller"/>
  </concept>
  <concept>
    <code value="CM"/>
    <display value="Traveller"/>
  </concept>
  <concept>
    <code value="CN"/>
    <display value="Gypsy/Romany"/>
  </concept>
  <concept>
    <code value="CP"/>
    <display value="Polish"/>
  </concept>
  <concept>
    <code value="CQ"/>
    <display value="All republics which made up the former USSR"/>
  </concept>
  <concept>
    <code value="CR"/>
    <display value="Kosovan"/>
  </concept>
  <concept>
    <code value="CS"/>
    <display value="Albanian"/>
  </concept>
  <concept>
    <code value="CT"/>
    <display value="Bosnian"/>
  </concept>
  <concept>
    <code value="CU"/>
    <display value="Croatian"/>
  </concept>
  <concept>
    <code value="CV"/>
    <display value="Serbian"/>
  </concept>
  <concept>
    <code value="CW"/>
    <display value="Other republics which made up the former Yugoslavia"/>
  </concept>
  <concept>
    <code value="CX"/>
    <display value="Mixed white"/>
  </concept>
  <concept>
    <code value="CY"/>
    <display value="Other white European, European unspecified, European mixed"/>
  </concept>
  <concept>
    <code value="D"/>
    <display value="White and Black Caribbean"/>
  </concept>
  <concept>
    <code value="E"/>
    <display value="White and Black African"/>
  </concept>
  <concept>
    <code value="F"/>
    <display value="White and Asian"/>
  </concept>
  <concept>
    <code value="G"/>
    <display value="Any other mixed background"/>
  </concept>
  <concept>
    <code value="GA"/>
    <display value="Black and Asian"/>
  </concept>
  <concept>
    <code value="GB"/>
    <display value="Black and Chinese"/>
  </concept>
  <concept>
    <code value="GC"/>
    <display value="Black and White"/>
  </concept>
  <concept>
    <code value="GD"/>
    <display value="Chinese and White"/>
  </concept>
  <concept>
    <code value="GE"/>
    <display value="Asian and Chinese"/>
  </concept>
  <concept>
    <code value="GF"/>
    <display value="Other Mixed, Mixed Unspecified"/>
  </concept>
  <concept>
    <code value="H"/>
    <display value="Indian or British Indian"/>
  </concept>
  <concept>
    <code value="J"/>
    <display value="Pakistani or British Pakistani"/>
  </concept>
  <concept>
    <code value="K"/>
    <display value="Bangladeshi or British Bangladeshi"/>
  </concept>
  <concept>
    <code value="L"/>
    <display value="Any other Asian background"/>
  </concept>
  <concept>
    <code value="LA"/>
    <display value="Mixed Asian"/>
  </concept>
  <concept>
    <code value="LB"/>
    <display value="Punjabi"/>
  </concept>
  <concept>
    <code value="LC"/>
    <display value="Kashmiri"/>
  </concept>
  <concept>
    <code value="LD"/>
    <display value="East African Asian"/>
  </concept>
  <concept>
    <code value="LE"/>
    <display value="Sri Lanka"/>
  </concept>
  <concept>
    <code value="LF"/>
    <display value="Tamil"/>
  </concept>
  <concept>
    <code value="LG"/>
    <display value="Sinhalese"/>
  </concept>
  <concept>
    <code value="LH"/>
    <display value="British Asian"/>
  </concept>
  <concept>
    <code value="LJ"/>
    <display value="Caribbean Asian"/>
  </concept>
  <concept>
    <code value="LK"/>
    <display value="Other Asian, Asian unspecified"/>
  </concept>
  <concept>
    <code value="M"/>
    <display value="Caribbean"/>
  </concept>
  <concept>
    <code value="N"/>
    <display value="African"/>
  </concept>
  <concept>
    <code value="P"/>
    <display value="Any other Black background"/>
  </concept>
  <concept>
    <code value="PA"/>
    <display value="Somali"/>
  </concept>
  <concept>
    <code value="PB"/>
    <display value="Mixed Black"/>
  </concept>
  <concept>
    <code value="PC"/>
    <display value="Nigerian"/>
  </concept>
  <concept>
    <code value="PD"/>
    <display value="Black British"/>
  </concept>
  <concept>
    <code value="PE"/>
    <display value="Other Black, Black unspecified"/>
  </concept>
  <concept>
    <code value="R"/>
    <display value="Chinese"/>
  </concept>
  <concept>
    <code value="S"/>
    <display value="Any other ethnic group"/>
  </concept>
  <concept>
    <code value="SA"/>
    <display value="Vietnamese"/>
  </concept>
  <concept>
    <code value="SB"/>
    <display value="Japanese"/>
  </concept>
  <concept>
    <code value="SC"/>
    <display value="Filipino"/>
  </concept>
  <concept>
    <code value="SD"/>
    <display value="Malaysian"/>
  </concept>
  <concept>
    <code value="SE"/>
    <display value="Any Other Group"/>
  </concept>
  <concept>
    <code value="Z"/>
    <display value="Not stated"/>
  </concept>
</CodeSystem>