{
  "resourceType": "CodeSystem",
  "id": "UKCore-LanguageAbilityMode",
  "text": {
    "status": "generated",
    "div": "<div xmlns=\"http://www.w3.org/1999/xhtml\"><h2>UK Core Language Ability Mode</h2><div><p>A CodeSystem that identifies the mode the patient can communicate in, representing the method of expression of the language.</p>\n</div><p><b>Copyright Statement:</b> Copyright © 2019 NHS Digital</p><p>This code system https://fhir.nhs.uk/R4/CodeSystem/UKCore-LanguageAbilityMode defines the following codes:</p><table class=\"codes\"><tr><td style=\"white-space:nowrap\"><b>Code</b></td><td><b>Display</b></td><td><b>Definition</b></td></tr><tr><td style=\"white-space:nowrap\">ESGN<a name=\"UKCore-LanguageAbilityMode-ESGN\"> </a></td><td>Expressed signed</td><td/></tr><tr><td style=\"white-space:nowrap\">ESP<a name=\"UKCore-LanguageAbilityMode-ESP\"> </a></td><td>Expressed spoken</td><td/></tr><tr><td style=\"white-space:nowrap\">EWR<a name=\"UKCore-LanguageAbilityMode-EWR\"> </a></td><td>Expressed written</td><td/></tr><tr><td style=\"white-space:nowrap\">RSGN<a name=\"UKCore-LanguageAbilityMode-RSGN\"> </a></td><td>Received signed</td><td/></tr><tr><td style=\"white-space:nowrap\">RSP<a name=\"UKCore-LanguageAbilityMode-RSP\"> </a></td><td>Received spoken</td><td/></tr><tr><td style=\"white-space:nowrap\">RWR<a name=\"UKCore-LanguageAbilityMode-RWR\"> </a></td><td>Received written</td><td/></tr></table></div>"
  },
  "url": "https://fhir.nhs.uk/R4/CodeSystem/UKCore-LanguageAbilityMode",
  "version": "4.0.0",
  "name": "UKCoreLanguageAbilityMode",
  "title": "UK Core Language Ability Mode",
  "status": "draft",
  "date": "2019-10-25T01:00:00+01:00",
  "publisher": "Project Wildfyre",
  "contact": [
    {
      "name": "Project Wildfyre",
      "telecom": [
        {
          "system": "email",
          "value": "mailto:dunno@dummy.net",
          "use": "work"
        }
      ]
    }
  ],
  "description": "A CodeSystem that identifies the mode the patient can communicate in, representing the method of expression of the language.",
  "jurisdiction": [
    {
      "coding": [
        {
          "system": "urn:iso:std:iso:3166",
          "code": "GB"
        }
      ]
    }
  ],
  "copyright": "Copyright © 2019 NHS Digital",
  "caseSensitive": true,
  "content": "complete",
  "concept": [
    {
      "code": "ESGN",
      "display": "Expressed signed"
    },
    {
      "code": "ESP",
      "display": "Expressed spoken"
    },
    {
      "code": "EWR",
      "display": "Expressed written"
    },
    {
      "code": "RSGN",
      "display": "Received signed"
    },
    {
      "code": "RSP",
      "display": "Received spoken"
    },
    {
      "code": "RWR",
      "display": "Received written"
    }
  ]
}