{
  "resourceType": "CodeSystem",
  "id": "UKCore-SDSJobRoleName-1-0-0",
  "text": {
    "status": "generated",
    "div": "<div xmlns=\"http://www.w3.org/1999/xhtml\"><h2>UK Core SDS Job Role Name</h2><div><p>A CodeSystem that identifies the job role associated with the person on the smart card. This consists of a set of Role Based Access Control (RBAC) codes. This code list is externally maintained.</p>\n</div><p><b>Copyright Statement:</b> Copyright © 2019 NHS Digital</p><p>This code system https://fhir.nhs.uk/R4/CodeSystem/UKCore-SDSJobRoleName-1-0-0 defines the following codes:</p><table class=\"codes\"><tr><td style=\"white-space:nowrap\"><b>Code</b></td><td><b>Display</b></td><td><b>Definition</b></td></tr><tr><td style=\"white-space:nowrap\">R0010<a name=\"UKCore-SDSJobRoleName-1-0-0-R0010\"> </a></td><td>Medical Director</td><td/></tr><tr><td style=\"white-space:nowrap\">R0020<a name=\"UKCore-SDSJobRoleName-1-0-0-R0020\"> </a></td><td>Clinical Director - Medical</td><td/></tr><tr><td style=\"white-space:nowrap\">R0210<a name=\"UKCore-SDSJobRoleName-1-0-0-R0210\"> </a></td><td>Director of Public Health</td><td/></tr><tr><td style=\"white-space:nowrap\">R0030<a name=\"UKCore-SDSJobRoleName-1-0-0-R0030\"> </a></td><td>Professor</td><td/></tr><tr><td style=\"white-space:nowrap\">R0040<a name=\"UKCore-SDSJobRoleName-1-0-0-R0040\"> </a></td><td>Senior Lecturer</td><td/></tr><tr><td style=\"white-space:nowrap\">R0050<a name=\"UKCore-SDSJobRoleName-1-0-0-R0050\"> </a></td><td>Consultant</td><td/></tr><tr><td style=\"white-space:nowrap\">R0060<a name=\"UKCore-SDSJobRoleName-1-0-0-R0060\"> </a></td><td>Special Salary Scale in Public Health Medicine</td><td/></tr><tr><td style=\"white-space:nowrap\">R0070<a name=\"UKCore-SDSJobRoleName-1-0-0-R0070\"> </a></td><td>Associate Specialist</td><td/></tr><tr><td style=\"white-space:nowrap\">R0080<a name=\"UKCore-SDSJobRoleName-1-0-0-R0080\"> </a></td><td>Staff Grade</td><td/></tr><tr><td style=\"white-space:nowrap\">R0090<a name=\"UKCore-SDSJobRoleName-1-0-0-R0090\"> </a></td><td>Hospital Practitioner</td><td/></tr><tr><td style=\"white-space:nowrap\">R0100<a name=\"UKCore-SDSJobRoleName-1-0-0-R0100\"> </a></td><td>Clinical Assistant</td><td/></tr><tr><td style=\"white-space:nowrap\">R0110<a name=\"UKCore-SDSJobRoleName-1-0-0-R0110\"> </a></td><td>Specialist Registrar</td><td/></tr><tr><td style=\"white-space:nowrap\">R0120<a name=\"UKCore-SDSJobRoleName-1-0-0-R0120\"> </a></td><td>Senior Registrar (Closed)</td><td/></tr><tr><td style=\"white-space:nowrap\">R0130<a name=\"UKCore-SDSJobRoleName-1-0-0-R0130\"> </a></td><td>Registrar (Closed)</td><td/></tr><tr><td style=\"white-space:nowrap\">R0140<a name=\"UKCore-SDSJobRoleName-1-0-0-R0140\"> </a></td><td>Senior House Officer</td><td/></tr><tr><td style=\"white-space:nowrap\">R0150<a name=\"UKCore-SDSJobRoleName-1-0-0-R0150\"> </a></td><td>House Officer - Pre Registration</td><td/></tr><tr><td style=\"white-space:nowrap\">R0160<a name=\"UKCore-SDSJobRoleName-1-0-0-R0160\"> </a></td><td>House Officer - Post Registration</td><td/></tr><tr><td style=\"white-space:nowrap\">R0170<a name=\"UKCore-SDSJobRoleName-1-0-0-R0170\"> </a></td><td>Trust Grade Doctor - House Officer level</td><td/></tr><tr><td style=\"white-space:nowrap\">R0180<a name=\"UKCore-SDSJobRoleName-1-0-0-R0180\"> </a></td><td>Trust Grade Doctor - SHO level</td><td/></tr><tr><td style=\"white-space:nowrap\">R0190<a name=\"UKCore-SDSJobRoleName-1-0-0-R0190\"> </a></td><td>Trust Grade Doctor - Specialist Registrar level</td><td/></tr><tr><td style=\"white-space:nowrap\">R0200<a name=\"UKCore-SDSJobRoleName-1-0-0-R0200\"> </a></td><td>Trust Grade Doctor - Career Grade level</td><td/></tr><tr><td style=\"white-space:nowrap\">R0260<a name=\"UKCore-SDSJobRoleName-1-0-0-R0260\"> </a></td><td>General Medical Practitioner</td><td/></tr><tr><td style=\"white-space:nowrap\">R0270<a name=\"UKCore-SDSJobRoleName-1-0-0-R0270\"> </a></td><td>Salaried General Practitioner</td><td/></tr><tr><td style=\"white-space:nowrap\">R1981<a name=\"UKCore-SDSJobRoleName-1-0-0-R1981\"> </a></td><td>Psychiatrist</td><td/></tr><tr><td style=\"white-space:nowrap\">R1984<a name=\"UKCore-SDSJobRoleName-1-0-0-R1984\"> </a></td><td>Health Records Administrator</td><td/></tr><tr><td style=\"white-space:nowrap\">R6200<a name=\"UKCore-SDSJobRoleName-1-0-0-R6200\"> </a></td><td>GP Registrar</td><td/></tr><tr><td style=\"white-space:nowrap\">R6300<a name=\"UKCore-SDSJobRoleName-1-0-0-R6300\"> </a></td><td>Sessional GP</td><td/></tr><tr><td style=\"white-space:nowrap\">R7140<a name=\"UKCore-SDSJobRoleName-1-0-0-R7140\"> </a></td><td>ODP</td><td/></tr><tr><td style=\"white-space:nowrap\">R7150<a name=\"UKCore-SDSJobRoleName-1-0-0-R7150\"> </a></td><td>SODP</td><td/></tr><tr><td style=\"white-space:nowrap\">R9100<a name=\"UKCore-SDSJobRoleName-1-0-0-R9100\"> </a></td><td>A&amp;E Staff Nurse (Temporary)  London Cluster Only</td><td/></tr><tr><td style=\"white-space:nowrap\">R9101<a name=\"UKCore-SDSJobRoleName-1-0-0-R9101\"> </a></td><td>A&amp;E Manager (Temporary) London Cluster Only</td><td/></tr><tr><td style=\"white-space:nowrap\">R9102<a name=\"UKCore-SDSJobRoleName-1-0-0-R9102\"> </a></td><td>A&amp;E Doctor  (Temporary) London Cluster only</td><td/></tr><tr><td style=\"white-space:nowrap\">R9103<a name=\"UKCore-SDSJobRoleName-1-0-0-R9103\"> </a></td><td>A&amp;E Student (Temporary) London Cluster Only</td><td/></tr><tr><td style=\"white-space:nowrap\">R9104<a name=\"UKCore-SDSJobRoleName-1-0-0-R9104\"> </a></td><td>A&amp;E Clerk (Temporary) London Cluster Only</td><td/></tr><tr><td style=\"white-space:nowrap\">R0215<a name=\"UKCore-SDSJobRoleName-1-0-0-R0215\"> </a></td><td>Assistant Clinical Medical Officer</td><td/></tr><tr><td style=\"white-space:nowrap\">R0220<a name=\"UKCore-SDSJobRoleName-1-0-0-R0220\"> </a></td><td>Clinical Medical Officer</td><td/></tr><tr><td style=\"white-space:nowrap\">R0230<a name=\"UKCore-SDSJobRoleName-1-0-0-R0230\"> </a></td><td>Senior Clinical Medical Officer</td><td/></tr><tr><td style=\"white-space:nowrap\">R0240<a name=\"UKCore-SDSJobRoleName-1-0-0-R0240\"> </a></td><td>Other Community Health Service</td><td/></tr><tr><td style=\"white-space:nowrap\">R0243<a name=\"UKCore-SDSJobRoleName-1-0-0-R0243\"> </a></td><td>Other Community Health Service - Social Care Worker</td><td/></tr><tr><td style=\"white-space:nowrap\">R0247<a name=\"UKCore-SDSJobRoleName-1-0-0-R0247\"> </a></td><td>Other Community Health Service - Admin Clerk</td><td/></tr><tr><td style=\"white-space:nowrap\">R0055<a name=\"UKCore-SDSJobRoleName-1-0-0-R0055\"> </a></td><td>Dental Surgeon acting as Hospital Consultant</td><td/></tr><tr><td style=\"white-space:nowrap\">R0250<a name=\"UKCore-SDSJobRoleName-1-0-0-R0250\"> </a></td><td>General Dental Practitioner</td><td/></tr><tr><td style=\"white-space:nowrap\">R0280<a name=\"UKCore-SDSJobRoleName-1-0-0-R0280\"> </a></td><td>Regional Dental Officer</td><td/></tr><tr><td style=\"white-space:nowrap\">R0290<a name=\"UKCore-SDSJobRoleName-1-0-0-R0290\"> </a></td><td>Dental Clinical Director - Dental</td><td/></tr><tr><td style=\"white-space:nowrap\">R0295<a name=\"UKCore-SDSJobRoleName-1-0-0-R0295\"> </a></td><td>Dental Assistant Clinical Director</td><td/></tr><tr><td style=\"white-space:nowrap\">R0300<a name=\"UKCore-SDSJobRoleName-1-0-0-R0300\"> </a></td><td>Dental Officer</td><td/></tr><tr><td style=\"white-space:nowrap\">R0310<a name=\"UKCore-SDSJobRoleName-1-0-0-R0310\"> </a></td><td>Senior Dental Officer</td><td/></tr><tr><td style=\"white-space:nowrap\">R0320<a name=\"UKCore-SDSJobRoleName-1-0-0-R0320\"> </a></td><td>Salaried Dental Practitioner</td><td/></tr><tr><td style=\"white-space:nowrap\">R0006<a name=\"UKCore-SDSJobRoleName-1-0-0-R0006\"> </a></td><td>Student Community Practitioner</td><td/></tr><tr><td style=\"white-space:nowrap\">R0330<a name=\"UKCore-SDSJobRoleName-1-0-0-R0330\"> </a></td><td>Student Nurse - Adult Branch</td><td/></tr><tr><td style=\"white-space:nowrap\">R0340<a name=\"UKCore-SDSJobRoleName-1-0-0-R0340\"> </a></td><td>Student Nurse - Child Branch</td><td/></tr><tr><td style=\"white-space:nowrap\">R0350<a name=\"UKCore-SDSJobRoleName-1-0-0-R0350\"> </a></td><td>Student Nurse - Mental Health Branch</td><td/></tr><tr><td style=\"white-space:nowrap\">R0360<a name=\"UKCore-SDSJobRoleName-1-0-0-R0360\"> </a></td><td>Student Nurse - Learning Disabilities Branch</td><td/></tr><tr><td style=\"white-space:nowrap\">R0370<a name=\"UKCore-SDSJobRoleName-1-0-0-R0370\"> </a></td><td>Student Midwife</td><td/></tr><tr><td style=\"white-space:nowrap\">R0380<a name=\"UKCore-SDSJobRoleName-1-0-0-R0380\"> </a></td><td>Student Health Visitor</td><td/></tr><tr><td style=\"white-space:nowrap\">R0390<a name=\"UKCore-SDSJobRoleName-1-0-0-R0390\"> </a></td><td>Student District Nurse</td><td/></tr><tr><td style=\"white-space:nowrap\">R0400<a name=\"UKCore-SDSJobRoleName-1-0-0-R0400\"> </a></td><td>Student School Nurse</td><td/></tr><tr><td style=\"white-space:nowrap\">R0410<a name=\"UKCore-SDSJobRoleName-1-0-0-R0410\"> </a></td><td>Student Practice Nurse</td><td/></tr><tr><td style=\"white-space:nowrap\">R0420<a name=\"UKCore-SDSJobRoleName-1-0-0-R0420\"> </a></td><td>Student Occupational Health Nurse</td><td/></tr><tr><td style=\"white-space:nowrap\">R0430<a name=\"UKCore-SDSJobRoleName-1-0-0-R0430\"> </a></td><td>Student Community Paediatric Nurse</td><td/></tr><tr><td style=\"white-space:nowrap\">R0440<a name=\"UKCore-SDSJobRoleName-1-0-0-R0440\"> </a></td><td>Student Community Mental Health Nurse</td><td/></tr><tr><td style=\"white-space:nowrap\">R0450<a name=\"UKCore-SDSJobRoleName-1-0-0-R0450\"> </a></td><td>Student Community Learning Disabilities Nurse</td><td/></tr><tr><td style=\"white-space:nowrap\">R0460<a name=\"UKCore-SDSJobRoleName-1-0-0-R0460\"> </a></td><td>Student Chiropodist</td><td/></tr><tr><td style=\"white-space:nowrap\">R0470<a name=\"UKCore-SDSJobRoleName-1-0-0-R0470\"> </a></td><td>Student Dietitian</td><td/></tr><tr><td style=\"white-space:nowrap\">R0480<a name=\"UKCore-SDSJobRoleName-1-0-0-R0480\"> </a></td><td>Student Occupational Therapist</td><td/></tr><tr><td style=\"white-space:nowrap\">R0490<a name=\"UKCore-SDSJobRoleName-1-0-0-R0490\"> </a></td><td>Student Orthoptist</td><td/></tr><tr><td style=\"white-space:nowrap\">R0500<a name=\"UKCore-SDSJobRoleName-1-0-0-R0500\"> </a></td><td>Student Physiotherapist</td><td/></tr><tr><td style=\"white-space:nowrap\">R0510<a name=\"UKCore-SDSJobRoleName-1-0-0-R0510\"> </a></td><td>Student Radiographer - Diagnostic</td><td/></tr><tr><td style=\"white-space:nowrap\">R0520<a name=\"UKCore-SDSJobRoleName-1-0-0-R0520\"> </a></td><td>Student Radiographer - Therapeutic</td><td/></tr><tr><td style=\"white-space:nowrap\">R0530<a name=\"UKCore-SDSJobRoleName-1-0-0-R0530\"> </a></td><td>Student Speech &amp; Language Therapist</td><td/></tr><tr><td style=\"white-space:nowrap\">R0540<a name=\"UKCore-SDSJobRoleName-1-0-0-R0540\"> </a></td><td>Art, Music &amp; Drama Student</td><td/></tr><tr><td style=\"white-space:nowrap\">R0550<a name=\"UKCore-SDSJobRoleName-1-0-0-R0550\"> </a></td><td>Student Psychotherapist</td><td/></tr><tr><td style=\"white-space:nowrap\">R6400<a name=\"UKCore-SDSJobRoleName-1-0-0-R6400\"> </a></td><td>Medical Student</td><td/></tr><tr><td style=\"white-space:nowrap\">R0560<a name=\"UKCore-SDSJobRoleName-1-0-0-R0560\"> </a></td><td>Director of Nursing</td><td/></tr><tr><td style=\"white-space:nowrap\">R0580<a name=\"UKCore-SDSJobRoleName-1-0-0-R0580\"> </a></td><td>Nurse Manager</td><td/></tr><tr><td style=\"white-space:nowrap\">R0610<a name=\"UKCore-SDSJobRoleName-1-0-0-R0610\"> </a></td><td>Sister/Charge Nurse</td><td/></tr><tr><td style=\"white-space:nowrap\">R1976<a name=\"UKCore-SDSJobRoleName-1-0-0-R1976\"> </a></td><td>Community Team Manager</td><td/></tr><tr><td style=\"white-space:nowrap\">R0570<a name=\"UKCore-SDSJobRoleName-1-0-0-R0570\"> </a></td><td>Nurse Consultant</td><td/></tr><tr><td style=\"white-space:nowrap\">R0600<a name=\"UKCore-SDSJobRoleName-1-0-0-R0600\"> </a></td><td>Specialist Nurse Practitioner</td><td/></tr><tr><td style=\"white-space:nowrap\">R0620<a name=\"UKCore-SDSJobRoleName-1-0-0-R0620\"> </a></td><td>Staff Nurse</td><td/></tr><tr><td style=\"white-space:nowrap\">R0630<a name=\"UKCore-SDSJobRoleName-1-0-0-R0630\"> </a></td><td>Enrolled Nurse</td><td/></tr><tr><td style=\"white-space:nowrap\">R0690<a name=\"UKCore-SDSJobRoleName-1-0-0-R0690\"> </a></td><td>Community Practitioner</td><td/></tr><tr><td style=\"white-space:nowrap\">R0700<a name=\"UKCore-SDSJobRoleName-1-0-0-R0700\"> </a></td><td>Community Nurse</td><td/></tr><tr><td style=\"white-space:nowrap\">R1974<a name=\"UKCore-SDSJobRoleName-1-0-0-R1974\"> </a></td><td>Community Learning Disabilities Nurse</td><td/></tr><tr><td style=\"white-space:nowrap\">R1975<a name=\"UKCore-SDSJobRoleName-1-0-0-R1975\"> </a></td><td>Community Mental Health Nurse</td><td/></tr><tr><td style=\"white-space:nowrap\">R0590<a name=\"UKCore-SDSJobRoleName-1-0-0-R0590\"> </a></td><td>Modern Matron</td><td/></tr><tr><td style=\"white-space:nowrap\">R1972<a name=\"UKCore-SDSJobRoleName-1-0-0-R1972\"> </a></td><td>Clinical Team Manager</td><td/></tr><tr><td style=\"white-space:nowrap\">R0640<a name=\"UKCore-SDSJobRoleName-1-0-0-R0640\"> </a></td><td>Midwife - Consultant</td><td/></tr><tr><td style=\"white-space:nowrap\">R0650<a name=\"UKCore-SDSJobRoleName-1-0-0-R0650\"> </a></td><td>Midwife - Specialist Practitioner</td><td/></tr><tr><td style=\"white-space:nowrap\">R0660<a name=\"UKCore-SDSJobRoleName-1-0-0-R0660\"> </a></td><td>Midwife - Manager</td><td/></tr><tr><td style=\"white-space:nowrap\">R0670<a name=\"UKCore-SDSJobRoleName-1-0-0-R0670\"> </a></td><td>Midwife - Sister/Charge Nurse</td><td/></tr><tr><td style=\"white-space:nowrap\">R0680<a name=\"UKCore-SDSJobRoleName-1-0-0-R0680\"> </a></td><td>Midwife</td><td/></tr><tr><td style=\"white-space:nowrap\">R0018<a name=\"UKCore-SDSJobRoleName-1-0-0-R0018\"> </a></td><td>Audiologist</td><td/></tr><tr><td style=\"white-space:nowrap\">R0750<a name=\"UKCore-SDSJobRoleName-1-0-0-R0750\"> </a></td><td>Chiropodist/Podiatrist</td><td/></tr><tr><td style=\"white-space:nowrap\">R0760<a name=\"UKCore-SDSJobRoleName-1-0-0-R0760\"> </a></td><td>Chiropodist/Podiatrist Consultant</td><td/></tr><tr><td style=\"white-space:nowrap\">R0770<a name=\"UKCore-SDSJobRoleName-1-0-0-R0770\"> </a></td><td>Chiropodist/Podiatrist Manager</td><td/></tr><tr><td style=\"white-space:nowrap\">R0780<a name=\"UKCore-SDSJobRoleName-1-0-0-R0780\"> </a></td><td>Chiropodist/Podiatrist Specialist Practitioner</td><td/></tr><tr><td style=\"white-space:nowrap\">R0790<a name=\"UKCore-SDSJobRoleName-1-0-0-R0790\"> </a></td><td>Dietitian</td><td/></tr><tr><td style=\"white-space:nowrap\">R0800<a name=\"UKCore-SDSJobRoleName-1-0-0-R0800\"> </a></td><td>Dietitian Consultant</td><td/></tr><tr><td style=\"white-space:nowrap\">R0810<a name=\"UKCore-SDSJobRoleName-1-0-0-R0810\"> </a></td><td>Dietitian Manager</td><td/></tr><tr><td style=\"white-space:nowrap\">R0820<a name=\"UKCore-SDSJobRoleName-1-0-0-R0820\"> </a></td><td>Dietitian Specialist Practitioner</td><td/></tr><tr><td style=\"white-space:nowrap\">R0950<a name=\"UKCore-SDSJobRoleName-1-0-0-R0950\"> </a></td><td>Occupational Therapist</td><td/></tr><tr><td style=\"white-space:nowrap\">R0960<a name=\"UKCore-SDSJobRoleName-1-0-0-R0960\"> </a></td><td>Occupational Therapist Consultant</td><td/></tr><tr><td style=\"white-space:nowrap\">R0970<a name=\"UKCore-SDSJobRoleName-1-0-0-R0970\"> </a></td><td>Occupational Therapist Manager</td><td/></tr><tr><td style=\"white-space:nowrap\">R0980<a name=\"UKCore-SDSJobRoleName-1-0-0-R0980\"> </a></td><td>Occupational Therapy Specialist Practitioner</td><td/></tr><tr><td style=\"white-space:nowrap\">R0990<a name=\"UKCore-SDSJobRoleName-1-0-0-R0990\"> </a></td><td>Orthoptist</td><td/></tr><tr><td style=\"white-space:nowrap\">R1000<a name=\"UKCore-SDSJobRoleName-1-0-0-R1000\"> </a></td><td>Orthoptist Consultant</td><td/></tr><tr><td style=\"white-space:nowrap\">R1010<a name=\"UKCore-SDSJobRoleName-1-0-0-R1010\"> </a></td><td>Orthoptist Manager</td><td/></tr><tr><td style=\"white-space:nowrap\">R1020<a name=\"UKCore-SDSJobRoleName-1-0-0-R1020\"> </a></td><td>Orthoptist Specialist Practitioner</td><td/></tr><tr><td style=\"white-space:nowrap\">R1110<a name=\"UKCore-SDSJobRoleName-1-0-0-R1110\"> </a></td><td>Physiotherapist</td><td/></tr><tr><td style=\"white-space:nowrap\">R1120<a name=\"UKCore-SDSJobRoleName-1-0-0-R1120\"> </a></td><td>Physiotherapist Consultant</td><td/></tr><tr><td style=\"white-space:nowrap\">R1130<a name=\"UKCore-SDSJobRoleName-1-0-0-R1130\"> </a></td><td>Physiotherapist Manager</td><td/></tr><tr><td style=\"white-space:nowrap\">R1140<a name=\"UKCore-SDSJobRoleName-1-0-0-R1140\"> </a></td><td>Physiotherapist Specialist Practitioner</td><td/></tr><tr><td style=\"white-space:nowrap\">R1070<a name=\"UKCore-SDSJobRoleName-1-0-0-R1070\"> </a></td><td>Paramedic</td><td/></tr><tr><td style=\"white-space:nowrap\">R1080<a name=\"UKCore-SDSJobRoleName-1-0-0-R1080\"> </a></td><td>Paramedic Consultant</td><td/></tr><tr><td style=\"white-space:nowrap\">R1090<a name=\"UKCore-SDSJobRoleName-1-0-0-R1090\"> </a></td><td>Paramedic Manager</td><td/></tr><tr><td style=\"white-space:nowrap\">R1100<a name=\"UKCore-SDSJobRoleName-1-0-0-R1100\"> </a></td><td>Paramedic Specialist Practitioner</td><td/></tr><tr><td style=\"white-space:nowrap\">R0003<a name=\"UKCore-SDSJobRoleName-1-0-0-R0003\"> </a></td><td>Clinical Application Administrator</td><td/></tr><tr><td style=\"white-space:nowrap\">R0012<a name=\"UKCore-SDSJobRoleName-1-0-0-R0012\"> </a></td><td>Radiographer</td><td/></tr><tr><td style=\"white-space:nowrap\">R0013<a name=\"UKCore-SDSJobRoleName-1-0-0-R0013\"> </a></td><td>Student Radiographer</td><td/></tr><tr><td style=\"white-space:nowrap\">R0014<a name=\"UKCore-SDSJobRoleName-1-0-0-R0014\"> </a></td><td>Radiologist</td><td/></tr><tr><td style=\"white-space:nowrap\">R0015<a name=\"UKCore-SDSJobRoleName-1-0-0-R0015\"> </a></td><td>PACS Administrator</td><td/></tr><tr><td style=\"white-space:nowrap\">R0016<a name=\"UKCore-SDSJobRoleName-1-0-0-R0016\"> </a></td><td>Reporting Radiographer</td><td/></tr><tr><td style=\"white-space:nowrap\">R0017<a name=\"UKCore-SDSJobRoleName-1-0-0-R0017\"> </a></td><td>Assistant Practitioner</td><td/></tr><tr><td style=\"white-space:nowrap\">R1190<a name=\"UKCore-SDSJobRoleName-1-0-0-R1190\"> </a></td><td>Radiographer - Diagnostic</td><td/></tr><tr><td style=\"white-space:nowrap\">R1200<a name=\"UKCore-SDSJobRoleName-1-0-0-R1200\"> </a></td><td>Radiographer - Diagnostic, Consultant</td><td/></tr><tr><td style=\"white-space:nowrap\">R1210<a name=\"UKCore-SDSJobRoleName-1-0-0-R1210\"> </a></td><td>Radiographer - Diagnostic, Manager</td><td/></tr><tr><td style=\"white-space:nowrap\">R1220<a name=\"UKCore-SDSJobRoleName-1-0-0-R1220\"> </a></td><td>Radiographer - Diagnostic, Specialist Practitioner</td><td/></tr><tr><td style=\"white-space:nowrap\">R1230<a name=\"UKCore-SDSJobRoleName-1-0-0-R1230\"> </a></td><td>Radiographer - Therapeutic</td><td/></tr><tr><td style=\"white-space:nowrap\">R1240<a name=\"UKCore-SDSJobRoleName-1-0-0-R1240\"> </a></td><td>Radiographer - Therapeutic, Consultant</td><td/></tr><tr><td style=\"white-space:nowrap\">R1250<a name=\"UKCore-SDSJobRoleName-1-0-0-R1250\"> </a></td><td>Radiographer - Therapeutic, Manager</td><td/></tr><tr><td style=\"white-space:nowrap\">R1260<a name=\"UKCore-SDSJobRoleName-1-0-0-R1260\"> </a></td><td>Radiographer - Therapeutic, Specialist Practitioner</td><td/></tr><tr><td style=\"white-space:nowrap\">R1030<a name=\"UKCore-SDSJobRoleName-1-0-0-R1030\"> </a></td><td>Orthotist</td><td/></tr><tr><td style=\"white-space:nowrap\">R1040<a name=\"UKCore-SDSJobRoleName-1-0-0-R1040\"> </a></td><td>Orthotist Consultant</td><td/></tr><tr><td style=\"white-space:nowrap\">R1050<a name=\"UKCore-SDSJobRoleName-1-0-0-R1050\"> </a></td><td>Orthotist Manager</td><td/></tr><tr><td style=\"white-space:nowrap\">R1060<a name=\"UKCore-SDSJobRoleName-1-0-0-R1060\"> </a></td><td>Orthotist Specialist Practitioner</td><td/></tr><tr><td style=\"white-space:nowrap\">R1150<a name=\"UKCore-SDSJobRoleName-1-0-0-R1150\"> </a></td><td>Prosthetist</td><td/></tr><tr><td style=\"white-space:nowrap\">R1160<a name=\"UKCore-SDSJobRoleName-1-0-0-R1160\"> </a></td><td>Prosthetist Consultant</td><td/></tr><tr><td style=\"white-space:nowrap\">R1170<a name=\"UKCore-SDSJobRoleName-1-0-0-R1170\"> </a></td><td>Prosthetist Manager</td><td/></tr><tr><td style=\"white-space:nowrap\">R1180<a name=\"UKCore-SDSJobRoleName-1-0-0-R1180\"> </a></td><td>Prosthetist Specialist Practitioner</td><td/></tr><tr><td style=\"white-space:nowrap\">R0710<a name=\"UKCore-SDSJobRoleName-1-0-0-R0710\"> </a></td><td>Art Therapist</td><td/></tr><tr><td style=\"white-space:nowrap\">R0720<a name=\"UKCore-SDSJobRoleName-1-0-0-R0720\"> </a></td><td>Art Therapist Consultant</td><td/></tr><tr><td style=\"white-space:nowrap\">R0730<a name=\"UKCore-SDSJobRoleName-1-0-0-R0730\"> </a></td><td>Art Therapist Manager</td><td/></tr><tr><td style=\"white-space:nowrap\">R0740<a name=\"UKCore-SDSJobRoleName-1-0-0-R0740\"> </a></td><td>Art Therapist Specialist Practitioner</td><td/></tr><tr><td style=\"white-space:nowrap\">R0830<a name=\"UKCore-SDSJobRoleName-1-0-0-R0830\"> </a></td><td>Drama Therapist</td><td/></tr><tr><td style=\"white-space:nowrap\">R0840<a name=\"UKCore-SDSJobRoleName-1-0-0-R0840\"> </a></td><td>Drama Therapist Consultant</td><td/></tr><tr><td style=\"white-space:nowrap\">R0850<a name=\"UKCore-SDSJobRoleName-1-0-0-R0850\"> </a></td><td>Drama Therapist Manager</td><td/></tr><tr><td style=\"white-space:nowrap\">R0860<a name=\"UKCore-SDSJobRoleName-1-0-0-R0860\"> </a></td><td>Drama Therapist Specialist Practitioner</td><td/></tr><tr><td style=\"white-space:nowrap\">R0870<a name=\"UKCore-SDSJobRoleName-1-0-0-R0870\"> </a></td><td>Multi Therapist</td><td/></tr><tr><td style=\"white-space:nowrap\">R0880<a name=\"UKCore-SDSJobRoleName-1-0-0-R0880\"> </a></td><td>Multi Therapist Consultant</td><td/></tr><tr><td style=\"white-space:nowrap\">R0890<a name=\"UKCore-SDSJobRoleName-1-0-0-R0890\"> </a></td><td>Multi Therapist Manager</td><td/></tr><tr><td style=\"white-space:nowrap\">R0900<a name=\"UKCore-SDSJobRoleName-1-0-0-R0900\"> </a></td><td>Multi Therapist Specialist Practitioner</td><td/></tr><tr><td style=\"white-space:nowrap\">R0910<a name=\"UKCore-SDSJobRoleName-1-0-0-R0910\"> </a></td><td>Music Therapist</td><td/></tr><tr><td style=\"white-space:nowrap\">R0920<a name=\"UKCore-SDSJobRoleName-1-0-0-R0920\"> </a></td><td>Music Therapist Consultant</td><td/></tr><tr><td style=\"white-space:nowrap\">R0930<a name=\"UKCore-SDSJobRoleName-1-0-0-R0930\"> </a></td><td>Music Therapist Manager</td><td/></tr><tr><td style=\"white-space:nowrap\">R0940<a name=\"UKCore-SDSJobRoleName-1-0-0-R0940\"> </a></td><td>Music Therapist Specialist Practitioner</td><td/></tr><tr><td style=\"white-space:nowrap\">R0955<a name=\"UKCore-SDSJobRoleName-1-0-0-R0955\"> </a></td><td>Speech &amp; Language Therapist</td><td/></tr><tr><td style=\"white-space:nowrap\">R0965<a name=\"UKCore-SDSJobRoleName-1-0-0-R0965\"> </a></td><td>Speech &amp; Language Therapist Consultant</td><td/></tr><tr><td style=\"white-space:nowrap\">R0975<a name=\"UKCore-SDSJobRoleName-1-0-0-R0975\"> </a></td><td>Speech &amp; Language Therapist Manager</td><td/></tr><tr><td style=\"white-space:nowrap\">R0985<a name=\"UKCore-SDSJobRoleName-1-0-0-R0985\"> </a></td><td>Speech &amp; Language Therapist Specialist Practitioner</td><td/></tr><tr><td style=\"white-space:nowrap\">R9500<a name=\"UKCore-SDSJobRoleName-1-0-0-R9500\"> </a></td><td>Social Services Senior Management</td><td/></tr><tr><td style=\"white-space:nowrap\">R9505<a name=\"UKCore-SDSJobRoleName-1-0-0-R9505\"> </a></td><td>Social Services Policy and Planning</td><td/></tr><tr><td style=\"white-space:nowrap\">R9510<a name=\"UKCore-SDSJobRoleName-1-0-0-R9510\"> </a></td><td>Social Services Information Manager</td><td/></tr><tr><td style=\"white-space:nowrap\">R9515<a name=\"UKCore-SDSJobRoleName-1-0-0-R9515\"> </a></td><td>Social Work Team Manager (Children)</td><td/></tr><tr><td style=\"white-space:nowrap\">R9520<a name=\"UKCore-SDSJobRoleName-1-0-0-R9520\"> </a></td><td>Senior Social Worker (Children)</td><td/></tr><tr><td style=\"white-space:nowrap\">R9525<a name=\"UKCore-SDSJobRoleName-1-0-0-R9525\"> </a></td><td>Social Services Care Manager (Children)</td><td/></tr><tr><td style=\"white-space:nowrap\">R9530<a name=\"UKCore-SDSJobRoleName-1-0-0-R9530\"> </a></td><td>Social Work Assistant (Children)</td><td/></tr><tr><td style=\"white-space:nowrap\">R9535<a name=\"UKCore-SDSJobRoleName-1-0-0-R9535\"> </a></td><td>Child Protection Worker</td><td/></tr><tr><td style=\"white-space:nowrap\">R9540<a name=\"UKCore-SDSJobRoleName-1-0-0-R9540\"> </a></td><td>Family Placement Worker</td><td/></tr><tr><td style=\"white-space:nowrap\">R9545<a name=\"UKCore-SDSJobRoleName-1-0-0-R9545\"> </a></td><td>Community Worker (Children)</td><td/></tr><tr><td style=\"white-space:nowrap\">R9550<a name=\"UKCore-SDSJobRoleName-1-0-0-R9550\"> </a></td><td>Occupational Therapist</td><td/></tr><tr><td style=\"white-space:nowrap\">R9555<a name=\"UKCore-SDSJobRoleName-1-0-0-R9555\"> </a></td><td>Occupational Therapist Assistant</td><td/></tr><tr><td style=\"white-space:nowrap\">R9560<a name=\"UKCore-SDSJobRoleName-1-0-0-R9560\"> </a></td><td>Occupational Therapy Team Manager</td><td/></tr><tr><td style=\"white-space:nowrap\">R9565<a name=\"UKCore-SDSJobRoleName-1-0-0-R9565\"> </a></td><td>Social Work Team Manager (Adults)</td><td/></tr><tr><td style=\"white-space:nowrap\">R9570<a name=\"UKCore-SDSJobRoleName-1-0-0-R9570\"> </a></td><td>Senior Social Worker (Adults)</td><td/></tr><tr><td style=\"white-space:nowrap\">R9575<a name=\"UKCore-SDSJobRoleName-1-0-0-R9575\"> </a></td><td>Social Services Care Manager (Adults)</td><td/></tr><tr><td style=\"white-space:nowrap\">R9580<a name=\"UKCore-SDSJobRoleName-1-0-0-R9580\"> </a></td><td>Social Work Assistant (Adults)</td><td/></tr><tr><td style=\"white-space:nowrap\">R9585<a name=\"UKCore-SDSJobRoleName-1-0-0-R9585\"> </a></td><td>Social Work Team Manager (Mental Health)</td><td/></tr><tr><td style=\"white-space:nowrap\">R9590<a name=\"UKCore-SDSJobRoleName-1-0-0-R9590\"> </a></td><td>Senior Social Worker (Mental Health)</td><td/></tr><tr><td style=\"white-space:nowrap\">R9595<a name=\"UKCore-SDSJobRoleName-1-0-0-R9595\"> </a></td><td>Social Services Care Manager (Mental Health)</td><td/></tr><tr><td style=\"white-space:nowrap\">R9600<a name=\"UKCore-SDSJobRoleName-1-0-0-R9600\"> </a></td><td>Social Work Assistant (Mental Health)</td><td/></tr><tr><td style=\"white-space:nowrap\">R9605<a name=\"UKCore-SDSJobRoleName-1-0-0-R9605\"> </a></td><td>Emergency Duty Social Worker</td><td/></tr><tr><td style=\"white-space:nowrap\">R9615<a name=\"UKCore-SDSJobRoleName-1-0-0-R9615\"> </a></td><td>Social Services Driver</td><td/></tr><tr><td style=\"white-space:nowrap\">R9620<a name=\"UKCore-SDSJobRoleName-1-0-0-R9620\"> </a></td><td>Home Care Organiser</td><td/></tr><tr><td style=\"white-space:nowrap\">R9625<a name=\"UKCore-SDSJobRoleName-1-0-0-R9625\"> </a></td><td>Home Care Administrator</td><td/></tr><tr><td style=\"white-space:nowrap\">R9630<a name=\"UKCore-SDSJobRoleName-1-0-0-R9630\"> </a></td><td>Home Help</td><td/></tr><tr><td style=\"white-space:nowrap\">R9635<a name=\"UKCore-SDSJobRoleName-1-0-0-R9635\"> </a></td><td>Warden</td><td/></tr><tr><td style=\"white-space:nowrap\">R9640<a name=\"UKCore-SDSJobRoleName-1-0-0-R9640\"> </a></td><td>Meals on Wheels Organiser</td><td/></tr><tr><td style=\"white-space:nowrap\">R9645<a name=\"UKCore-SDSJobRoleName-1-0-0-R9645\"> </a></td><td>Meals Delivery</td><td/></tr><tr><td style=\"white-space:nowrap\">R9650<a name=\"UKCore-SDSJobRoleName-1-0-0-R9650\"> </a></td><td>Day Centre Manager</td><td/></tr><tr><td style=\"white-space:nowrap\">R9655<a name=\"UKCore-SDSJobRoleName-1-0-0-R9655\"> </a></td><td>Day Centre Deputy</td><td/></tr><tr><td style=\"white-space:nowrap\">R9660<a name=\"UKCore-SDSJobRoleName-1-0-0-R9660\"> </a></td><td>Day Centre Officer</td><td/></tr><tr><td style=\"white-space:nowrap\">R9665<a name=\"UKCore-SDSJobRoleName-1-0-0-R9665\"> </a></td><td>Day Centre Care Staff</td><td/></tr><tr><td style=\"white-space:nowrap\">R9670<a name=\"UKCore-SDSJobRoleName-1-0-0-R9670\"> </a></td><td>Family Centre Manager</td><td/></tr><tr><td style=\"white-space:nowrap\">R9675<a name=\"UKCore-SDSJobRoleName-1-0-0-R9675\"> </a></td><td>Family Centre Deputy</td><td/></tr><tr><td style=\"white-space:nowrap\">R9680<a name=\"UKCore-SDSJobRoleName-1-0-0-R9680\"> </a></td><td>Family Centre Worker</td><td/></tr><tr><td style=\"white-space:nowrap\">R9685<a name=\"UKCore-SDSJobRoleName-1-0-0-R9685\"> </a></td><td>Nursery Manager</td><td/></tr><tr><td style=\"white-space:nowrap\">R9690<a name=\"UKCore-SDSJobRoleName-1-0-0-R9690\"> </a></td><td>Nursery Deputy</td><td/></tr><tr><td style=\"white-space:nowrap\">R9695<a name=\"UKCore-SDSJobRoleName-1-0-0-R9695\"> </a></td><td>Nursery Worker</td><td/></tr><tr><td style=\"white-space:nowrap\">R9700<a name=\"UKCore-SDSJobRoleName-1-0-0-R9700\"> </a></td><td>Playgroup Leader</td><td/></tr><tr><td style=\"white-space:nowrap\">R9705<a name=\"UKCore-SDSJobRoleName-1-0-0-R9705\"> </a></td><td>Playgroup Assistant</td><td/></tr><tr><td style=\"white-space:nowrap\">R9710<a name=\"UKCore-SDSJobRoleName-1-0-0-R9710\"> </a></td><td>Residential Manager</td><td/></tr><tr><td style=\"white-space:nowrap\">R9715<a name=\"UKCore-SDSJobRoleName-1-0-0-R9715\"> </a></td><td>Residential Deputy</td><td/></tr><tr><td style=\"white-space:nowrap\">R9720<a name=\"UKCore-SDSJobRoleName-1-0-0-R9720\"> </a></td><td>Residential Worker</td><td/></tr><tr><td style=\"white-space:nowrap\">R9725<a name=\"UKCore-SDSJobRoleName-1-0-0-R9725\"> </a></td><td>Residential Care Staff</td><td/></tr><tr><td style=\"white-space:nowrap\">R9730<a name=\"UKCore-SDSJobRoleName-1-0-0-R9730\"> </a></td><td>Intermediate Care Manager</td><td/></tr><tr><td style=\"white-space:nowrap\">R9735<a name=\"UKCore-SDSJobRoleName-1-0-0-R9735\"> </a></td><td>Intermediate Care Deputy</td><td/></tr><tr><td style=\"white-space:nowrap\">R9740<a name=\"UKCore-SDSJobRoleName-1-0-0-R9740\"> </a></td><td>Intermediate Care Worker</td><td/></tr><tr><td style=\"white-space:nowrap\">R9745<a name=\"UKCore-SDSJobRoleName-1-0-0-R9745\"> </a></td><td>Intermediate Care Staff</td><td/></tr><tr><td style=\"white-space:nowrap\">R9750<a name=\"UKCore-SDSJobRoleName-1-0-0-R9750\"> </a></td><td>Social Care SAP User</td><td/></tr><tr><td style=\"white-space:nowrap\">R9755<a name=\"UKCore-SDSJobRoleName-1-0-0-R9755\"> </a></td><td>Social Care SAP Manager</td><td/></tr><tr><td style=\"white-space:nowrap\">R1270<a name=\"UKCore-SDSJobRoleName-1-0-0-R1270\"> </a></td><td>Clinical Director</td><td/></tr><tr><td style=\"white-space:nowrap\">R1280<a name=\"UKCore-SDSJobRoleName-1-0-0-R1280\"> </a></td><td>Optometrist</td><td/></tr><tr><td style=\"white-space:nowrap\">R1290<a name=\"UKCore-SDSJobRoleName-1-0-0-R1290\"> </a></td><td>Pharmacist</td><td/></tr><tr><td style=\"white-space:nowrap\">R1979<a name=\"UKCore-SDSJobRoleName-1-0-0-R1979\"> </a></td><td>Medical Technical Officer - Pharmacy</td><td/></tr><tr><td style=\"white-space:nowrap\">R1300<a name=\"UKCore-SDSJobRoleName-1-0-0-R1300\"> </a></td><td>Psychotherapist</td><td/></tr><tr><td style=\"white-space:nowrap\">R1310<a name=\"UKCore-SDSJobRoleName-1-0-0-R1310\"> </a></td><td>Clinical Psychologist</td><td/></tr><tr><td style=\"white-space:nowrap\">R1320<a name=\"UKCore-SDSJobRoleName-1-0-0-R1320\"> </a></td><td>Chaplain</td><td/></tr><tr><td style=\"white-space:nowrap\">R1330<a name=\"UKCore-SDSJobRoleName-1-0-0-R1330\"> </a></td><td>Social Worker</td><td/></tr><tr><td style=\"white-space:nowrap\">R1340<a name=\"UKCore-SDSJobRoleName-1-0-0-R1340\"> </a></td><td>Approved Social Worker</td><td/></tr><tr><td style=\"white-space:nowrap\">R1350<a name=\"UKCore-SDSJobRoleName-1-0-0-R1350\"> </a></td><td>Youth Worker</td><td/></tr><tr><td style=\"white-space:nowrap\">R1360<a name=\"UKCore-SDSJobRoleName-1-0-0-R1360\"> </a></td><td>Specialist Practitioner</td><td/></tr><tr><td style=\"white-space:nowrap\">R1370<a name=\"UKCore-SDSJobRoleName-1-0-0-R1370\"> </a></td><td>Practitioner</td><td/></tr><tr><td style=\"white-space:nowrap\">R0011<a name=\"UKCore-SDSJobRoleName-1-0-0-R0011\"> </a></td><td>Dispenser</td><td/></tr><tr><td style=\"white-space:nowrap\">R1380<a name=\"UKCore-SDSJobRoleName-1-0-0-R1380\"> </a></td><td>Technician - PS&amp;T</td><td/></tr><tr><td style=\"white-space:nowrap\">R1390<a name=\"UKCore-SDSJobRoleName-1-0-0-R1390\"> </a></td><td>Osteopath</td><td/></tr><tr><td style=\"white-space:nowrap\">R1400<a name=\"UKCore-SDSJobRoleName-1-0-0-R1400\"> </a></td><td>Healthcare Scientist</td><td/></tr><tr><td style=\"white-space:nowrap\">R1410<a name=\"UKCore-SDSJobRoleName-1-0-0-R1410\"> </a></td><td>Consultant Healthcare Scientist</td><td/></tr><tr><td style=\"white-space:nowrap\">R1420<a name=\"UKCore-SDSJobRoleName-1-0-0-R1420\"> </a></td><td>Biomedical Scientist</td><td/></tr><tr><td style=\"white-space:nowrap\">R0019<a name=\"UKCore-SDSJobRoleName-1-0-0-R0019\"> </a></td><td>Medical Technical Officer</td><td/></tr><tr><td style=\"white-space:nowrap\">R1430<a name=\"UKCore-SDSJobRoleName-1-0-0-R1430\"> </a></td><td>Technician - Healthcare Scientists</td><td/></tr><tr><td style=\"white-space:nowrap\">R1440<a name=\"UKCore-SDSJobRoleName-1-0-0-R1440\"> </a></td><td>Therapist</td><td/></tr><tr><td style=\"white-space:nowrap\">R1540<a name=\"UKCore-SDSJobRoleName-1-0-0-R1540\"> </a></td><td>Associate Practitioner</td><td/></tr><tr><td style=\"white-space:nowrap\">R1543<a name=\"UKCore-SDSJobRoleName-1-0-0-R1543\"> </a></td><td>Associate Practitioner - Nurse</td><td/></tr><tr><td style=\"white-space:nowrap\">R1547<a name=\"UKCore-SDSJobRoleName-1-0-0-R1547\"> </a></td><td>Associate Practitioner - General Practitioner</td><td/></tr><tr><td style=\"white-space:nowrap\">R1560<a name=\"UKCore-SDSJobRoleName-1-0-0-R1560\"> </a></td><td>Helper/Assistant</td><td/></tr><tr><td style=\"white-space:nowrap\">R1600<a name=\"UKCore-SDSJobRoleName-1-0-0-R1600\"> </a></td><td>Cytoscreener</td><td/></tr><tr><td style=\"white-space:nowrap\">R1570<a name=\"UKCore-SDSJobRoleName-1-0-0-R1570\"> </a></td><td>Dental Surgery Assistant</td><td/></tr><tr><td style=\"white-space:nowrap\">R1450<a name=\"UKCore-SDSJobRoleName-1-0-0-R1450\"> </a></td><td>Health Care Support Worker</td><td/></tr><tr><td style=\"white-space:nowrap\">R1580<a name=\"UKCore-SDSJobRoleName-1-0-0-R1580\"> </a></td><td>Medical Laboratory Assistant</td><td/></tr><tr><td style=\"white-space:nowrap\">R1550<a name=\"UKCore-SDSJobRoleName-1-0-0-R1550\"> </a></td><td>Counsellor</td><td/></tr><tr><td style=\"white-space:nowrap\">R0002<a name=\"UKCore-SDSJobRoleName-1-0-0-R0002\"> </a></td><td>Porter</td><td/></tr><tr><td style=\"white-space:nowrap\">R1690<a name=\"UKCore-SDSJobRoleName-1-0-0-R1690\"> </a></td><td>Call Operator</td><td/></tr><tr><td style=\"white-space:nowrap\">R1700<a name=\"UKCore-SDSJobRoleName-1-0-0-R1700\"> </a></td><td>Gateway Worker</td><td/></tr><tr><td style=\"white-space:nowrap\">R1710<a name=\"UKCore-SDSJobRoleName-1-0-0-R1710\"> </a></td><td>Support, Time, Recovery Worker</td><td/></tr><tr><td style=\"white-space:nowrap\">R1480<a name=\"UKCore-SDSJobRoleName-1-0-0-R1480\"> </a></td><td>Healthcare Assistant</td><td/></tr><tr><td style=\"white-space:nowrap\">R1490<a name=\"UKCore-SDSJobRoleName-1-0-0-R1490\"> </a></td><td>Nursery Nurse</td><td/></tr><tr><td style=\"white-space:nowrap\">R1590<a name=\"UKCore-SDSJobRoleName-1-0-0-R1590\"> </a></td><td>Phlebotomist</td><td/></tr><tr><td style=\"white-space:nowrap\">R1460<a name=\"UKCore-SDSJobRoleName-1-0-0-R1460\"> </a></td><td>Social Care Support Worker</td><td/></tr><tr><td style=\"white-space:nowrap\">R1470<a name=\"UKCore-SDSJobRoleName-1-0-0-R1470\"> </a></td><td>Home Help</td><td/></tr><tr><td style=\"white-space:nowrap\">R1520<a name=\"UKCore-SDSJobRoleName-1-0-0-R1520\"> </a></td><td>Technician - Additional Clinical Services</td><td/></tr><tr><td style=\"white-space:nowrap\">R1530<a name=\"UKCore-SDSJobRoleName-1-0-0-R1530\"> </a></td><td>Technical Instructor</td><td/></tr><tr><td style=\"white-space:nowrap\">R1980<a name=\"UKCore-SDSJobRoleName-1-0-0-R1980\"> </a></td><td>Patient Welfare Officer</td><td/></tr><tr><td style=\"white-space:nowrap\">R1500<a name=\"UKCore-SDSJobRoleName-1-0-0-R1500\"> </a></td><td>Play Therapist</td><td/></tr><tr><td style=\"white-space:nowrap\">R1510<a name=\"UKCore-SDSJobRoleName-1-0-0-R1510\"> </a></td><td>Play Specialist</td><td/></tr><tr><td style=\"white-space:nowrap\">R1610<a name=\"UKCore-SDSJobRoleName-1-0-0-R1610\"> </a></td><td>Student Technician</td><td/></tr><tr><td style=\"white-space:nowrap\">R1620<a name=\"UKCore-SDSJobRoleName-1-0-0-R1620\"> </a></td><td>Trainee Scientist</td><td/></tr><tr><td style=\"white-space:nowrap\">R1630<a name=\"UKCore-SDSJobRoleName-1-0-0-R1630\"> </a></td><td>Trainee Practitioner</td><td/></tr><tr><td style=\"white-space:nowrap\">R1640<a name=\"UKCore-SDSJobRoleName-1-0-0-R1640\"> </a></td><td>Nursing Cadet</td><td/></tr><tr><td style=\"white-space:nowrap\">R1650<a name=\"UKCore-SDSJobRoleName-1-0-0-R1650\"> </a></td><td>Healthcare Cadet</td><td/></tr><tr><td style=\"white-space:nowrap\">R1660<a name=\"UKCore-SDSJobRoleName-1-0-0-R1660\"> </a></td><td>Pre-reg Pharmacist</td><td/></tr><tr><td style=\"white-space:nowrap\">R1670<a name=\"UKCore-SDSJobRoleName-1-0-0-R1670\"> </a></td><td>Assistant Psychologist</td><td/></tr><tr><td style=\"white-space:nowrap\">R1680<a name=\"UKCore-SDSJobRoleName-1-0-0-R1680\"> </a></td><td>Assistant Psychotherapist</td><td/></tr><tr><td style=\"white-space:nowrap\">R0007<a name=\"UKCore-SDSJobRoleName-1-0-0-R0007\"> </a></td><td>ERS SDS Organisation Reporting Analyst</td><td/></tr><tr><td style=\"white-space:nowrap\">R0008<a name=\"UKCore-SDSJobRoleName-1-0-0-R0008\"> </a></td><td>Demographic Supervisor</td><td/></tr><tr><td style=\"white-space:nowrap\">R0021<a name=\"UKCore-SDSJobRoleName-1-0-0-R0021\"> </a></td><td>DSA NHS Number Manager (Temporary)</td><td/></tr><tr><td style=\"white-space:nowrap\">R0022<a name=\"UKCore-SDSJobRoleName-1-0-0-R0022\"> </a></td><td>DSA National Clinical Supervisor (Temporary)</td><td/></tr><tr><td style=\"white-space:nowrap\">R0023<a name=\"UKCore-SDSJobRoleName-1-0-0-R0023\"> </a></td><td>DSA National Clinical Administrator (Temporary)</td><td/></tr><tr><td style=\"white-space:nowrap\">R1720<a name=\"UKCore-SDSJobRoleName-1-0-0-R1720\"> </a></td><td>Clerical Worker</td><td/></tr><tr><td style=\"white-space:nowrap\">R1730<a name=\"UKCore-SDSJobRoleName-1-0-0-R1730\"> </a></td><td>Receptionist</td><td/></tr><tr><td style=\"white-space:nowrap\">R1740<a name=\"UKCore-SDSJobRoleName-1-0-0-R1740\"> </a></td><td>Secretary</td><td/></tr><tr><td style=\"white-space:nowrap\">R1750<a name=\"UKCore-SDSJobRoleName-1-0-0-R1750\"> </a></td><td>Personal Assistant</td><td/></tr><tr><td style=\"white-space:nowrap\">R1751<a name=\"UKCore-SDSJobRoleName-1-0-0-R1751\"> </a></td><td>Demographic Administrator (Sensitive Records) Temporary</td><td/></tr><tr><td style=\"white-space:nowrap\">R1760<a name=\"UKCore-SDSJobRoleName-1-0-0-R1760\"> </a></td><td>Medical Secretary</td><td/></tr><tr><td style=\"white-space:nowrap\">R1770<a name=\"UKCore-SDSJobRoleName-1-0-0-R1770\"> </a></td><td>Officer</td><td/></tr><tr><td style=\"white-space:nowrap\">R1971<a name=\"UKCore-SDSJobRoleName-1-0-0-R1971\"> </a></td><td>Map of Medicine Administrator</td><td/></tr><tr><td style=\"white-space:nowrap\">R1973<a name=\"UKCore-SDSJobRoleName-1-0-0-R1973\"> </a></td><td>Community Administrator</td><td/></tr><tr><td style=\"white-space:nowrap\">R1977<a name=\"UKCore-SDSJobRoleName-1-0-0-R1977\"> </a></td><td>ECC/CPA Administrator</td><td/></tr><tr><td style=\"white-space:nowrap\">R1978<a name=\"UKCore-SDSJobRoleName-1-0-0-R1978\"> </a></td><td>Information Officer</td><td/></tr><tr><td style=\"white-space:nowrap\">R1985<a name=\"UKCore-SDSJobRoleName-1-0-0-R1985\"> </a></td><td>Health Records Clerk</td><td/></tr><tr><td style=\"white-space:nowrap\">R1995<a name=\"UKCore-SDSJobRoleName-1-0-0-R1995\"> </a></td><td>End Point Approver</td><td/></tr><tr><td style=\"white-space:nowrap\">R5010<a name=\"UKCore-SDSJobRoleName-1-0-0-R5010\"> </a></td><td>Network Technician</td><td/></tr><tr><td style=\"white-space:nowrap\">R5040<a name=\"UKCore-SDSJobRoleName-1-0-0-R5040\"> </a></td><td>Desktop Support Administrator</td><td/></tr><tr><td style=\"white-space:nowrap\">R5090<a name=\"UKCore-SDSJobRoleName-1-0-0-R5090\"> </a></td><td>Registration Authority Agent</td><td/></tr><tr><td style=\"white-space:nowrap\">R5110<a name=\"UKCore-SDSJobRoleName-1-0-0-R5110\"> </a></td><td>Demographic Administrator</td><td/></tr><tr><td style=\"white-space:nowrap\">R5120<a name=\"UKCore-SDSJobRoleName-1-0-0-R5120\"> </a></td><td>ISP Administrator</td><td/></tr><tr><td style=\"white-space:nowrap\">R5130<a name=\"UKCore-SDSJobRoleName-1-0-0-R5130\"> </a></td><td>Technical Codes Administrator</td><td/></tr><tr><td style=\"white-space:nowrap\">R5140<a name=\"UKCore-SDSJobRoleName-1-0-0-R5140\"> </a></td><td>OSS Administrator</td><td/></tr><tr><td style=\"white-space:nowrap\">R5170<a name=\"UKCore-SDSJobRoleName-1-0-0-R5170\"> </a></td><td>End Point Administrator</td><td/></tr><tr><td style=\"white-space:nowrap\">R5175<a name=\"UKCore-SDSJobRoleName-1-0-0-R5175\"> </a></td><td>End Point Viewer</td><td/></tr><tr><td style=\"white-space:nowrap\">R5181<a name=\"UKCore-SDSJobRoleName-1-0-0-R5181\"> </a></td><td>RTS Dashboard User</td><td/></tr><tr><td style=\"white-space:nowrap\">R5183<a name=\"UKCore-SDSJobRoleName-1-0-0-R5183\"> </a></td><td>RTS BT Dashboard User</td><td/></tr><tr><td style=\"white-space:nowrap\">R5186<a name=\"UKCore-SDSJobRoleName-1-0-0-R5186\"> </a></td><td>ERS BT Customer SLA User</td><td/></tr><tr><td style=\"white-space:nowrap\">R5188<a name=\"UKCore-SDSJobRoleName-1-0-0-R5188\"> </a></td><td>ERS BT Supplier SLA User</td><td/></tr><tr><td style=\"white-space:nowrap\">R5189<a name=\"UKCore-SDSJobRoleName-1-0-0-R5189\"> </a></td><td>ERS LogicaCMG SLA User</td><td/></tr><tr><td style=\"white-space:nowrap\">R5190<a name=\"UKCore-SDSJobRoleName-1-0-0-R5190\"> </a></td><td>Content Creator</td><td/></tr><tr><td style=\"white-space:nowrap\">R5195<a name=\"UKCore-SDSJobRoleName-1-0-0-R5195\"> </a></td><td>Content Publisher</td><td/></tr><tr><td style=\"white-space:nowrap\">R5210<a name=\"UKCore-SDSJobRoleName-1-0-0-R5210\"> </a></td><td>User Details Administrator</td><td/></tr><tr><td style=\"white-space:nowrap\">R5250<a name=\"UKCore-SDSJobRoleName-1-0-0-R5250\"> </a></td><td>EBS Administrator</td><td/></tr><tr><td style=\"white-space:nowrap\">R6010<a name=\"UKCore-SDSJobRoleName-1-0-0-R6010\"> </a></td><td>Appointments Clerk</td><td/></tr><tr><td style=\"white-space:nowrap\">R6030<a name=\"UKCore-SDSJobRoleName-1-0-0-R6030\"> </a></td><td>Ward Clerk</td><td/></tr><tr><td style=\"white-space:nowrap\">R6050<a name=\"UKCore-SDSJobRoleName-1-0-0-R6050\"> </a></td><td>Clinical Coder</td><td/></tr><tr><td style=\"white-space:nowrap\">R6060<a name=\"UKCore-SDSJobRoleName-1-0-0-R6060\"> </a></td><td>Medical Records Clerk</td><td/></tr><tr><td style=\"white-space:nowrap\">R6080<a name=\"UKCore-SDSJobRoleName-1-0-0-R6080\"> </a></td><td>Waiting List Clerk</td><td/></tr><tr><td style=\"white-space:nowrap\">R7100<a name=\"UKCore-SDSJobRoleName-1-0-0-R7100\"> </a></td><td>Trainer</td><td/></tr><tr><td style=\"white-space:nowrap\">R7110<a name=\"UKCore-SDSJobRoleName-1-0-0-R7110\"> </a></td><td>Training Manager</td><td/></tr><tr><td style=\"white-space:nowrap\">R7120<a name=\"UKCore-SDSJobRoleName-1-0-0-R7120\"> </a></td><td>Directory of Services Coordinator</td><td/></tr><tr><td style=\"white-space:nowrap\">R9756<a name=\"UKCore-SDSJobRoleName-1-0-0-R9756\"> </a></td><td>ETP System Administrator</td><td/></tr><tr><td style=\"white-space:nowrap\">R1780<a name=\"UKCore-SDSJobRoleName-1-0-0-R1780\"> </a></td><td>Manager</td><td/></tr><tr><td style=\"white-space:nowrap\">R1790<a name=\"UKCore-SDSJobRoleName-1-0-0-R1790\"> </a></td><td>Senior Manager</td><td/></tr><tr><td style=\"white-space:nowrap\">R1910<a name=\"UKCore-SDSJobRoleName-1-0-0-R1910\"> </a></td><td>Chair</td><td/></tr><tr><td style=\"white-space:nowrap\">R1920<a name=\"UKCore-SDSJobRoleName-1-0-0-R1920\"> </a></td><td>Chief Executive</td><td/></tr><tr><td style=\"white-space:nowrap\">R1930<a name=\"UKCore-SDSJobRoleName-1-0-0-R1930\"> </a></td><td>Finance Director</td><td/></tr><tr><td style=\"white-space:nowrap\">R1940<a name=\"UKCore-SDSJobRoleName-1-0-0-R1940\"> </a></td><td>Other Executive Director</td><td/></tr><tr><td style=\"white-space:nowrap\">R1950<a name=\"UKCore-SDSJobRoleName-1-0-0-R1950\"> </a></td><td>Board Level Director</td><td/></tr><tr><td style=\"white-space:nowrap\">R1960<a name=\"UKCore-SDSJobRoleName-1-0-0-R1960\"> </a></td><td>Non Executive Director</td><td/></tr><tr><td style=\"white-space:nowrap\">R1970<a name=\"UKCore-SDSJobRoleName-1-0-0-R1970\"> </a></td><td>Childcare Co-ordinator</td><td/></tr><tr><td style=\"white-space:nowrap\">R1982<a name=\"UKCore-SDSJobRoleName-1-0-0-R1982\"> </a></td><td>Senior Administrator</td><td/></tr><tr><td style=\"white-space:nowrap\">R1983<a name=\"UKCore-SDSJobRoleName-1-0-0-R1983\"> </a></td><td>Ward Manager</td><td/></tr><tr><td style=\"white-space:nowrap\">R1986<a name=\"UKCore-SDSJobRoleName-1-0-0-R1986\"> </a></td><td>Workgroup Administrator</td><td/></tr><tr><td style=\"white-space:nowrap\">R1987<a name=\"UKCore-SDSJobRoleName-1-0-0-R1987\"> </a></td><td>National RBAC Attribute Administrator</td><td/></tr><tr><td style=\"white-space:nowrap\">R1988<a name=\"UKCore-SDSJobRoleName-1-0-0-R1988\"> </a></td><td>National RBAC Baseline Policy Administrator</td><td/></tr><tr><td style=\"white-space:nowrap\">R1989<a name=\"UKCore-SDSJobRoleName-1-0-0-R1989\"> </a></td><td>Complaints Coordinator</td><td/></tr><tr><td style=\"white-space:nowrap\">R1990<a name=\"UKCore-SDSJobRoleName-1-0-0-R1990\"> </a></td><td>Complaints Investigator</td><td/></tr><tr><td style=\"white-space:nowrap\">R1996<a name=\"UKCore-SDSJobRoleName-1-0-0-R1996\"> </a></td><td>End Point DNS Administrator</td><td/></tr><tr><td style=\"white-space:nowrap\">R1997<a name=\"UKCore-SDSJobRoleName-1-0-0-R1997\"> </a></td><td>End Point Spine Administrator</td><td/></tr><tr><td style=\"white-space:nowrap\">R1998<a name=\"UKCore-SDSJobRoleName-1-0-0-R1998\"> </a></td><td>End Point Super User</td><td/></tr><tr><td style=\"white-space:nowrap\">R1999<a name=\"UKCore-SDSJobRoleName-1-0-0-R1999\"> </a></td><td>End Point Service Administrator</td><td/></tr><tr><td style=\"white-space:nowrap\">R5000<a name=\"UKCore-SDSJobRoleName-1-0-0-R5000\"> </a></td><td>Network Administrator</td><td/></tr><tr><td style=\"white-space:nowrap\">R5003<a name=\"UKCore-SDSJobRoleName-1-0-0-R5003\"> </a></td><td>Cluster System Administrator</td><td/></tr><tr><td style=\"white-space:nowrap\">R5007<a name=\"UKCore-SDSJobRoleName-1-0-0-R5007\"> </a></td><td>System Administrator</td><td/></tr><tr><td style=\"white-space:nowrap\">R5020<a name=\"UKCore-SDSJobRoleName-1-0-0-R5020\"> </a></td><td>Helpdesk Administrator</td><td/></tr><tr><td style=\"white-space:nowrap\">R5060<a name=\"UKCore-SDSJobRoleName-1-0-0-R5060\"> </a></td><td>Security Policy Controller</td><td/></tr><tr><td style=\"white-space:nowrap\">R5070<a name=\"UKCore-SDSJobRoleName-1-0-0-R5070\"> </a></td><td>Senior Security Manager</td><td/></tr><tr><td style=\"white-space:nowrap\">R5072<a name=\"UKCore-SDSJobRoleName-1-0-0-R5072\"> </a></td><td>Root Registration Authority Manager</td><td/></tr><tr><td style=\"white-space:nowrap\">R5080<a name=\"UKCore-SDSJobRoleName-1-0-0-R5080\"> </a></td><td>Registration Authority Manager</td><td/></tr><tr><td style=\"white-space:nowrap\">R5100<a name=\"UKCore-SDSJobRoleName-1-0-0-R5100\"> </a></td><td>Audit Manager</td><td/></tr><tr><td style=\"white-space:nowrap\">R5105<a name=\"UKCore-SDSJobRoleName-1-0-0-R5105\"> </a></td><td>Caldicott Guardian</td><td/></tr><tr><td style=\"white-space:nowrap\">R5180<a name=\"UKCore-SDSJobRoleName-1-0-0-R5180\"> </a></td><td>NASP Service Manager</td><td/></tr><tr><td style=\"white-space:nowrap\">R5182<a name=\"UKCore-SDSJobRoleName-1-0-0-R5182\"> </a></td><td>ERS ETP System Administrator</td><td/></tr><tr><td style=\"white-space:nowrap\">R5184<a name=\"UKCore-SDSJobRoleName-1-0-0-R5184\"> </a></td><td>ERS Spine SLA Manager</td><td/></tr><tr><td style=\"white-space:nowrap\">R5185<a name=\"UKCore-SDSJobRoleName-1-0-0-R5185\"> </a></td><td>ERS BT Customer SLA Manager</td><td/></tr><tr><td style=\"white-space:nowrap\">R5187<a name=\"UKCore-SDSJobRoleName-1-0-0-R5187\"> </a></td><td>ERS BT Supplier SLA Manager</td><td/></tr><tr><td style=\"white-space:nowrap\">R5191<a name=\"UKCore-SDSJobRoleName-1-0-0-R5191\"> </a></td><td>ERS Support Administrator</td><td/></tr><tr><td style=\"white-space:nowrap\">R5192<a name=\"UKCore-SDSJobRoleName-1-0-0-R5192\"> </a></td><td>ECS Administrator</td><td/></tr><tr><td style=\"white-space:nowrap\">R5300<a name=\"UKCore-SDSJobRoleName-1-0-0-R5300\"> </a></td><td>Portal Administrator</td><td/></tr><tr><td style=\"white-space:nowrap\">R5310<a name=\"UKCore-SDSJobRoleName-1-0-0-R5310\"> </a></td><td>LiquidLogic Administrator</td><td/></tr><tr><td style=\"white-space:nowrap\">R5320<a name=\"UKCore-SDSJobRoleName-1-0-0-R5320\"> </a></td><td>i.EPR Administrator</td><td/></tr><tr><td style=\"white-space:nowrap\">R5330<a name=\"UKCore-SDSJobRoleName-1-0-0-R5330\"> </a></td><td>Synergy Administrator</td><td/></tr><tr><td style=\"white-space:nowrap\">R5340<a name=\"UKCore-SDSJobRoleName-1-0-0-R5340\"> </a></td><td>SystmOne Administrator</td><td/></tr><tr><td style=\"white-space:nowrap\">R6020<a name=\"UKCore-SDSJobRoleName-1-0-0-R6020\"> </a></td><td>Outpatient Manager</td><td/></tr><tr><td style=\"white-space:nowrap\">R6040<a name=\"UKCore-SDSJobRoleName-1-0-0-R6040\"> </a></td><td>Bed Manager</td><td/></tr><tr><td style=\"white-space:nowrap\">R6070<a name=\"UKCore-SDSJobRoleName-1-0-0-R6070\"> </a></td><td>Medical Records Manager</td><td/></tr><tr><td style=\"white-space:nowrap\">R6090<a name=\"UKCore-SDSJobRoleName-1-0-0-R6090\"> </a></td><td>Waiting List Manager</td><td/></tr><tr><td style=\"white-space:nowrap\">R6100<a name=\"UKCore-SDSJobRoleName-1-0-0-R6100\"> </a></td><td>Mental Health Act Administrator</td><td/></tr><tr><td style=\"white-space:nowrap\">R6160<a name=\"UKCore-SDSJobRoleName-1-0-0-R6160\"> </a></td><td>Ad-hoc Report Manager</td><td/></tr><tr><td style=\"white-space:nowrap\">R7130<a name=\"UKCore-SDSJobRoleName-1-0-0-R7130\"> </a></td><td>PAS Manager</td><td/></tr><tr><td style=\"white-space:nowrap\">R1800<a name=\"UKCore-SDSJobRoleName-1-0-0-R1800\"> </a></td><td>Technician - Admin &amp; Clerical</td><td/></tr><tr><td style=\"white-space:nowrap\">R1810<a name=\"UKCore-SDSJobRoleName-1-0-0-R1810\"> </a></td><td>Accountant</td><td/></tr><tr><td style=\"white-space:nowrap\">R1820<a name=\"UKCore-SDSJobRoleName-1-0-0-R1820\"> </a></td><td>Librarian</td><td/></tr><tr><td style=\"white-space:nowrap\">R1830<a name=\"UKCore-SDSJobRoleName-1-0-0-R1830\"> </a></td><td>Interpreter</td><td/></tr><tr><td style=\"white-space:nowrap\">R1840<a name=\"UKCore-SDSJobRoleName-1-0-0-R1840\"> </a></td><td>Analyst</td><td/></tr><tr><td style=\"white-space:nowrap\">R1850<a name=\"UKCore-SDSJobRoleName-1-0-0-R1850\"> </a></td><td>Adviser</td><td/></tr><tr><td style=\"white-space:nowrap\">R1860<a name=\"UKCore-SDSJobRoleName-1-0-0-R1860\"> </a></td><td>Researcher</td><td/></tr><tr><td style=\"white-space:nowrap\">R1870<a name=\"UKCore-SDSJobRoleName-1-0-0-R1870\"> </a></td><td>Control Assistant</td><td/></tr><tr><td style=\"white-space:nowrap\">R1880<a name=\"UKCore-SDSJobRoleName-1-0-0-R1880\"> </a></td><td>Architect</td><td/></tr><tr><td style=\"white-space:nowrap\">R1890<a name=\"UKCore-SDSJobRoleName-1-0-0-R1890\"> </a></td><td>Lawyer</td><td/></tr><tr><td style=\"white-space:nowrap\">R1900<a name=\"UKCore-SDSJobRoleName-1-0-0-R1900\"> </a></td><td>Surveyor</td><td/></tr><tr><td style=\"white-space:nowrap\">R5030<a name=\"UKCore-SDSJobRoleName-1-0-0-R5030\"> </a></td><td>Helpdesk Technician</td><td/></tr><tr><td style=\"white-space:nowrap\">R5050<a name=\"UKCore-SDSJobRoleName-1-0-0-R5050\"> </a></td><td>Desktop Support Technician</td><td/></tr><tr><td style=\"white-space:nowrap\">R5150<a name=\"UKCore-SDSJobRoleName-1-0-0-R5150\"> </a></td><td>System Worker</td><td/></tr><tr><td style=\"white-space:nowrap\">R5400<a name=\"UKCore-SDSJobRoleName-1-0-0-R5400\"> </a></td><td>Availability  Monitor</td><td/></tr><tr><td style=\"white-space:nowrap\">R8000<a name=\"UKCore-SDSJobRoleName-1-0-0-R8000\"> </a></td><td>Clinical Practitioner Access Role</td><td/></tr><tr><td style=\"white-space:nowrap\">R8001<a name=\"UKCore-SDSJobRoleName-1-0-0-R8001\"> </a></td><td>Nurse Access Role</td><td/></tr><tr><td style=\"white-space:nowrap\">R8002<a name=\"UKCore-SDSJobRoleName-1-0-0-R8002\"> </a></td><td>Nurse Manager Access Role</td><td/></tr><tr><td style=\"white-space:nowrap\">R8003<a name=\"UKCore-SDSJobRoleName-1-0-0-R8003\"> </a></td><td>Health Professional Access Role</td><td/></tr><tr><td style=\"white-space:nowrap\">R8004<a name=\"UKCore-SDSJobRoleName-1-0-0-R8004\"> </a></td><td>Healthcare Student Access Role</td><td/></tr><tr><td style=\"white-space:nowrap\">R8016<a name=\"UKCore-SDSJobRoleName-1-0-0-R8016\"> </a></td><td>Midwife Access Role</td><td/></tr><tr><td style=\"white-space:nowrap\">R8017<a name=\"UKCore-SDSJobRoleName-1-0-0-R8017\"> </a></td><td>Midwife Manager Access Role</td><td/></tr><tr><td style=\"white-space:nowrap\">R8024<a name=\"UKCore-SDSJobRoleName-1-0-0-R8024\"> </a></td><td>Bank Access Role</td><td/></tr><tr><td style=\"white-space:nowrap\">R8005<a name=\"UKCore-SDSJobRoleName-1-0-0-R8005\"> </a></td><td>Biomedical Scientist Access Role</td><td/></tr><tr><td style=\"white-space:nowrap\">R8006<a name=\"UKCore-SDSJobRoleName-1-0-0-R8006\"> </a></td><td>Medical Secretary Access Role</td><td/></tr><tr><td style=\"white-space:nowrap\">R8007<a name=\"UKCore-SDSJobRoleName-1-0-0-R8007\"> </a></td><td>Clinical Coder Access Role</td><td/></tr><tr><td style=\"white-space:nowrap\">R8008<a name=\"UKCore-SDSJobRoleName-1-0-0-R8008\"> </a></td><td>Admin/Clinical Support Access Role</td><td/></tr><tr><td style=\"white-space:nowrap\">R8015<a name=\"UKCore-SDSJobRoleName-1-0-0-R8015\"> </a></td><td>Systems Support Access Role</td><td/></tr><tr><td style=\"white-space:nowrap\">R0001<a name=\"UKCore-SDSJobRoleName-1-0-0-R0001\"> </a></td><td>Privacy Officer</td><td/></tr><tr><td style=\"white-space:nowrap\">R8009<a name=\"UKCore-SDSJobRoleName-1-0-0-R8009\"> </a></td><td>Receptionist Access Role</td><td/></tr><tr><td style=\"white-space:nowrap\">R8010<a name=\"UKCore-SDSJobRoleName-1-0-0-R8010\"> </a></td><td>Clerical Access Role</td><td/></tr><tr><td style=\"white-space:nowrap\">R8011<a name=\"UKCore-SDSJobRoleName-1-0-0-R8011\"> </a></td><td>Clerical Manager Access Role</td><td/></tr><tr><td style=\"white-space:nowrap\">R8012<a name=\"UKCore-SDSJobRoleName-1-0-0-R8012\"> </a></td><td>Information Officer Access Role</td><td/></tr><tr><td style=\"white-space:nowrap\">R8013<a name=\"UKCore-SDSJobRoleName-1-0-0-R8013\"> </a></td><td>Health Records Manager Access Role</td><td/></tr><tr><td style=\"white-space:nowrap\">R8014<a name=\"UKCore-SDSJobRoleName-1-0-0-R8014\"> </a></td><td>Social Worker Access Role</td><td/></tr></table></div>"
  },
  "url": "https://fhir.nhs.uk/R4/CodeSystem/UKCore-SDSJobRoleName-1-0-0",
  "version": "1.0.0",
  "name": "UKCoreSDSJobRoleName",
  "title": "UK Core SDS Job Role Name",
  "status": "draft",
  "date": "2019-10-31T00:00:00+00:00",
  "publisher": "NHS Digital",
  "contact": [
    {
      "name": "Interoperability Team",
      "telecom": [
        {
          "system": "email",
          "value": "interoperabilityteam@nhs.net",
          "use": "work"
        }
      ]
    }
  ],
  "description": "A CodeSystem that identifies the job role associated with the person on the smart card. This consists of a set of Role Based Access Control (RBAC) codes. This code list is externally maintained.",
  "copyright": "Copyright © 2019 NHS Digital",
  "caseSensitive": true,
  "content": "complete",
  "concept": [
    {
      "code": "R0010",
      "display": "Medical Director"
    },
    {
      "code": "R0020",
      "display": "Clinical Director - Medical"
    },
    {
      "code": "R0210",
      "display": "Director of Public Health"
    },
    {
      "code": "R0030",
      "display": "Professor"
    },
    {
      "code": "R0040",
      "display": "Senior Lecturer"
    },
    {
      "code": "R0050",
      "display": "Consultant"
    },
    {
      "code": "R0060",
      "display": "Special Salary Scale in Public Health Medicine"
    },
    {
      "code": "R0070",
      "display": "Associate Specialist"
    },
    {
      "code": "R0080",
      "display": "Staff Grade"
    },
    {
      "code": "R0090",
      "display": "Hospital Practitioner"
    },
    {
      "code": "R0100",
      "display": "Clinical Assistant"
    },
    {
      "code": "R0110",
      "display": "Specialist Registrar"
    },
    {
      "code": "R0120",
      "display": "Senior Registrar (Closed)"
    },
    {
      "code": "R0130",
      "display": "Registrar (Closed)"
    },
    {
      "code": "R0140",
      "display": "Senior House Officer"
    },
    {
      "code": "R0150",
      "display": "House Officer - Pre Registration"
    },
    {
      "code": "R0160",
      "display": "House Officer - Post Registration"
    },
    {
      "code": "R0170",
      "display": "Trust Grade Doctor - House Officer level"
    },
    {
      "code": "R0180",
      "display": "Trust Grade Doctor - SHO level"
    },
    {
      "code": "R0190",
      "display": "Trust Grade Doctor - Specialist Registrar level"
    },
    {
      "code": "R0200",
      "display": "Trust Grade Doctor - Career Grade level"
    },
    {
      "code": "R0260",
      "display": "General Medical Practitioner"
    },
    {
      "code": "R0270",
      "display": "Salaried General Practitioner"
    },
    {
      "code": "R1981",
      "display": "Psychiatrist"
    },
    {
      "code": "R1984",
      "display": "Health Records Administrator"
    },
    {
      "code": "R6200",
      "display": "GP Registrar"
    },
    {
      "code": "R6300",
      "display": "Sessional GP"
    },
    {
      "code": "R7140",
      "display": "ODP"
    },
    {
      "code": "R7150",
      "display": "SODP"
    },
    {
      "code": "R9100",
      "display": "A&E Staff Nurse (Temporary)  London Cluster Only"
    },
    {
      "code": "R9101",
      "display": "A&E Manager (Temporary) London Cluster Only"
    },
    {
      "code": "R9102",
      "display": "A&E Doctor  (Temporary) London Cluster only"
    },
    {
      "code": "R9103",
      "display": "A&E Student (Temporary) London Cluster Only"
    },
    {
      "code": "R9104",
      "display": "A&E Clerk (Temporary) London Cluster Only"
    },
    {
      "code": "R0215",
      "display": "Assistant Clinical Medical Officer"
    },
    {
      "code": "R0220",
      "display": "Clinical Medical Officer"
    },
    {
      "code": "R0230",
      "display": "Senior Clinical Medical Officer"
    },
    {
      "code": "R0240",
      "display": "Other Community Health Service"
    },
    {
      "code": "R0243",
      "display": "Other Community Health Service - Social Care Worker"
    },
    {
      "code": "R0247",
      "display": "Other Community Health Service - Admin Clerk"
    },
    {
      "code": "R0055",
      "display": "Dental Surgeon acting as Hospital Consultant"
    },
    {
      "code": "R0250",
      "display": "General Dental Practitioner"
    },
    {
      "code": "R0280",
      "display": "Regional Dental Officer"
    },
    {
      "code": "R0290",
      "display": "Dental Clinical Director - Dental"
    },
    {
      "code": "R0295",
      "display": "Dental Assistant Clinical Director"
    },
    {
      "code": "R0300",
      "display": "Dental Officer"
    },
    {
      "code": "R0310",
      "display": "Senior Dental Officer"
    },
    {
      "code": "R0320",
      "display": "Salaried Dental Practitioner"
    },
    {
      "code": "R0006",
      "display": "Student Community Practitioner"
    },
    {
      "code": "R0330",
      "display": "Student Nurse - Adult Branch"
    },
    {
      "code": "R0340",
      "display": "Student Nurse - Child Branch"
    },
    {
      "code": "R0350",
      "display": "Student Nurse - Mental Health Branch"
    },
    {
      "code": "R0360",
      "display": "Student Nurse - Learning Disabilities Branch"
    },
    {
      "code": "R0370",
      "display": "Student Midwife"
    },
    {
      "code": "R0380",
      "display": "Student Health Visitor"
    },
    {
      "code": "R0390",
      "display": "Student District Nurse"
    },
    {
      "code": "R0400",
      "display": "Student School Nurse"
    },
    {
      "code": "R0410",
      "display": "Student Practice Nurse"
    },
    {
      "code": "R0420",
      "display": "Student Occupational Health Nurse"
    },
    {
      "code": "R0430",
      "display": "Student Community Paediatric Nurse"
    },
    {
      "code": "R0440",
      "display": "Student Community Mental Health Nurse"
    },
    {
      "code": "R0450",
      "display": "Student Community Learning Disabilities Nurse"
    },
    {
      "code": "R0460",
      "display": "Student Chiropodist"
    },
    {
      "code": "R0470",
      "display": "Student Dietitian"
    },
    {
      "code": "R0480",
      "display": "Student Occupational Therapist"
    },
    {
      "code": "R0490",
      "display": "Student Orthoptist"
    },
    {
      "code": "R0500",
      "display": "Student Physiotherapist"
    },
    {
      "code": "R0510",
      "display": "Student Radiographer - Diagnostic"
    },
    {
      "code": "R0520",
      "display": "Student Radiographer - Therapeutic"
    },
    {
      "code": "R0530",
      "display": "Student Speech & Language Therapist"
    },
    {
      "code": "R0540",
      "display": "Art, Music & Drama Student"
    },
    {
      "code": "R0550",
      "display": "Student Psychotherapist"
    },
    {
      "code": "R6400",
      "display": "Medical Student"
    },
    {
      "code": "R0560",
      "display": "Director of Nursing"
    },
    {
      "code": "R0580",
      "display": "Nurse Manager"
    },
    {
      "code": "R0610",
      "display": "Sister/Charge Nurse"
    },
    {
      "code": "R1976",
      "display": "Community Team Manager"
    },
    {
      "code": "R0570",
      "display": "Nurse Consultant"
    },
    {
      "code": "R0600",
      "display": "Specialist Nurse Practitioner"
    },
    {
      "code": "R0620",
      "display": "Staff Nurse"
    },
    {
      "code": "R0630",
      "display": "Enrolled Nurse"
    },
    {
      "code": "R0690",
      "display": "Community Practitioner"
    },
    {
      "code": "R0700",
      "display": "Community Nurse"
    },
    {
      "code": "R1974",
      "display": "Community Learning Disabilities Nurse"
    },
    {
      "code": "R1975",
      "display": "Community Mental Health Nurse"
    },
    {
      "code": "R0590",
      "display": "Modern Matron"
    },
    {
      "code": "R1972",
      "display": "Clinical Team Manager"
    },
    {
      "code": "R0640",
      "display": "Midwife - Consultant"
    },
    {
      "code": "R0650",
      "display": "Midwife - Specialist Practitioner"
    },
    {
      "code": "R0660",
      "display": "Midwife - Manager"
    },
    {
      "code": "R0670",
      "display": "Midwife - Sister/Charge Nurse"
    },
    {
      "code": "R0680",
      "display": "Midwife"
    },
    {
      "code": "R0018",
      "display": "Audiologist"
    },
    {
      "code": "R0750",
      "display": "Chiropodist/Podiatrist"
    },
    {
      "code": "R0760",
      "display": "Chiropodist/Podiatrist Consultant"
    },
    {
      "code": "R0770",
      "display": "Chiropodist/Podiatrist Manager"
    },
    {
      "code": "R0780",
      "display": "Chiropodist/Podiatrist Specialist Practitioner"
    },
    {
      "code": "R0790",
      "display": "Dietitian"
    },
    {
      "code": "R0800",
      "display": "Dietitian Consultant"
    },
    {
      "code": "R0810",
      "display": "Dietitian Manager"
    },
    {
      "code": "R0820",
      "display": "Dietitian Specialist Practitioner"
    },
    {
      "code": "R0950",
      "display": "Occupational Therapist"
    },
    {
      "code": "R0960",
      "display": "Occupational Therapist Consultant"
    },
    {
      "code": "R0970",
      "display": "Occupational Therapist Manager"
    },
    {
      "code": "R0980",
      "display": "Occupational Therapy Specialist Practitioner"
    },
    {
      "code": "R0990",
      "display": "Orthoptist"
    },
    {
      "code": "R1000",
      "display": "Orthoptist Consultant"
    },
    {
      "code": "R1010",
      "display": "Orthoptist Manager"
    },
    {
      "code": "R1020",
      "display": "Orthoptist Specialist Practitioner"
    },
    {
      "code": "R1110",
      "display": "Physiotherapist"
    },
    {
      "code": "R1120",
      "display": "Physiotherapist Consultant"
    },
    {
      "code": "R1130",
      "display": "Physiotherapist Manager"
    },
    {
      "code": "R1140",
      "display": "Physiotherapist Specialist Practitioner"
    },
    {
      "code": "R1070",
      "display": "Paramedic"
    },
    {
      "code": "R1080",
      "display": "Paramedic Consultant"
    },
    {
      "code": "R1090",
      "display": "Paramedic Manager"
    },
    {
      "code": "R1100",
      "display": "Paramedic Specialist Practitioner"
    },
    {
      "code": "R0003",
      "display": "Clinical Application Administrator"
    },
    {
      "code": "R0012",
      "display": "Radiographer"
    },
    {
      "code": "R0013",
      "display": "Student Radiographer"
    },
    {
      "code": "R0014",
      "display": "Radiologist"
    },
    {
      "code": "R0015",
      "display": "PACS Administrator"
    },
    {
      "code": "R0016",
      "display": "Reporting Radiographer"
    },
    {
      "code": "R0017",
      "display": "Assistant Practitioner"
    },
    {
      "code": "R1190",
      "display": "Radiographer - Diagnostic"
    },
    {
      "code": "R1200",
      "display": "Radiographer - Diagnostic, Consultant"
    },
    {
      "code": "R1210",
      "display": "Radiographer - Diagnostic, Manager"
    },
    {
      "code": "R1220",
      "display": "Radiographer - Diagnostic, Specialist Practitioner"
    },
    {
      "code": "R1230",
      "display": "Radiographer - Therapeutic"
    },
    {
      "code": "R1240",
      "display": "Radiographer - Therapeutic, Consultant"
    },
    {
      "code": "R1250",
      "display": "Radiographer - Therapeutic, Manager"
    },
    {
      "code": "R1260",
      "display": "Radiographer - Therapeutic, Specialist Practitioner"
    },
    {
      "code": "R1030",
      "display": "Orthotist"
    },
    {
      "code": "R1040",
      "display": "Orthotist Consultant"
    },
    {
      "code": "R1050",
      "display": "Orthotist Manager"
    },
    {
      "code": "R1060",
      "display": "Orthotist Specialist Practitioner"
    },
    {
      "code": "R1150",
      "display": "Prosthetist"
    },
    {
      "code": "R1160",
      "display": "Prosthetist Consultant"
    },
    {
      "code": "R1170",
      "display": "Prosthetist Manager"
    },
    {
      "code": "R1180",
      "display": "Prosthetist Specialist Practitioner"
    },
    {
      "code": "R0710",
      "display": "Art Therapist"
    },
    {
      "code": "R0720",
      "display": "Art Therapist Consultant"
    },
    {
      "code": "R0730",
      "display": "Art Therapist Manager"
    },
    {
      "code": "R0740",
      "display": "Art Therapist Specialist Practitioner"
    },
    {
      "code": "R0830",
      "display": "Drama Therapist"
    },
    {
      "code": "R0840",
      "display": "Drama Therapist Consultant"
    },
    {
      "code": "R0850",
      "display": "Drama Therapist Manager"
    },
    {
      "code": "R0860",
      "display": "Drama Therapist Specialist Practitioner"
    },
    {
      "code": "R0870",
      "display": "Multi Therapist"
    },
    {
      "code": "R0880",
      "display": "Multi Therapist Consultant"
    },
    {
      "code": "R0890",
      "display": "Multi Therapist Manager"
    },
    {
      "code": "R0900",
      "display": "Multi Therapist Specialist Practitioner"
    },
    {
      "code": "R0910",
      "display": "Music Therapist"
    },
    {
      "code": "R0920",
      "display": "Music Therapist Consultant"
    },
    {
      "code": "R0930",
      "display": "Music Therapist Manager"
    },
    {
      "code": "R0940",
      "display": "Music Therapist Specialist Practitioner"
    },
    {
      "code": "R0955",
      "display": "Speech & Language Therapist"
    },
    {
      "code": "R0965",
      "display": "Speech & Language Therapist Consultant"
    },
    {
      "code": "R0975",
      "display": "Speech & Language Therapist Manager"
    },
    {
      "code": "R0985",
      "display": "Speech & Language Therapist Specialist Practitioner"
    },
    {
      "code": "R9500",
      "display": "Social Services Senior Management"
    },
    {
      "code": "R9505",
      "display": "Social Services Policy and Planning"
    },
    {
      "code": "R9510",
      "display": "Social Services Information Manager"
    },
    {
      "code": "R9515",
      "display": "Social Work Team Manager (Children)"
    },
    {
      "code": "R9520",
      "display": "Senior Social Worker (Children)"
    },
    {
      "code": "R9525",
      "display": "Social Services Care Manager (Children)"
    },
    {
      "code": "R9530",
      "display": "Social Work Assistant (Children)"
    },
    {
      "code": "R9535",
      "display": "Child Protection Worker"
    },
    {
      "code": "R9540",
      "display": "Family Placement Worker"
    },
    {
      "code": "R9545",
      "display": "Community Worker (Children)"
    },
    {
      "code": "R9550",
      "display": "Occupational Therapist"
    },
    {
      "code": "R9555",
      "display": "Occupational Therapist Assistant"
    },
    {
      "code": "R9560",
      "display": "Occupational Therapy Team Manager"
    },
    {
      "code": "R9565",
      "display": "Social Work Team Manager (Adults)"
    },
    {
      "code": "R9570",
      "display": "Senior Social Worker (Adults)"
    },
    {
      "code": "R9575",
      "display": "Social Services Care Manager (Adults)"
    },
    {
      "code": "R9580",
      "display": "Social Work Assistant (Adults)"
    },
    {
      "code": "R9585",
      "display": "Social Work Team Manager (Mental Health)"
    },
    {
      "code": "R9590",
      "display": "Senior Social Worker (Mental Health)"
    },
    {
      "code": "R9595",
      "display": "Social Services Care Manager (Mental Health)"
    },
    {
      "code": "R9600",
      "display": "Social Work Assistant (Mental Health)"
    },
    {
      "code": "R9605",
      "display": "Emergency Duty Social Worker"
    },
    {
      "code": "R9615",
      "display": "Social Services Driver"
    },
    {
      "code": "R9620",
      "display": "Home Care Organiser"
    },
    {
      "code": "R9625",
      "display": "Home Care Administrator"
    },
    {
      "code": "R9630",
      "display": "Home Help"
    },
    {
      "code": "R9635",
      "display": "Warden"
    },
    {
      "code": "R9640",
      "display": "Meals on Wheels Organiser"
    },
    {
      "code": "R9645",
      "display": "Meals Delivery"
    },
    {
      "code": "R9650",
      "display": "Day Centre Manager"
    },
    {
      "code": "R9655",
      "display": "Day Centre Deputy"
    },
    {
      "code": "R9660",
      "display": "Day Centre Officer"
    },
    {
      "code": "R9665",
      "display": "Day Centre Care Staff"
    },
    {
      "code": "R9670",
      "display": "Family Centre Manager"
    },
    {
      "code": "R9675",
      "display": "Family Centre Deputy"
    },
    {
      "code": "R9680",
      "display": "Family Centre Worker"
    },
    {
      "code": "R9685",
      "display": "Nursery Manager"
    },
    {
      "code": "R9690",
      "display": "Nursery Deputy"
    },
    {
      "code": "R9695",
      "display": "Nursery Worker"
    },
    {
      "code": "R9700",
      "display": "Playgroup Leader"
    },
    {
      "code": "R9705",
      "display": "Playgroup Assistant"
    },
    {
      "code": "R9710",
      "display": "Residential Manager"
    },
    {
      "code": "R9715",
      "display": "Residential Deputy"
    },
    {
      "code": "R9720",
      "display": "Residential Worker"
    },
    {
      "code": "R9725",
      "display": "Residential Care Staff"
    },
    {
      "code": "R9730",
      "display": "Intermediate Care Manager"
    },
    {
      "code": "R9735",
      "display": "Intermediate Care Deputy"
    },
    {
      "code": "R9740",
      "display": "Intermediate Care Worker"
    },
    {
      "code": "R9745",
      "display": "Intermediate Care Staff"
    },
    {
      "code": "R9750",
      "display": "Social Care SAP User"
    },
    {
      "code": "R9755",
      "display": "Social Care SAP Manager"
    },
    {
      "code": "R1270",
      "display": "Clinical Director"
    },
    {
      "code": "R1280",
      "display": "Optometrist"
    },
    {
      "code": "R1290",
      "display": "Pharmacist"
    },
    {
      "code": "R1979",
      "display": "Medical Technical Officer - Pharmacy"
    },
    {
      "code": "R1300",
      "display": "Psychotherapist"
    },
    {
      "code": "R1310",
      "display": "Clinical Psychologist"
    },
    {
      "code": "R1320",
      "display": "Chaplain"
    },
    {
      "code": "R1330",
      "display": "Social Worker"
    },
    {
      "code": "R1340",
      "display": "Approved Social Worker"
    },
    {
      "code": "R1350",
      "display": "Youth Worker"
    },
    {
      "code": "R1360",
      "display": "Specialist Practitioner"
    },
    {
      "code": "R1370",
      "display": "Practitioner"
    },
    {
      "code": "R0011",
      "display": "Dispenser"
    },
    {
      "code": "R1380",
      "display": "Technician - PS&T"
    },
    {
      "code": "R1390",
      "display": "Osteopath"
    },
    {
      "code": "R1400",
      "display": "Healthcare Scientist"
    },
    {
      "code": "R1410",
      "display": "Consultant Healthcare Scientist"
    },
    {
      "code": "R1420",
      "display": "Biomedical Scientist"
    },
    {
      "code": "R0019",
      "display": "Medical Technical Officer"
    },
    {
      "code": "R1430",
      "display": "Technician - Healthcare Scientists"
    },
    {
      "code": "R1440",
      "display": "Therapist"
    },
    {
      "code": "R1540",
      "display": "Associate Practitioner"
    },
    {
      "code": "R1543",
      "display": "Associate Practitioner - Nurse"
    },
    {
      "code": "R1547",
      "display": "Associate Practitioner - General Practitioner"
    },
    {
      "code": "R1560",
      "display": "Helper/Assistant"
    },
    {
      "code": "R1600",
      "display": "Cytoscreener"
    },
    {
      "code": "R1570",
      "display": "Dental Surgery Assistant"
    },
    {
      "code": "R1450",
      "display": "Health Care Support Worker"
    },
    {
      "code": "R1580",
      "display": "Medical Laboratory Assistant"
    },
    {
      "code": "R1550",
      "display": "Counsellor"
    },
    {
      "code": "R0002",
      "display": "Porter"
    },
    {
      "code": "R1690",
      "display": "Call Operator"
    },
    {
      "code": "R1700",
      "display": "Gateway Worker"
    },
    {
      "code": "R1710",
      "display": "Support, Time, Recovery Worker"
    },
    {
      "code": "R1480",
      "display": "Healthcare Assistant"
    },
    {
      "code": "R1490",
      "display": "Nursery Nurse"
    },
    {
      "code": "R1590",
      "display": "Phlebotomist"
    },
    {
      "code": "R1460",
      "display": "Social Care Support Worker"
    },
    {
      "code": "R1470",
      "display": "Home Help"
    },
    {
      "code": "R1520",
      "display": "Technician - Additional Clinical Services"
    },
    {
      "code": "R1530",
      "display": "Technical Instructor"
    },
    {
      "code": "R1980",
      "display": "Patient Welfare Officer"
    },
    {
      "code": "R1500",
      "display": "Play Therapist"
    },
    {
      "code": "R1510",
      "display": "Play Specialist"
    },
    {
      "code": "R1610",
      "display": "Student Technician"
    },
    {
      "code": "R1620",
      "display": "Trainee Scientist"
    },
    {
      "code": "R1630",
      "display": "Trainee Practitioner"
    },
    {
      "code": "R1640",
      "display": "Nursing Cadet"
    },
    {
      "code": "R1650",
      "display": "Healthcare Cadet"
    },
    {
      "code": "R1660",
      "display": "Pre-reg Pharmacist"
    },
    {
      "code": "R1670",
      "display": "Assistant Psychologist"
    },
    {
      "code": "R1680",
      "display": "Assistant Psychotherapist"
    },
    {
      "code": "R0007",
      "display": "ERS SDS Organisation Reporting Analyst"
    },
    {
      "code": "R0008",
      "display": "Demographic Supervisor"
    },
    {
      "code": "R0021",
      "display": "DSA NHS Number Manager (Temporary)"
    },
    {
      "code": "R0022",
      "display": "DSA National Clinical Supervisor (Temporary)"
    },
    {
      "code": "R0023",
      "display": "DSA National Clinical Administrator (Temporary)"
    },
    {
      "code": "R1720",
      "display": "Clerical Worker"
    },
    {
      "code": "R1730",
      "display": "Receptionist"
    },
    {
      "code": "R1740",
      "display": "Secretary"
    },
    {
      "code": "R1750",
      "display": "Personal Assistant"
    },
    {
      "code": "R1751",
      "display": "Demographic Administrator (Sensitive Records) Temporary"
    },
    {
      "code": "R1760",
      "display": "Medical Secretary"
    },
    {
      "code": "R1770",
      "display": "Officer"
    },
    {
      "code": "R1971",
      "display": "Map of Medicine Administrator"
    },
    {
      "code": "R1973",
      "display": "Community Administrator"
    },
    {
      "code": "R1977",
      "display": "ECC/CPA Administrator"
    },
    {
      "code": "R1978",
      "display": "Information Officer"
    },
    {
      "code": "R1985",
      "display": "Health Records Clerk"
    },
    {
      "code": "R1995",
      "display": "End Point Approver"
    },
    {
      "code": "R5010",
      "display": "Network Technician"
    },
    {
      "code": "R5040",
      "display": "Desktop Support Administrator"
    },
    {
      "code": "R5090",
      "display": "Registration Authority Agent"
    },
    {
      "code": "R5110",
      "display": "Demographic Administrator"
    },
    {
      "code": "R5120",
      "display": "ISP Administrator"
    },
    {
      "code": "R5130",
      "display": "Technical Codes Administrator"
    },
    {
      "code": "R5140",
      "display": "OSS Administrator"
    },
    {
      "code": "R5170",
      "display": "End Point Administrator"
    },
    {
      "code": "R5175",
      "display": "End Point Viewer"
    },
    {
      "code": "R5181",
      "display": "RTS Dashboard User"
    },
    {
      "code": "R5183",
      "display": "RTS BT Dashboard User"
    },
    {
      "code": "R5186",
      "display": "ERS BT Customer SLA User"
    },
    {
      "code": "R5188",
      "display": "ERS BT Supplier SLA User"
    },
    {
      "code": "R5189",
      "display": "ERS LogicaCMG SLA User"
    },
    {
      "code": "R5190",
      "display": "Content Creator"
    },
    {
      "code": "R5195",
      "display": "Content Publisher"
    },
    {
      "code": "R5210",
      "display": "User Details Administrator"
    },
    {
      "code": "R5250",
      "display": "EBS Administrator"
    },
    {
      "code": "R6010",
      "display": "Appointments Clerk"
    },
    {
      "code": "R6030",
      "display": "Ward Clerk"
    },
    {
      "code": "R6050",
      "display": "Clinical Coder"
    },
    {
      "code": "R6060",
      "display": "Medical Records Clerk"
    },
    {
      "code": "R6080",
      "display": "Waiting List Clerk"
    },
    {
      "code": "R7100",
      "display": "Trainer"
    },
    {
      "code": "R7110",
      "display": "Training Manager"
    },
    {
      "code": "R7120",
      "display": "Directory of Services Coordinator"
    },
    {
      "code": "R9756",
      "display": "ETP System Administrator"
    },
    {
      "code": "R1780",
      "display": "Manager"
    },
    {
      "code": "R1790",
      "display": "Senior Manager"
    },
    {
      "code": "R1910",
      "display": "Chair"
    },
    {
      "code": "R1920",
      "display": "Chief Executive"
    },
    {
      "code": "R1930",
      "display": "Finance Director"
    },
    {
      "code": "R1940",
      "display": "Other Executive Director"
    },
    {
      "code": "R1950",
      "display": "Board Level Director"
    },
    {
      "code": "R1960",
      "display": "Non Executive Director"
    },
    {
      "code": "R1970",
      "display": "Childcare Co-ordinator"
    },
    {
      "code": "R1982",
      "display": "Senior Administrator"
    },
    {
      "code": "R1983",
      "display": "Ward Manager"
    },
    {
      "code": "R1986",
      "display": "Workgroup Administrator"
    },
    {
      "code": "R1987",
      "display": "National RBAC Attribute Administrator"
    },
    {
      "code": "R1988",
      "display": "National RBAC Baseline Policy Administrator"
    },
    {
      "code": "R1989",
      "display": "Complaints Coordinator"
    },
    {
      "code": "R1990",
      "display": "Complaints Investigator"
    },
    {
      "code": "R1996",
      "display": "End Point DNS Administrator"
    },
    {
      "code": "R1997",
      "display": "End Point Spine Administrator"
    },
    {
      "code": "R1998",
      "display": "End Point Super User"
    },
    {
      "code": "R1999",
      "display": "End Point Service Administrator"
    },
    {
      "code": "R5000",
      "display": "Network Administrator"
    },
    {
      "code": "R5003",
      "display": "Cluster System Administrator"
    },
    {
      "code": "R5007",
      "display": "System Administrator"
    },
    {
      "code": "R5020",
      "display": "Helpdesk Administrator"
    },
    {
      "code": "R5060",
      "display": "Security Policy Controller"
    },
    {
      "code": "R5070",
      "display": "Senior Security Manager"
    },
    {
      "code": "R5072",
      "display": "Root Registration Authority Manager"
    },
    {
      "code": "R5080",
      "display": "Registration Authority Manager"
    },
    {
      "code": "R5100",
      "display": "Audit Manager"
    },
    {
      "code": "R5105",
      "display": "Caldicott Guardian"
    },
    {
      "code": "R5180",
      "display": "NASP Service Manager"
    },
    {
      "code": "R5182",
      "display": "ERS ETP System Administrator"
    },
    {
      "code": "R5184",
      "display": "ERS Spine SLA Manager"
    },
    {
      "code": "R5185",
      "display": "ERS BT Customer SLA Manager"
    },
    {
      "code": "R5187",
      "display": "ERS BT Supplier SLA Manager"
    },
    {
      "code": "R5191",
      "display": "ERS Support Administrator"
    },
    {
      "code": "R5192",
      "display": "ECS Administrator"
    },
    {
      "code": "R5300",
      "display": "Portal Administrator"
    },
    {
      "code": "R5310",
      "display": "LiquidLogic Administrator"
    },
    {
      "code": "R5320",
      "display": "i.EPR Administrator"
    },
    {
      "code": "R5330",
      "display": "Synergy Administrator"
    },
    {
      "code": "R5340",
      "display": "SystmOne Administrator"
    },
    {
      "code": "R6020",
      "display": "Outpatient Manager"
    },
    {
      "code": "R6040",
      "display": "Bed Manager"
    },
    {
      "code": "R6070",
      "display": "Medical Records Manager"
    },
    {
      "code": "R6090",
      "display": "Waiting List Manager"
    },
    {
      "code": "R6100",
      "display": "Mental Health Act Administrator"
    },
    {
      "code": "R6160",
      "display": "Ad-hoc Report Manager"
    },
    {
      "code": "R7130",
      "display": "PAS Manager"
    },
    {
      "code": "R1800",
      "display": "Technician - Admin & Clerical"
    },
    {
      "code": "R1810",
      "display": "Accountant"
    },
    {
      "code": "R1820",
      "display": "Librarian"
    },
    {
      "code": "R1830",
      "display": "Interpreter"
    },
    {
      "code": "R1840",
      "display": "Analyst"
    },
    {
      "code": "R1850",
      "display": "Adviser"
    },
    {
      "code": "R1860",
      "display": "Researcher"
    },
    {
      "code": "R1870",
      "display": "Control Assistant"
    },
    {
      "code": "R1880",
      "display": "Architect"
    },
    {
      "code": "R1890",
      "display": "Lawyer"
    },
    {
      "code": "R1900",
      "display": "Surveyor"
    },
    {
      "code": "R5030",
      "display": "Helpdesk Technician"
    },
    {
      "code": "R5050",
      "display": "Desktop Support Technician"
    },
    {
      "code": "R5150",
      "display": "System Worker"
    },
    {
      "code": "R5400",
      "display": "Availability  Monitor"
    },
    {
      "code": "R8000",
      "display": "Clinical Practitioner Access Role"
    },
    {
      "code": "R8001",
      "display": "Nurse Access Role"
    },
    {
      "code": "R8002",
      "display": "Nurse Manager Access Role"
    },
    {
      "code": "R8003",
      "display": "Health Professional Access Role"
    },
    {
      "code": "R8004",
      "display": "Healthcare Student Access Role"
    },
    {
      "code": "R8016",
      "display": "Midwife Access Role"
    },
    {
      "code": "R8017",
      "display": "Midwife Manager Access Role"
    },
    {
      "code": "R8024",
      "display": "Bank Access Role"
    },
    {
      "code": "R8005",
      "display": "Biomedical Scientist Access Role"
    },
    {
      "code": "R8006",
      "display": "Medical Secretary Access Role"
    },
    {
      "code": "R8007",
      "display": "Clinical Coder Access Role"
    },
    {
      "code": "R8008",
      "display": "Admin/Clinical Support Access Role"
    },
    {
      "code": "R8015",
      "display": "Systems Support Access Role"
    },
    {
      "code": "R0001",
      "display": "Privacy Officer"
    },
    {
      "code": "R8009",
      "display": "Receptionist Access Role"
    },
    {
      "code": "R8010",
      "display": "Clerical Access Role"
    },
    {
      "code": "R8011",
      "display": "Clerical Manager Access Role"
    },
    {
      "code": "R8012",
      "display": "Information Officer Access Role"
    },
    {
      "code": "R8013",
      "display": "Health Records Manager Access Role"
    },
    {
      "code": "R8014",
      "display": "Social Worker Access Role"
    }
  ]
}