{
  "resourceType": "CodeSystem",
  "id": "UKCore-EthnicCategory",
  "text": {
    "status": "generated",
    "div": "<div xmlns=\"http://www.w3.org/1999/xhtml\"><h2>UK Core Ethnic Category</h2><div><p>A CodeSystem to identify the ethnicity of a Person, as specified by the Person. This vocabulary describes a persons ethnic category, it is an extension of the Ethnic Category Code described in the NHS Data Model and Dictionary.</p>\n</div><p><b>Copyright Statement:</b> Copyright © 2019 NHS Digital</p><p>This code system https://fhir.nhs.uk/R4/CodeSystem/UKCore-EthnicCategory defines the following codes:</p><table class=\"codes\"><tr><td style=\"white-space:nowrap\"><b>Code</b></td><td><b>Display</b></td><td><b>Definition</b></td></tr><tr><td style=\"white-space:nowrap\">A<a name=\"UKCore-EthnicCategory-A\"> </a></td><td>British, Mixed British</td><td/></tr><tr><td style=\"white-space:nowrap\">B<a name=\"UKCore-EthnicCategory-B\"> </a></td><td>Irish</td><td/></tr><tr><td style=\"white-space:nowrap\">C<a name=\"UKCore-EthnicCategory-C\"> </a></td><td>Any other White background</td><td/></tr><tr><td style=\"white-space:nowrap\">C2<a name=\"UKCore-EthnicCategory-C2\"> </a></td><td>Northern Irish</td><td/></tr><tr><td style=\"white-space:nowrap\">C3<a name=\"UKCore-EthnicCategory-C3\"> </a></td><td>Other white, white unspecified</td><td/></tr><tr><td style=\"white-space:nowrap\">CA<a name=\"UKCore-EthnicCategory-CA\"> </a></td><td>English</td><td/></tr><tr><td style=\"white-space:nowrap\">CB<a name=\"UKCore-EthnicCategory-CB\"> </a></td><td>Scottish</td><td/></tr><tr><td style=\"white-space:nowrap\">CC<a name=\"UKCore-EthnicCategory-CC\"> </a></td><td>Welsh</td><td/></tr><tr><td style=\"white-space:nowrap\">CD<a name=\"UKCore-EthnicCategory-CD\"> </a></td><td>Cornish</td><td/></tr><tr><td style=\"white-space:nowrap\">CE<a name=\"UKCore-EthnicCategory-CE\"> </a></td><td>Cypriot (part not stated)</td><td/></tr><tr><td style=\"white-space:nowrap\">CF<a name=\"UKCore-EthnicCategory-CF\"> </a></td><td>Greek</td><td/></tr><tr><td style=\"white-space:nowrap\">CG<a name=\"UKCore-EthnicCategory-CG\"> </a></td><td>Greek Cypriot</td><td/></tr><tr><td style=\"white-space:nowrap\">CH<a name=\"UKCore-EthnicCategory-CH\"> </a></td><td>Turkish</td><td/></tr><tr><td style=\"white-space:nowrap\">CJ<a name=\"UKCore-EthnicCategory-CJ\"> </a></td><td>Turkish Cypriot</td><td/></tr><tr><td style=\"white-space:nowrap\">CK<a name=\"UKCore-EthnicCategory-CK\"> </a></td><td>Italian</td><td/></tr><tr><td style=\"white-space:nowrap\">CL<a name=\"UKCore-EthnicCategory-CL\"> </a></td><td>Irish Traveller</td><td/></tr><tr><td style=\"white-space:nowrap\">CM<a name=\"UKCore-EthnicCategory-CM\"> </a></td><td>Traveller</td><td/></tr><tr><td style=\"white-space:nowrap\">CN<a name=\"UKCore-EthnicCategory-CN\"> </a></td><td>Gypsy/Romany</td><td/></tr><tr><td style=\"white-space:nowrap\">CP<a name=\"UKCore-EthnicCategory-CP\"> </a></td><td>Polish</td><td/></tr><tr><td style=\"white-space:nowrap\">CQ<a name=\"UKCore-EthnicCategory-CQ\"> </a></td><td>All republics which made up the former USSR</td><td/></tr><tr><td style=\"white-space:nowrap\">CR<a name=\"UKCore-EthnicCategory-CR\"> </a></td><td>Kosovan</td><td/></tr><tr><td style=\"white-space:nowrap\">CS<a name=\"UKCore-EthnicCategory-CS\"> </a></td><td>Albanian</td><td/></tr><tr><td style=\"white-space:nowrap\">CT<a name=\"UKCore-EthnicCategory-CT\"> </a></td><td>Bosnian</td><td/></tr><tr><td style=\"white-space:nowrap\">CU<a name=\"UKCore-EthnicCategory-CU\"> </a></td><td>Croatian</td><td/></tr><tr><td style=\"white-space:nowrap\">CV<a name=\"UKCore-EthnicCategory-CV\"> </a></td><td>Serbian</td><td/></tr><tr><td style=\"white-space:nowrap\">CW<a name=\"UKCore-EthnicCategory-CW\"> </a></td><td>Other republics which made up the former Yugoslavia</td><td/></tr><tr><td style=\"white-space:nowrap\">CX<a name=\"UKCore-EthnicCategory-CX\"> </a></td><td>Mixed white</td><td/></tr><tr><td style=\"white-space:nowrap\">CY<a name=\"UKCore-EthnicCategory-CY\"> </a></td><td>Other white European, European unspecified, European mixed</td><td/></tr><tr><td style=\"white-space:nowrap\">D<a name=\"UKCore-EthnicCategory-D\"> </a></td><td>White and Black Caribbean</td><td/></tr><tr><td style=\"white-space:nowrap\">E<a name=\"UKCore-EthnicCategory-E\"> </a></td><td>White and Black African</td><td/></tr><tr><td style=\"white-space:nowrap\">F<a name=\"UKCore-EthnicCategory-F\"> </a></td><td>White and Asian</td><td/></tr><tr><td style=\"white-space:nowrap\">G<a name=\"UKCore-EthnicCategory-G\"> </a></td><td>Any other mixed background</td><td/></tr><tr><td style=\"white-space:nowrap\">GA<a name=\"UKCore-EthnicCategory-GA\"> </a></td><td>Black and Asian</td><td/></tr><tr><td style=\"white-space:nowrap\">GB<a name=\"UKCore-EthnicCategory-GB\"> </a></td><td>Black and Chinese</td><td/></tr><tr><td style=\"white-space:nowrap\">GC<a name=\"UKCore-EthnicCategory-GC\"> </a></td><td>Black and White</td><td/></tr><tr><td style=\"white-space:nowrap\">GD<a name=\"UKCore-EthnicCategory-GD\"> </a></td><td>Chinese and White</td><td/></tr><tr><td style=\"white-space:nowrap\">GE<a name=\"UKCore-EthnicCategory-GE\"> </a></td><td>Asian and Chinese</td><td/></tr><tr><td style=\"white-space:nowrap\">GF<a name=\"UKCore-EthnicCategory-GF\"> </a></td><td>Other Mixed, Mixed Unspecified</td><td/></tr><tr><td style=\"white-space:nowrap\">H<a name=\"UKCore-EthnicCategory-H\"> </a></td><td>Indian or British Indian</td><td/></tr><tr><td style=\"white-space:nowrap\">J<a name=\"UKCore-EthnicCategory-J\"> </a></td><td>Pakistani or British Pakistani</td><td/></tr><tr><td style=\"white-space:nowrap\">K<a name=\"UKCore-EthnicCategory-K\"> </a></td><td>Bangladeshi or British Bangladeshi</td><td/></tr><tr><td style=\"white-space:nowrap\">L<a name=\"UKCore-EthnicCategory-L\"> </a></td><td>Any other Asian background</td><td/></tr><tr><td style=\"white-space:nowrap\">LA<a name=\"UKCore-EthnicCategory-LA\"> </a></td><td>Mixed Asian</td><td/></tr><tr><td style=\"white-space:nowrap\">LB<a name=\"UKCore-EthnicCategory-LB\"> </a></td><td>Punjabi</td><td/></tr><tr><td style=\"white-space:nowrap\">LC<a name=\"UKCore-EthnicCategory-LC\"> </a></td><td>Kashmiri</td><td/></tr><tr><td style=\"white-space:nowrap\">LD<a name=\"UKCore-EthnicCategory-LD\"> </a></td><td>East African Asian</td><td/></tr><tr><td style=\"white-space:nowrap\">LE<a name=\"UKCore-EthnicCategory-LE\"> </a></td><td>Sri Lanka</td><td/></tr><tr><td style=\"white-space:nowrap\">LF<a name=\"UKCore-EthnicCategory-LF\"> </a></td><td>Tamil</td><td/></tr><tr><td style=\"white-space:nowrap\">LG<a name=\"UKCore-EthnicCategory-LG\"> </a></td><td>Sinhalese</td><td/></tr><tr><td style=\"white-space:nowrap\">LH<a name=\"UKCore-EthnicCategory-LH\"> </a></td><td>British Asian</td><td/></tr><tr><td style=\"white-space:nowrap\">LJ<a name=\"UKCore-EthnicCategory-LJ\"> </a></td><td>Caribbean Asian</td><td/></tr><tr><td style=\"white-space:nowrap\">LK<a name=\"UKCore-EthnicCategory-LK\"> </a></td><td>Other Asian, Asian unspecified</td><td/></tr><tr><td style=\"white-space:nowrap\">M<a name=\"UKCore-EthnicCategory-M\"> </a></td><td>Caribbean</td><td/></tr><tr><td style=\"white-space:nowrap\">N<a name=\"UKCore-EthnicCategory-N\"> </a></td><td>African</td><td/></tr><tr><td style=\"white-space:nowrap\">P<a name=\"UKCore-EthnicCategory-P\"> </a></td><td>Any other Black background</td><td/></tr><tr><td style=\"white-space:nowrap\">PA<a name=\"UKCore-EthnicCategory-PA\"> </a></td><td>Somali</td><td/></tr><tr><td style=\"white-space:nowrap\">PB<a name=\"UKCore-EthnicCategory-PB\"> </a></td><td>Mixed Black</td><td/></tr><tr><td style=\"white-space:nowrap\">PC<a name=\"UKCore-EthnicCategory-PC\"> </a></td><td>Nigerian</td><td/></tr><tr><td style=\"white-space:nowrap\">PD<a name=\"UKCore-EthnicCategory-PD\"> </a></td><td>Black British</td><td/></tr><tr><td style=\"white-space:nowrap\">PE<a name=\"UKCore-EthnicCategory-PE\"> </a></td><td>Other Black, Black unspecified</td><td/></tr><tr><td style=\"white-space:nowrap\">R<a name=\"UKCore-EthnicCategory-R\"> </a></td><td>Chinese</td><td/></tr><tr><td style=\"white-space:nowrap\">S<a name=\"UKCore-EthnicCategory-S\"> </a></td><td>Any other ethnic group</td><td/></tr><tr><td style=\"white-space:nowrap\">SA<a name=\"UKCore-EthnicCategory-SA\"> </a></td><td>Vietnamese</td><td/></tr><tr><td style=\"white-space:nowrap\">SB<a name=\"UKCore-EthnicCategory-SB\"> </a></td><td>Japanese</td><td/></tr><tr><td style=\"white-space:nowrap\">SC<a name=\"UKCore-EthnicCategory-SC\"> </a></td><td>Filipino</td><td/></tr><tr><td style=\"white-space:nowrap\">SD<a name=\"UKCore-EthnicCategory-SD\"> </a></td><td>Malaysian</td><td/></tr><tr><td style=\"white-space:nowrap\">SE<a name=\"UKCore-EthnicCategory-SE\"> </a></td><td>Any Other Group</td><td/></tr><tr><td style=\"white-space:nowrap\">Z<a name=\"UKCore-EthnicCategory-Z\"> </a></td><td>Not stated</td><td/></tr></table></div>"
  },
  "extension": [
    {
      "url": "http://hl7.org/fhir/StructureDefinition/codesystem-sourceReference",
      "valueUri": "http://www.datadictionary.nhs.uk/data_dictionary/data_field_notes/p/pds/pds_ethnic_category_code_de.asp?shownav=0"
    }
  ],
  "url": "https://fhir.nhs.uk/R4/CodeSystem/UKCore-EthnicCategory",
  "version": "1.0.0",
  "name": "UKCoreEthnicCategory",
  "title": "UK Core Ethnic Category",
  "status": "draft",
  "date": "2019-10-17T01:00:00+01:00",
  "publisher": "NHS Digital",
  "contact": [
    {
      "name": "Interoperability Team",
      "telecom": [
        {
          "system": "email",
          "value": "interoperabilityteam@nhs.net",
          "use": "work"
        }
      ]
    }
  ],
  "description": "A CodeSystem to identify the ethnicity of a Person, as specified by the Person. This vocabulary describes a persons ethnic category, it is an extension of the Ethnic Category Code described in the NHS Data Model and Dictionary.",
  "copyright": "Copyright © 2019 NHS Digital",
  "caseSensitive": true,
  "content": "complete",
  "concept": [
    {
      "code": "A",
      "display": "British, Mixed British"
    },
    {
      "code": "B",
      "display": "Irish"
    },
    {
      "code": "C",
      "display": "Any other White background"
    },
    {
      "code": "C2",
      "display": "Northern Irish"
    },
    {
      "code": "C3",
      "display": "Other white, white unspecified"
    },
    {
      "code": "CA",
      "display": "English"
    },
    {
      "code": "CB",
      "display": "Scottish"
    },
    {
      "code": "CC",
      "display": "Welsh"
    },
    {
      "code": "CD",
      "display": "Cornish"
    },
    {
      "code": "CE",
      "display": "Cypriot (part not stated)"
    },
    {
      "code": "CF",
      "display": "Greek"
    },
    {
      "code": "CG",
      "display": "Greek Cypriot"
    },
    {
      "code": "CH",
      "display": "Turkish"
    },
    {
      "code": "CJ",
      "display": "Turkish Cypriot"
    },
    {
      "code": "CK",
      "display": "Italian"
    },
    {
      "code": "CL",
      "display": "Irish Traveller"
    },
    {
      "code": "CM",
      "display": "Traveller"
    },
    {
      "code": "CN",
      "display": "Gypsy/Romany"
    },
    {
      "code": "CP",
      "display": "Polish"
    },
    {
      "code": "CQ",
      "display": "All republics which made up the former USSR"
    },
    {
      "code": "CR",
      "display": "Kosovan"
    },
    {
      "code": "CS",
      "display": "Albanian"
    },
    {
      "code": "CT",
      "display": "Bosnian"
    },
    {
      "code": "CU",
      "display": "Croatian"
    },
    {
      "code": "CV",
      "display": "Serbian"
    },
    {
      "code": "CW",
      "display": "Other republics which made up the former Yugoslavia"
    },
    {
      "code": "CX",
      "display": "Mixed white"
    },
    {
      "code": "CY",
      "display": "Other white European, European unspecified, European mixed"
    },
    {
      "code": "D",
      "display": "White and Black Caribbean"
    },
    {
      "code": "E",
      "display": "White and Black African"
    },
    {
      "code": "F",
      "display": "White and Asian"
    },
    {
      "code": "G",
      "display": "Any other mixed background"
    },
    {
      "code": "GA",
      "display": "Black and Asian"
    },
    {
      "code": "GB",
      "display": "Black and Chinese"
    },
    {
      "code": "GC",
      "display": "Black and White"
    },
    {
      "code": "GD",
      "display": "Chinese and White"
    },
    {
      "code": "GE",
      "display": "Asian and Chinese"
    },
    {
      "code": "GF",
      "display": "Other Mixed, Mixed Unspecified"
    },
    {
      "code": "H",
      "display": "Indian or British Indian"
    },
    {
      "code": "J",
      "display": "Pakistani or British Pakistani"
    },
    {
      "code": "K",
      "display": "Bangladeshi or British Bangladeshi"
    },
    {
      "code": "L",
      "display": "Any other Asian background"
    },
    {
      "code": "LA",
      "display": "Mixed Asian"
    },
    {
      "code": "LB",
      "display": "Punjabi"
    },
    {
      "code": "LC",
      "display": "Kashmiri"
    },
    {
      "code": "LD",
      "display": "East African Asian"
    },
    {
      "code": "LE",
      "display": "Sri Lanka"
    },
    {
      "code": "LF",
      "display": "Tamil"
    },
    {
      "code": "LG",
      "display": "Sinhalese"
    },
    {
      "code": "LH",
      "display": "British Asian"
    },
    {
      "code": "LJ",
      "display": "Caribbean Asian"
    },
    {
      "code": "LK",
      "display": "Other Asian, Asian unspecified"
    },
    {
      "code": "M",
      "display": "Caribbean"
    },
    {
      "code": "N",
      "display": "African"
    },
    {
      "code": "P",
      "display": "Any other Black background"
    },
    {
      "code": "PA",
      "display": "Somali"
    },
    {
      "code": "PB",
      "display": "Mixed Black"
    },
    {
      "code": "PC",
      "display": "Nigerian"
    },
    {
      "code": "PD",
      "display": "Black British"
    },
    {
      "code": "PE",
      "display": "Other Black, Black unspecified"
    },
    {
      "code": "R",
      "display": "Chinese"
    },
    {
      "code": "S",
      "display": "Any other ethnic group"
    },
    {
      "code": "SA",
      "display": "Vietnamese"
    },
    {
      "code": "SB",
      "display": "Japanese"
    },
    {
      "code": "SC",
      "display": "Filipino"
    },
    {
      "code": "SD",
      "display": "Malaysian"
    },
    {
      "code": "SE",
      "display": "Any Other Group"
    },
    {
      "code": "Z",
      "display": "Not stated"
    }
  ]
}