{
  "resourceType": "CodeSystem",
  "id": "UKCore-DeathNotificationStatus-1-0-0",
  "text": {
    "status": "generated",
    "div": "<div xmlns=\"http://www.w3.org/1999/xhtml\"><h2>UK Core Death Notification Status</h2><div><p>A CodeSystem to identify the type of death notice as held on Personal Demographics Service (PDS).</p>\n</div><p><b>Copyright Statement:</b> Copyright © 2019 NHS Digital</p><p>This code system https://fhir.nhs.uk/R4/CodeSystem/UKCore-DeathNotificationStatus-1-0-0 defines the following codes:</p><table class=\"codes\"><tr><td style=\"white-space:nowrap\"><b>Code</b></td><td><b>Display</b></td><td><b>Definition</b></td></tr><tr><td style=\"white-space:nowrap\">1<a name=\"UKCore-DeathNotificationStatus-1-0-0-1\"> </a></td><td>Informal - death notice received via an update from a local NHS Organisation such as GP or Trust</td><td/></tr><tr><td style=\"white-space:nowrap\">2<a name=\"UKCore-DeathNotificationStatus-1-0-0-2\"> </a></td><td>Formal - death notice received from Registrar of Deaths</td><td/></tr></table></div>"
  },
  "url": "https://fhir.nhs.uk/R4/CodeSystem/UKCore-DeathNotificationStatus-1-0-0",
  "version": "1.0.0",
  "name": "UKCoreDeathNotificationStatus",
  "title": "UK Core Death Notification Status",
  "status": "draft",
  "date": "2019-10-25T01:00:00+01:00",
  "publisher": "NHS Digital",
  "contact": [
    {
      "name": "Interoperability Team",
      "telecom": [
        {
          "system": "email",
          "value": "interoperabilityteam@nhs.net",
          "use": "work"
        }
      ]
    }
  ],
  "description": "A CodeSystem to identify the type of death notice as held on Personal Demographics Service (PDS).",
  "copyright": "Copyright © 2019 NHS Digital",
  "caseSensitive": true,
  "content": "complete",
  "concept": [
    {
      "code": "1",
      "display": "Informal - death notice received via an update from a local NHS Organisation such as GP or Trust"
    },
    {
      "code": "2",
      "display": "Formal - death notice received from Registrar of Deaths"
    }
  ]
}