<?xml version="1.0" encoding="UTF-8"?>

<ConceptMap xmlns="http://hl7.org/fhir">
  <id value="UKCore-MaritalStatus"/>
  <text>
    <status value="generated"/><div xmlns="http://www.w3.org/1999/xhtml"><h2>ConceptMapUKCoreMaritalStatus (https://fhir.nhs.uk/R4/ConceptMap/UKCore-MaritalStatus)</h2><p>Mapping from <a href="http://hl7.org/fhir/R4/valueset-marital-status.html">http://hl7.org/fhir/ValueSet/marital-status</a> to <a href="ValueSet-UKCore-NHSDataDictionary-PersonMaritalStatus.html">https://fhir.nhs.uk/R4/ValueSet/UKCore-NHSDataDictionary-PersonMaritalStatus</a></p><p>DRAFT. Published on 18 Oct 2019, 13:00:00 by NHS Digital (NHS Digital: <a href="mailto:mailto:interoperabilityteam@nhs.net">mailto:interoperabilityteam@nhs.net</a>). Copyright © 2019 NHS Digital</p><div><p>A Concept Map from ValueSet Marital Status to NHS Data Dictionary Person Marital Status to aid interpretation.</p>
</div><br/><table class="grid"><tr><td><b>Source Code</b></td><td><b>Relationship</b></td><td><b>Destination Code</b></td></tr><tr><td>U (unmarried)</td><td>equivalent</td><td>S (Single)</td></tr><tr><td>D (Divorced)</td><td>equivalent</td><td>D (Divorced/Person whose Civil Partnership has been dissolved)</td></tr><tr><td>L (Legally Separated)</td><td>equivalent</td><td>P (Separated)</td></tr><tr><td>M (Married)</td><td>equivalent</td><td>M (Married/Civil Partner)</td></tr><tr><td>S (Never Married)</td><td>equivalent</td><td>S (Single)</td></tr><tr><td>W (Widowed)</td><td>equivalent</td><td>W (Widowed/Surviving Civil Partner)</td></tr></table><table class="grid"><tr><td><b>Source Code</b></td><td><b>Relationship</b></td><td><b>Destination Code</b></td></tr><tr><td>UNK (unknown)</td><td>equivalent</td><td>N (Not disclosed)</td></tr></table></div>
  </text>
  <url value="https://fhir.nhs.uk/R4/ConceptMap/UKCore-MaritalStatus"/>
  <version value="1.0.0"/>
  <name value="ConceptMapUKCoreMaritalStatus"/>
  <title value="Concept Map - UK Core Marital Status"/>
  <status value="draft"/>
  <date value="2019-10-18T13:00:00+01:00"/>
  <publisher value="NHS Digital"/>
  <contact>
    <name value="NHS Digital"/>
    <telecom>
      <system value="email"/>
      <value value="mailto:interoperabilityteam@nhs.net"/>
      <use value="work"/>
    </telecom>
  </contact>
  <description value="A Concept Map from ValueSet Marital Status to NHS Data Dictionary Person Marital Status to aid interpretation."/>
  <jurisdiction>
    <coding>
      <system value="urn:iso:std:iso:3166"/>
      <code value="GB"/>
    </coding>
  </jurisdiction>
  <copyright value="Copyright &#xA9; 2019 NHS Digital"/>
  <sourceUri value="http://hl7.org/fhir/ValueSet/marital-status"/>
  <targetUri value="https://fhir.nhs.uk/R4/ValueSet/UKCore-NHSDataDictionary-PersonMaritalStatus"/>
  <group>
    <source value="http://terminology.hl7.org/CodeSystem/v3-MaritalStatus"/>
    <target value="https://fhir.nhs.uk/R4/CodeSystem/UKCore-NHSDataDictionary-PersonMaritalStatus"/>
    <element>
      <code value="U"/>
      <display value="unmarried"/>
      <target>
        <code value="S"/>
        <display value="Single"/>
        <equivalence value="equivalent"/>
      </target>
    </element>
    <element>
      <code value="D"/>
      <display value="Divorced"/>
      <target>
        <code value="D"/>
        <display value="Divorced/Person whose Civil Partnership has been dissolved"/>
        <equivalence value="equivalent"/>
      </target>
    </element>
    <element>
      <code value="L"/>
      <display value="Legally Separated"/>
      <target>
        <code value="P"/>
        <display value="Separated"/>
        <equivalence value="equivalent"/>
      </target>
    </element>
    <element>
      <code value="M"/>
      <display value="Married"/>
      <target>
        <code value="M"/>
        <display value="Married/Civil Partner"/>
        <equivalence value="equivalent"/>
      </target>
    </element>
    <element>
      <code value="S"/>
      <display value="Never Married"/>
      <target>
        <code value="S"/>
        <display value="Single"/>
        <equivalence value="equivalent"/>
      </target>
    </element>
    <element>
      <code value="W"/>
      <display value="Widowed"/>
      <target>
        <code value="W"/>
        <display value="Widowed/Surviving Civil Partner"/>
        <equivalence value="equivalent"/>
      </target>
    </element>
  </group>
  <group>
    <source value="http://terminology.hl7.org/CodeSystem/v3-NullFlavor"/>
    <target value="https://fhir.nhs.uk/R4/CodeSystem/UKCore-NHSDataDictionary-PersonMaritalStatus"/>
    <element>
      <code value="UNK"/>
      <display value="unknown"/>
      <target>
        <code value="N"/>
        <display value="Not disclosed"/>
        <equivalence value="equivalent"/>
      </target>
    </element>
  </group>
</ConceptMap>