{
  "resourceType": "Condition",
  "id": "UKCore-Condition-Example",
  "meta": {
    "profile": [
      "https://fhir.nhs.uk/R4/StructureDefinition/UKCore-Condition"
    ]
  },
  "text": {
    "status": "generated",
    "div": "<div xmlns=\"http://www.w3.org/1999/xhtml\"><p><b>Generated Narrative with Details</b></p><p><b>id</b>: UKCore-Condition-Example</p><p><b>meta</b>: </p><p><b>clinicalStatus</b>: Active <span style=\"background: LightGoldenRodYellow\">(Details : {http://terminology.hl7.org/CodeSystem/condition-clinical code 'active' = 'Active', given as 'Active'})</span></p><p><b>verificationStatus</b>: Confirmed <span style=\"background: LightGoldenRodYellow\">(Details : {http://terminology.hl7.org/CodeSystem/condition-ver-status code 'confirmed' = 'Confirmed', given as 'Confirmed'})</span></p><p><b>category</b>: Encounter Diagnosis <span style=\"background: LightGoldenRodYellow\">(Details : {http://terminology.hl7.org/CodeSystem/condition-category code 'encounter-diagnosis' = 'Encounter Diagnosis', given as 'Encounter Diagnosis'})</span></p><p><b>code</b>: Bleeding from ear <span style=\"background: LightGoldenRodYellow\">(Details : {SNOMED CT code '26322001' = 'Bleeding from the ear', given as 'Bleeding from ear'})</span></p><p><b>subject</b>: <a href=\"UKCore-Patient-Example.html\">Generated Summary: id: UKCore-Patient-Example; 9912003888; Richard SMITH (OFFICIAL); ph: 01131231234; gender: male; birthDate: 1970-09-11</a></p></div>"
  },
  "clinicalStatus": {
    "coding": [
      {
        "system": "http://terminology.hl7.org/CodeSystem/condition-clinical",
        "code": "active",
        "display": "Active"
      }
    ]
  },
  "verificationStatus": {
    "coding": [
      {
        "system": "http://terminology.hl7.org/CodeSystem/condition-ver-status",
        "code": "confirmed",
        "display": "Confirmed"
      }
    ]
  },
  "category": [
    {
      "coding": [
        {
          "system": "http://terminology.hl7.org/CodeSystem/condition-category",
          "code": "encounter-diagnosis",
          "display": "Encounter Diagnosis"
        }
      ]
    }
  ],
  "code": {
    "coding": [
      {
        "system": "http://snomed.info/sct",
        "code": "26322001",
        "display": "Bleeding from ear"
      }
    ]
  },
  "subject": {
    "reference": "Patient/UKCore-Patient-Example"
  }
}