<?xml version="1.0" encoding="UTF-8"?>

<ImplementationGuide xmlns="http://hl7.org/fhir">
  <id value="nhsdigital-fhir-r4-core-prototype"/>
  <text>
    <status value="generated"/><div xmlns="http://www.w3.org/1999/xhtml"><h2>FHIRR4CorePrototype</h2><p>The official URL for this implementation guide is: </p><pre>https://fhir.nhs.uk/R4/ImplementationGuide/nhsdigital-fhir-r4-core-prototype</pre></div>
  </text>
  <url value="https://fhir.nhs.uk/R4/ImplementationGuide/nhsdigital-fhir-r4-core-prototype"/>
  <version value="1.0.0"/>
  <name value="FHIRR4CorePrototype"/>
  <title value="FHIR R4 Core Prototype"/>
  <status value="draft"/>
  <experimental value="true"/>
  <date value="2019-10-14T00:00:00+01:00"/>
  <publisher value="NHS Digital"/>
  <contact>
    <name value="NHS Digital"/>
    <telecom>
      <system value="email"/>
      <value value="mailto:interoperabilityteam@nhs.net"/>
      <use value="work"/>
    </telecom>
  </contact>
  <jurisdiction>
    <coding>
      <system value="urn:iso:std:iso:3166"/>
      <code value="GB"/>
    </coding>
  </jurisdiction>
  <packageId value="nhsdigital.fhir.r4.core.prototype"/>
  <license value="CC0-1.0"/>
  <fhirVersion value="4.0.1"/>
  <definition>
    <grouping>
      <name value="FHIR R4 Core Prototype"/>
    </grouping>
    <resource>
      <extension url="http://hl7.org/fhir/tools/StructureDefinition/resource-information">
        <valueString value="ValueSet"/>
      </extension>
      <extension url="http://hl7.org/fhir/StructureDefinition/implementationguide-page">
        <valueUri value="ValueSet-UKCore-ResidentialStatus.html"/>
      </extension>
      <reference>
        <reference value="ValueSet/UKCore-ResidentialStatus"/>
      </reference>
      <exampleBoolean value="false"/>
    </resource>
    <resource>
      <extension url="http://hl7.org/fhir/tools/StructureDefinition/resource-information">
        <valueString value="ValueSet"/>
      </extension>
      <extension url="http://hl7.org/fhir/StructureDefinition/implementationguide-page">
        <valueUri value="ValueSet-UKCore-AllergyManifestation.html"/>
      </extension>
      <reference>
        <reference value="ValueSet/UKCore-AllergyManifestation"/>
      </reference>
      <exampleBoolean value="false"/>
    </resource>
    <resource>
      <extension url="http://hl7.org/fhir/tools/StructureDefinition/resource-information">
        <valueString value="ValueSet"/>
      </extension>
      <extension url="http://hl7.org/fhir/StructureDefinition/implementationguide-page">
        <valueUri value="ValueSet-UKCore-AllergyCertainty.html"/>
      </extension>
      <reference>
        <reference value="ValueSet/UKCore-AllergyCertainty"/>
      </reference>
      <exampleBoolean value="false"/>
    </resource>
    <resource>
      <extension url="http://hl7.org/fhir/tools/StructureDefinition/resource-information">
        <valueString value="ValueSet"/>
      </extension>
      <extension url="http://hl7.org/fhir/StructureDefinition/implementationguide-page">
        <valueUri value="ValueSet-UKCore-AllergySeverity.html"/>
      </extension>
      <reference>
        <reference value="ValueSet/UKCore-AllergySeverity"/>
      </reference>
      <exampleBoolean value="false"/>
    </resource>
    <resource>
      <extension url="http://hl7.org/fhir/tools/StructureDefinition/resource-information">
        <valueString value="ValueSet"/>
      </extension>
      <extension url="http://hl7.org/fhir/StructureDefinition/implementationguide-page">
        <valueUri value="ValueSet-UKCore-ConditionEpisode.html"/>
      </extension>
      <reference>
        <reference value="ValueSet/UKCore-ConditionEpisode"/>
      </reference>
      <exampleBoolean value="false"/>
    </resource>
    <resource>
      <extension url="http://hl7.org/fhir/tools/StructureDefinition/resource-information">
        <valueString value="ValueSet"/>
      </extension>
      <extension url="http://hl7.org/fhir/StructureDefinition/implementationguide-page">
        <valueUri value="ValueSet-UKCore-ConditionCode.html"/>
      </extension>
      <reference>
        <reference value="ValueSet/UKCore-ConditionCode"/>
      </reference>
      <exampleBoolean value="false"/>
    </resource>
    <resource>
      <extension url="http://hl7.org/fhir/tools/StructureDefinition/resource-information">
        <valueString value="ValueSet"/>
      </extension>
      <extension url="http://hl7.org/fhir/StructureDefinition/implementationguide-page">
        <valueUri value="ValueSet-UKCore-ConditionEpisodicity.html"/>
      </extension>
      <reference>
        <reference value="ValueSet/UKCore-ConditionEpisodicity"/>
      </reference>
      <exampleBoolean value="false"/>
    </resource>
    <resource>
      <extension url="http://hl7.org/fhir/tools/StructureDefinition/resource-information">
        <valueString value="ValueSet"/>
      </extension>
      <extension url="http://hl7.org/fhir/StructureDefinition/implementationguide-page">
        <valueUri value="ValueSet-UKCore-AllergyCode.html"/>
      </extension>
      <reference>
        <reference value="ValueSet/UKCore-AllergyCode"/>
      </reference>
      <exampleBoolean value="false"/>
    </resource>
    <resource>
      <extension url="http://hl7.org/fhir/tools/StructureDefinition/resource-information">
        <valueString value="ValueSet"/>
      </extension>
      <extension url="http://hl7.org/fhir/StructureDefinition/implementationguide-page">
        <valueUri value="ValueSet-UKCore-AllergyExposureRoute.html"/>
      </extension>
      <reference>
        <reference value="ValueSet/UKCore-AllergyExposureRoute"/>
      </reference>
      <exampleBoolean value="false"/>
    </resource>
    <resource>
      <extension url="http://hl7.org/fhir/tools/StructureDefinition/resource-information">
        <valueString value="ValueSet"/>
      </extension>
      <extension url="http://hl7.org/fhir/StructureDefinition/implementationguide-page">
        <valueUri value="ValueSet-UKCore-CareSettingType.html"/>
      </extension>
      <reference>
        <reference value="ValueSet/UKCore-CareSettingType"/>
      </reference>
      <exampleBoolean value="false"/>
    </resource>
    <resource>
      <extension url="http://hl7.org/fhir/tools/StructureDefinition/resource-information">
        <valueString value="ValueSet"/>
      </extension>
      <extension url="http://hl7.org/fhir/StructureDefinition/implementationguide-page">
        <valueUri value="ValueSet-UKCore-ProcedureCode.html"/>
      </extension>
      <reference>
        <reference value="ValueSet/UKCore-ProcedureCode"/>
      </reference>
      <exampleBoolean value="false"/>
    </resource>
    <resource>
      <extension url="http://hl7.org/fhir/tools/StructureDefinition/resource-information">
        <valueString value="ValueSet"/>
      </extension>
      <extension url="http://hl7.org/fhir/StructureDefinition/implementationguide-page">
        <valueUri value="ValueSet-UKCore-ListCode.html"/>
      </extension>
      <reference>
        <reference value="ValueSet/UKCore-ListCode"/>
      </reference>
      <exampleBoolean value="false"/>
    </resource>
    <resource>
      <extension url="http://hl7.org/fhir/tools/StructureDefinition/resource-information">
        <valueString value="ValueSet"/>
      </extension>
      <extension url="http://hl7.org/fhir/StructureDefinition/implementationguide-page">
        <valueUri value="ValueSet-UKCore-ListEmptyReasonCode.html"/>
      </extension>
      <reference>
        <reference value="ValueSet/UKCore-ListEmptyReasonCode"/>
      </reference>
      <exampleBoolean value="false"/>
    </resource>
    <resource>
      <extension url="http://hl7.org/fhir/tools/StructureDefinition/resource-information">
        <valueString value="ValueSet"/>
      </extension>
      <extension url="http://hl7.org/fhir/StructureDefinition/implementationguide-page">
        <valueUri value="ValueSet-UKCore-ListWarningCode.html"/>
      </extension>
      <reference>
        <reference value="ValueSet/UKCore-ListWarningCode"/>
      </reference>
      <exampleBoolean value="false"/>
    </resource>
    <resource>
      <extension url="http://hl7.org/fhir/tools/StructureDefinition/resource-information">
        <valueString value="ValueSet"/>
      </extension>
      <extension url="http://hl7.org/fhir/StructureDefinition/implementationguide-page">
        <valueUri value="ValueSet-UKCore-BodySite.html"/>
      </extension>
      <reference>
        <reference value="ValueSet/UKCore-BodySite"/>
      </reference>
      <exampleBoolean value="false"/>
    </resource>
    <resource>
      <extension url="http://hl7.org/fhir/tools/StructureDefinition/resource-information">
        <valueString value="ValueSet"/>
      </extension>
      <extension url="http://hl7.org/fhir/StructureDefinition/implementationguide-page">
        <valueUri value="ValueSet-UKCore-EncounterType.html"/>
      </extension>
      <reference>
        <reference value="ValueSet/UKCore-EncounterType"/>
      </reference>
      <exampleBoolean value="false"/>
    </resource>
    <resource>
      <extension url="http://hl7.org/fhir/tools/StructureDefinition/resource-information">
        <valueString value="ValueSet"/>
      </extension>
      <extension url="http://hl7.org/fhir/StructureDefinition/implementationguide-page">
        <valueUri value="ValueSet-UKCore-EmergencyCareDischargeStatus.html"/>
      </extension>
      <reference>
        <reference value="ValueSet/UKCore-EmergencyCareDischargeStatus"/>
      </reference>
      <exampleBoolean value="false"/>
    </resource>
    <resource>
      <extension url="http://hl7.org/fhir/tools/StructureDefinition/resource-information">
        <valueString value="ValueSet"/>
      </extension>
      <extension url="http://hl7.org/fhir/StructureDefinition/implementationguide-page">
        <valueUri value="ValueSet-UKCore-ObservationType.html"/>
      </extension>
      <reference>
        <reference value="ValueSet/UKCore-ObservationType"/>
      </reference>
      <exampleBoolean value="false"/>
    </resource>
    <resource>
      <extension url="http://hl7.org/fhir/tools/StructureDefinition/resource-information">
        <valueString value="ValueSet"/>
      </extension>
      <extension url="http://hl7.org/fhir/StructureDefinition/implementationguide-page">
        <valueUri value="ValueSet-UKCore-TreatmentCategory.html"/>
      </extension>
      <reference>
        <reference value="ValueSet/UKCore-TreatmentCategory"/>
      </reference>
      <exampleBoolean value="false"/>
    </resource>
    <resource>
      <extension url="http://hl7.org/fhir/tools/StructureDefinition/resource-information">
        <valueString value="ValueSet"/>
      </extension>
      <extension url="http://hl7.org/fhir/StructureDefinition/implementationguide-page">
        <valueUri value="ValueSet-UKCore-HumanLanguage.html"/>
      </extension>
      <reference>
        <reference value="ValueSet/UKCore-HumanLanguage"/>
      </reference>
      <exampleBoolean value="false"/>
    </resource>
    <resource>
      <extension url="http://hl7.org/fhir/tools/StructureDefinition/resource-information">
        <valueString value="ValueSet"/>
      </extension>
      <extension url="http://hl7.org/fhir/StructureDefinition/implementationguide-page">
        <valueUri value="ValueSet-UKCore-LanguageAbilityMode.html"/>
      </extension>
      <reference>
        <reference value="ValueSet/UKCore-LanguageAbilityMode"/>
      </reference>
      <exampleBoolean value="false"/>
    </resource>
    <resource>
      <extension url="http://hl7.org/fhir/tools/StructureDefinition/resource-information">
        <valueString value="ValueSet"/>
      </extension>
      <extension url="http://hl7.org/fhir/StructureDefinition/implementationguide-page">
        <valueUri value="ValueSet-UKCore-LanguageAbilityProficiency.html"/>
      </extension>
      <reference>
        <reference value="ValueSet/UKCore-LanguageAbilityProficiency"/>
      </reference>
      <exampleBoolean value="false"/>
    </resource>
    <resource>
      <extension url="http://hl7.org/fhir/tools/StructureDefinition/resource-information">
        <valueString value="ValueSet"/>
      </extension>
      <extension url="http://hl7.org/fhir/StructureDefinition/implementationguide-page">
        <valueUri value="ValueSet-UKCore-SDSJobRoleName.html"/>
      </extension>
      <reference>
        <reference value="ValueSet/UKCore-SDSJobRoleName"/>
      </reference>
      <exampleBoolean value="false"/>
    </resource>
    <resource>
      <extension url="http://hl7.org/fhir/tools/StructureDefinition/resource-information">
        <valueString value="ValueSet"/>
      </extension>
      <extension url="http://hl7.org/fhir/StructureDefinition/implementationguide-page">
        <valueUri value="ValueSet-UKCore-DeathNotificationStatus.html"/>
      </extension>
      <reference>
        <reference value="ValueSet/UKCore-DeathNotificationStatus"/>
      </reference>
      <exampleBoolean value="false"/>
    </resource>
    <resource>
      <extension url="http://hl7.org/fhir/tools/StructureDefinition/resource-information">
        <valueString value="ValueSet"/>
      </extension>
      <extension url="http://hl7.org/fhir/StructureDefinition/implementationguide-page">
        <valueUri value="ValueSet-UKCore-EthnicCategory.html"/>
      </extension>
      <reference>
        <reference value="ValueSet/UKCore-EthnicCategory"/>
      </reference>
      <exampleBoolean value="false"/>
    </resource>
    <resource>
      <extension url="http://hl7.org/fhir/tools/StructureDefinition/resource-information">
        <valueString value="ValueSet"/>
      </extension>
      <extension url="http://hl7.org/fhir/StructureDefinition/implementationguide-page">
        <valueUri value="ValueSet-UKCore-AdmissionMethod.html"/>
      </extension>
      <reference>
        <reference value="ValueSet/UKCore-AdmissionMethod"/>
      </reference>
      <exampleBoolean value="false"/>
    </resource>
    <resource>
      <extension url="http://hl7.org/fhir/tools/StructureDefinition/resource-information">
        <valueString value="ValueSet"/>
      </extension>
      <extension url="http://hl7.org/fhir/StructureDefinition/implementationguide-page">
        <valueUri value="ValueSet-UKCore-DischargeDestination.html"/>
      </extension>
      <reference>
        <reference value="ValueSet/UKCore-DischargeDestination"/>
      </reference>
      <exampleBoolean value="false"/>
    </resource>
    <resource>
      <extension url="http://hl7.org/fhir/tools/StructureDefinition/resource-information">
        <valueString value="ValueSet"/>
      </extension>
      <extension url="http://hl7.org/fhir/StructureDefinition/implementationguide-page">
        <valueUri value="ValueSet-UKCore-DischargeMethod.html"/>
      </extension>
      <reference>
        <reference value="ValueSet/UKCore-DischargeMethod"/>
      </reference>
      <exampleBoolean value="false"/>
    </resource>
    <resource>
      <extension url="http://hl7.org/fhir/tools/StructureDefinition/resource-information">
        <valueString value="ValueSet"/>
      </extension>
      <extension url="http://hl7.org/fhir/StructureDefinition/implementationguide-page">
        <valueUri value="ValueSet-UKCore-OutcomeOfAttendance.html"/>
      </extension>
      <reference>
        <reference value="ValueSet/UKCore-OutcomeOfAttendance"/>
      </reference>
      <exampleBoolean value="false"/>
    </resource>
    <resource>
      <extension url="http://hl7.org/fhir/tools/StructureDefinition/resource-information">
        <valueString value="ValueSet"/>
      </extension>
      <extension url="http://hl7.org/fhir/StructureDefinition/implementationguide-page">
        <valueUri value="ValueSet-UKCore-SourceOfAdmission.html"/>
      </extension>
      <reference>
        <reference value="ValueSet/UKCore-SourceOfAdmission"/>
      </reference>
      <exampleBoolean value="false"/>
    </resource>
    <resource>
      <extension url="http://hl7.org/fhir/tools/StructureDefinition/resource-information">
        <valueString value="ValueSet"/>
      </extension>
      <extension url="http://hl7.org/fhir/StructureDefinition/implementationguide-page">
        <valueUri value="ValueSet-UKCore-NHSNumberVerificationStatus.html"/>
      </extension>
      <reference>
        <reference value="ValueSet/UKCore-NHSNumberVerificationStatus"/>
      </reference>
      <exampleBoolean value="false"/>
    </resource>
    <resource>
      <extension url="http://hl7.org/fhir/tools/StructureDefinition/resource-information">
        <valueString value="ValueSet"/>
      </extension>
      <extension url="http://hl7.org/fhir/StructureDefinition/implementationguide-page">
        <valueUri value="ValueSet-UKCore-ReligiousAffiliation.html"/>
      </extension>
      <reference>
        <reference value="ValueSet/UKCore-ReligiousAffiliation"/>
      </reference>
      <exampleBoolean value="false"/>
    </resource>
    <resource>
      <extension url="http://hl7.org/fhir/tools/StructureDefinition/resource-information">
        <valueString value="ValueSet"/>
      </extension>
      <extension url="http://hl7.org/fhir/StructureDefinition/implementationguide-page">
        <valueUri value="ValueSet-UKCore-NHSDataDictionary-PersonMaritalStatus.html"/>
      </extension>
      <reference>
        <reference value="ValueSet/UKCore-NHSDataDictionary-PersonMaritalStatus"/>
      </reference>
      <exampleBoolean value="false"/>
    </resource>
    <resource>
      <extension url="http://hl7.org/fhir/tools/StructureDefinition/resource-information">
        <valueString value="CodeSystem"/>
      </extension>
      <extension url="http://hl7.org/fhir/StructureDefinition/implementationguide-page">
        <valueUri value="CodeSystem-UKCore-AdmissionMethod.html"/>
      </extension>
      <reference>
        <reference value="CodeSystem/UKCore-AdmissionMethod"/>
      </reference>
      <exampleBoolean value="false"/>
    </resource>
    <resource>
      <extension url="http://hl7.org/fhir/tools/StructureDefinition/resource-information">
        <valueString value="CodeSystem"/>
      </extension>
      <extension url="http://hl7.org/fhir/StructureDefinition/implementationguide-page">
        <valueUri value="CodeSystem-UKCore-DischargeDestination.html"/>
      </extension>
      <reference>
        <reference value="CodeSystem/UKCore-DischargeDestination"/>
      </reference>
      <exampleBoolean value="false"/>
    </resource>
    <resource>
      <extension url="http://hl7.org/fhir/tools/StructureDefinition/resource-information">
        <valueString value="CodeSystem"/>
      </extension>
      <extension url="http://hl7.org/fhir/StructureDefinition/implementationguide-page">
        <valueUri value="CodeSystem-UKCore-DischargeMethod.html"/>
      </extension>
      <reference>
        <reference value="CodeSystem/UKCore-DischargeMethod"/>
      </reference>
      <exampleBoolean value="false"/>
    </resource>
    <resource>
      <extension url="http://hl7.org/fhir/tools/StructureDefinition/resource-information">
        <valueString value="CodeSystem"/>
      </extension>
      <extension url="http://hl7.org/fhir/StructureDefinition/implementationguide-page">
        <valueUri value="CodeSystem-UKCore-OutcomeOfAttendance.html"/>
      </extension>
      <reference>
        <reference value="CodeSystem/UKCore-OutcomeOfAttendance"/>
      </reference>
      <exampleBoolean value="false"/>
    </resource>
    <resource>
      <extension url="http://hl7.org/fhir/tools/StructureDefinition/resource-information">
        <valueString value="CodeSystem"/>
      </extension>
      <extension url="http://hl7.org/fhir/StructureDefinition/implementationguide-page">
        <valueUri value="CodeSystem-UKCore-SourceOfAdmission.html"/>
      </extension>
      <reference>
        <reference value="CodeSystem/UKCore-SourceOfAdmission"/>
      </reference>
      <exampleBoolean value="false"/>
    </resource>
    <resource>
      <extension url="http://hl7.org/fhir/tools/StructureDefinition/resource-information">
        <valueString value="CodeSystem"/>
      </extension>
      <extension url="http://hl7.org/fhir/StructureDefinition/implementationguide-page">
        <valueUri value="CodeSystem-UKCore-ConditionEpisodicity.html"/>
      </extension>
      <reference>
        <reference value="CodeSystem/UKCore-ConditionEpisodicity"/>
      </reference>
      <exampleBoolean value="false"/>
    </resource>
    <resource>
      <extension url="http://hl7.org/fhir/tools/StructureDefinition/resource-information">
        <valueString value="CodeSystem"/>
      </extension>
      <extension url="http://hl7.org/fhir/StructureDefinition/implementationguide-page">
        <valueUri value="CodeSystem-UKCore-ResidentialStatus.html"/>
      </extension>
      <reference>
        <reference value="CodeSystem/UKCore-ResidentialStatus"/>
      </reference>
      <exampleBoolean value="false"/>
    </resource>
    <resource>
      <extension url="http://hl7.org/fhir/tools/StructureDefinition/resource-information">
        <valueString value="CodeSystem"/>
      </extension>
      <extension url="http://hl7.org/fhir/StructureDefinition/implementationguide-page">
        <valueUri value="CodeSystem-UKCore-TreatmentCategory.html"/>
      </extension>
      <reference>
        <reference value="CodeSystem/UKCore-TreatmentCategory"/>
      </reference>
      <exampleBoolean value="false"/>
    </resource>
    <resource>
      <extension url="http://hl7.org/fhir/tools/StructureDefinition/resource-information">
        <valueString value="CodeSystem"/>
      </extension>
      <extension url="http://hl7.org/fhir/StructureDefinition/implementationguide-page">
        <valueUri value="CodeSystem-UKCore-HumanLanguage.html"/>
      </extension>
      <reference>
        <reference value="CodeSystem/UKCore-HumanLanguage"/>
      </reference>
      <exampleBoolean value="false"/>
    </resource>
    <resource>
      <extension url="http://hl7.org/fhir/tools/StructureDefinition/resource-information">
        <valueString value="CodeSystem"/>
      </extension>
      <extension url="http://hl7.org/fhir/StructureDefinition/implementationguide-page">
        <valueUri value="CodeSystem-UKCore-LanguageAbilityProficiency.html"/>
      </extension>
      <reference>
        <reference value="CodeSystem/UKCore-LanguageAbilityProficiency"/>
      </reference>
      <exampleBoolean value="false"/>
    </resource>
    <resource>
      <extension url="http://hl7.org/fhir/tools/StructureDefinition/resource-information">
        <valueString value="CodeSystem"/>
      </extension>
      <extension url="http://hl7.org/fhir/StructureDefinition/implementationguide-page">
        <valueUri value="CodeSystem-UKCore-LanguageAbilityMode.html"/>
      </extension>
      <reference>
        <reference value="CodeSystem/UKCore-LanguageAbilityMode"/>
      </reference>
      <exampleBoolean value="false"/>
    </resource>
    <resource>
      <extension url="http://hl7.org/fhir/tools/StructureDefinition/resource-information">
        <valueString value="CodeSystem"/>
      </extension>
      <extension url="http://hl7.org/fhir/StructureDefinition/implementationguide-page">
        <valueUri value="CodeSystem-UKCore-SDSJobRoleName.html"/>
      </extension>
      <reference>
        <reference value="CodeSystem/UKCore-SDSJobRoleName"/>
      </reference>
      <exampleBoolean value="false"/>
    </resource>
    <resource>
      <extension url="http://hl7.org/fhir/tools/StructureDefinition/resource-information">
        <valueString value="CodeSystem"/>
      </extension>
      <extension url="http://hl7.org/fhir/StructureDefinition/implementationguide-page">
        <valueUri value="CodeSystem-UKCore-ListWarningCode.html"/>
      </extension>
      <reference>
        <reference value="CodeSystem/UKCore-ListWarningCode"/>
      </reference>
      <exampleBoolean value="false"/>
    </resource>
    <resource>
      <extension url="http://hl7.org/fhir/tools/StructureDefinition/resource-information">
        <valueString value="CodeSystem"/>
      </extension>
      <extension url="http://hl7.org/fhir/StructureDefinition/implementationguide-page">
        <valueUri value="CodeSystem-UKCore-ListEmptyReasonCode.html"/>
      </extension>
      <reference>
        <reference value="CodeSystem/UKCore-ListEmptyReasonCode"/>
      </reference>
      <exampleBoolean value="false"/>
    </resource>
    <resource>
      <extension url="http://hl7.org/fhir/tools/StructureDefinition/resource-information">
        <valueString value="CodeSystem"/>
      </extension>
      <extension url="http://hl7.org/fhir/StructureDefinition/implementationguide-page">
        <valueUri value="CodeSystem-UKCore-DeathNotificationStatus.html"/>
      </extension>
      <reference>
        <reference value="CodeSystem/UKCore-DeathNotificationStatus"/>
      </reference>
      <exampleBoolean value="false"/>
    </resource>
    <resource>
      <extension url="http://hl7.org/fhir/tools/StructureDefinition/resource-information">
        <valueString value="CodeSystem"/>
      </extension>
      <extension url="http://hl7.org/fhir/StructureDefinition/implementationguide-page">
        <valueUri value="CodeSystem-UKCore-EthnicCategory.html"/>
      </extension>
      <reference>
        <reference value="CodeSystem/UKCore-EthnicCategory"/>
      </reference>
      <exampleBoolean value="false"/>
    </resource>
    <resource>
      <extension url="http://hl7.org/fhir/tools/StructureDefinition/resource-information">
        <valueString value="CodeSystem"/>
      </extension>
      <extension url="http://hl7.org/fhir/StructureDefinition/implementationguide-page">
        <valueUri value="CodeSystem-UKCore-NHSNumberVerificationStatus.html"/>
      </extension>
      <reference>
        <reference value="CodeSystem/UKCore-NHSNumberVerificationStatus"/>
      </reference>
      <exampleBoolean value="false"/>
    </resource>
    <resource>
      <extension url="http://hl7.org/fhir/tools/StructureDefinition/resource-information">
        <valueString value="CodeSystem"/>
      </extension>
      <extension url="http://hl7.org/fhir/StructureDefinition/implementationguide-page">
        <valueUri value="CodeSystem-UKCore-NHSDataDictionary-PersonMaritalStatus.html"/>
      </extension>
      <reference>
        <reference value="CodeSystem/UKCore-NHSDataDictionary-PersonMaritalStatus"/>
      </reference>
      <exampleBoolean value="false"/>
    </resource>
    <resource>
      <extension url="http://hl7.org/fhir/tools/StructureDefinition/resource-information">
        <valueString value="ConceptMap"/>
      </extension>
      <extension url="http://hl7.org/fhir/StructureDefinition/implementationguide-page">
        <valueUri value="ConceptMap-UKCore-MaritalStatus.html"/>
      </extension>
      <reference>
        <reference value="ConceptMap/UKCore-MaritalStatus"/>
      </reference>
      <exampleBoolean value="false"/>
    </resource>
    <resource>
      <extension url="http://hl7.org/fhir/tools/StructureDefinition/resource-information">
        <valueString value="ConceptMap"/>
      </extension>
      <extension url="http://hl7.org/fhir/StructureDefinition/implementationguide-page">
        <valueUri value="ConceptMap-UKCore-ConditionEpisodicity.html"/>
      </extension>
      <reference>
        <reference value="ConceptMap/UKCore-ConditionEpisodicity"/>
      </reference>
      <exampleBoolean value="false"/>
    </resource>
    <resource>
      <extension url="http://hl7.org/fhir/tools/StructureDefinition/resource-information">
        <valueString value="CodeSystem"/>
      </extension>
      <extension url="http://hl7.org/fhir/StructureDefinition/implementationguide-page">
        <valueUri value="CodeSystem-UKCore-NHSDataDictionary-PersonStatedGender.html"/>
      </extension>
      <reference>
        <reference value="CodeSystem/UKCore-NHSDataDictionary-PersonStatedGender"/>
      </reference>
      <exampleBoolean value="false"/>
    </resource>
    <resource>
      <extension url="http://hl7.org/fhir/tools/StructureDefinition/resource-information">
        <valueString value="ConceptMap"/>
      </extension>
      <extension url="http://hl7.org/fhir/StructureDefinition/implementationguide-page">
        <valueUri value="ConceptMap-UKCore-AdministrativeGender.html"/>
      </extension>
      <reference>
        <reference value="ConceptMap/UKCore-AdministrativeGender"/>
      </reference>
      <exampleBoolean value="false"/>
    </resource>
    <resource>
      <extension url="http://hl7.org/fhir/tools/StructureDefinition/resource-information">
        <valueString value="ConceptMap"/>
      </extension>
      <extension url="http://hl7.org/fhir/StructureDefinition/implementationguide-page">
        <valueUri value="ConceptMap-UKCore-AllergySeverity.html"/>
      </extension>
      <reference>
        <reference value="ConceptMap/UKCore-AllergySeverity"/>
      </reference>
      <exampleBoolean value="false"/>
    </resource>
    <resource>
      <extension url="http://hl7.org/fhir/tools/StructureDefinition/resource-information">
        <valueString value="ConceptMap"/>
      </extension>
      <extension url="http://hl7.org/fhir/StructureDefinition/implementationguide-page">
        <valueUri value="ConceptMap-UKCore-AllergyVerificationStatus.html"/>
      </extension>
      <reference>
        <reference value="ConceptMap/UKCore-AllergyVerificationStatus"/>
      </reference>
      <exampleBoolean value="false"/>
    </resource>
    <resource>
      <extension url="http://hl7.org/fhir/tools/StructureDefinition/resource-information">
        <valueString value="ValueSet"/>
      </extension>
      <extension url="http://hl7.org/fhir/StructureDefinition/implementationguide-page">
        <valueUri value="ValueSet-UKCore-NHSDataDictionary-PersonStatedGender.html"/>
      </extension>
      <reference>
        <reference value="ValueSet/UKCore-NHSDataDictionary-PersonStatedGender"/>
      </reference>
      <exampleBoolean value="false"/>
    </resource>
    <resource>
      <extension url="http://hl7.org/fhir/tools/StructureDefinition/resource-information">
        <valueString value="StructureDefinition:resource"/>
      </extension>
      <extension url="http://hl7.org/fhir/StructureDefinition/implementationguide-page">
        <valueUri value="UKCore-Patient.html"/>
      </extension>
      <reference>
        <reference value="StructureDefinition/UKCore-Patient"/>
      </reference>
      <exampleBoolean value="false"/>
    </resource>
    <resource>
      <extension url="http://hl7.org/fhir/tools/StructureDefinition/resource-information">
        <valueString value="StructureDefinition:resource"/>
      </extension>
      <extension url="http://hl7.org/fhir/StructureDefinition/implementationguide-page">
        <valueUri value="UKCore-Practitioner.html"/>
      </extension>
      <reference>
        <reference value="StructureDefinition/UKCore-Practitioner"/>
      </reference>
      <exampleBoolean value="false"/>
    </resource>
    <resource>
      <extension url="http://hl7.org/fhir/tools/StructureDefinition/resource-information">
        <valueString value="StructureDefinition:resource"/>
      </extension>
      <extension url="http://hl7.org/fhir/StructureDefinition/implementationguide-page">
        <valueUri value="UKCore-PractitionerRole.html"/>
      </extension>
      <reference>
        <reference value="StructureDefinition/UKCore-PractitionerRole"/>
      </reference>
      <exampleBoolean value="false"/>
    </resource>
    <resource>
      <extension url="http://hl7.org/fhir/tools/StructureDefinition/resource-information">
        <valueString value="StructureDefinition:resource"/>
      </extension>
      <extension url="http://hl7.org/fhir/StructureDefinition/implementationguide-page">
        <valueUri value="UKCore-Organization.html"/>
      </extension>
      <reference>
        <reference value="StructureDefinition/UKCore-Organization"/>
      </reference>
      <exampleBoolean value="false"/>
    </resource>
    <resource>
      <extension url="http://hl7.org/fhir/tools/StructureDefinition/resource-information">
        <valueString value="StructureDefinition:resource"/>
      </extension>
      <extension url="http://hl7.org/fhir/StructureDefinition/implementationguide-page">
        <valueUri value="UKCore-Consent.html"/>
      </extension>
      <reference>
        <reference value="StructureDefinition/UKCore-Consent"/>
      </reference>
      <exampleBoolean value="false"/>
    </resource>
    <resource>
      <extension url="http://hl7.org/fhir/tools/StructureDefinition/resource-information">
        <valueString value="StructureDefinition:resource"/>
      </extension>
      <extension url="http://hl7.org/fhir/StructureDefinition/implementationguide-page">
        <valueUri value="UKCore-RelatedPerson.html"/>
      </extension>
      <reference>
        <reference value="StructureDefinition/UKCore-RelatedPerson"/>
      </reference>
      <exampleBoolean value="false"/>
    </resource>
    <resource>
      <extension url="http://hl7.org/fhir/tools/StructureDefinition/resource-information">
        <valueString value="StructureDefinition:resource"/>
      </extension>
      <extension url="http://hl7.org/fhir/StructureDefinition/implementationguide-page">
        <valueUri value="UKCore-Location.html"/>
      </extension>
      <reference>
        <reference value="StructureDefinition/UKCore-Location"/>
      </reference>
      <exampleBoolean value="false"/>
    </resource>
    <resource>
      <extension url="http://hl7.org/fhir/tools/StructureDefinition/resource-information">
        <valueString value="StructureDefinition:resource"/>
      </extension>
      <extension url="http://hl7.org/fhir/StructureDefinition/implementationguide-page">
        <valueUri value="UKCore-Procedure.html"/>
      </extension>
      <reference>
        <reference value="StructureDefinition/UKCore-Procedure"/>
      </reference>
      <exampleBoolean value="false"/>
    </resource>
    <resource>
      <extension url="http://hl7.org/fhir/tools/StructureDefinition/resource-information">
        <valueString value="StructureDefinition:resource"/>
      </extension>
      <extension url="http://hl7.org/fhir/StructureDefinition/implementationguide-page">
        <valueUri value="UKCore-Condition.html"/>
      </extension>
      <reference>
        <reference value="StructureDefinition/UKCore-Condition"/>
      </reference>
      <exampleBoolean value="false"/>
    </resource>
    <resource>
      <extension url="http://hl7.org/fhir/tools/StructureDefinition/resource-information">
        <valueString value="StructureDefinition:resource"/>
      </extension>
      <extension url="http://hl7.org/fhir/StructureDefinition/implementationguide-page">
        <valueUri value="UKCore-AllergyIntolerance.html"/>
      </extension>
      <reference>
        <reference value="StructureDefinition/UKCore-AllergyIntolerance"/>
      </reference>
      <exampleBoolean value="false"/>
    </resource>
    <resource>
      <extension url="http://hl7.org/fhir/tools/StructureDefinition/resource-information">
        <valueString value="StructureDefinition:resource"/>
      </extension>
      <extension url="http://hl7.org/fhir/StructureDefinition/implementationguide-page">
        <valueUri value="UKCore-Observation.html"/>
      </extension>
      <reference>
        <reference value="StructureDefinition/UKCore-Observation"/>
      </reference>
      <exampleBoolean value="false"/>
    </resource>
    <resource>
      <extension url="http://hl7.org/fhir/tools/StructureDefinition/resource-information">
        <valueString value="StructureDefinition:resource"/>
      </extension>
      <extension url="http://hl7.org/fhir/StructureDefinition/implementationguide-page">
        <valueUri value="UKCore-Encounter.html"/>
      </extension>
      <reference>
        <reference value="StructureDefinition/UKCore-Encounter"/>
      </reference>
      <exampleBoolean value="false"/>
    </resource>
    <resource>
      <extension url="http://hl7.org/fhir/tools/StructureDefinition/resource-information">
        <valueString value="StructureDefinition:resource"/>
      </extension>
      <extension url="http://hl7.org/fhir/StructureDefinition/implementationguide-page">
        <valueUri value="UKCore-List.html"/>
      </extension>
      <reference>
        <reference value="StructureDefinition/UKCore-List"/>
      </reference>
      <exampleBoolean value="false"/>
    </resource>
    <resource>
      <extension url="http://hl7.org/fhir/tools/StructureDefinition/resource-information">
        <valueString value="StructureDefinition:extension"/>
      </extension>
      <extension url="http://hl7.org/fhir/StructureDefinition/implementationguide-page">
        <valueUri value="Extension-UKCore-NHSNumberVerificationStatus.html"/>
      </extension>
      <reference>
        <reference value="StructureDefinition/Extension-UKCore-NHSNumberVerificationStatus"/>
      </reference>
      <exampleBoolean value="false"/>
    </resource>
    <resource>
      <extension url="http://hl7.org/fhir/tools/StructureDefinition/resource-information">
        <valueString value="StructureDefinition:extension"/>
      </extension>
      <extension url="http://hl7.org/fhir/StructureDefinition/implementationguide-page">
        <valueUri value="Extension-UKCore-NHSCommunication.html"/>
      </extension>
      <reference>
        <reference value="StructureDefinition/Extension-UKCore-NHSCommunication"/>
      </reference>
      <exampleBoolean value="false"/>
    </resource>
    <resource>
      <extension url="http://hl7.org/fhir/tools/StructureDefinition/resource-information">
        <valueString value="StructureDefinition:extension"/>
      </extension>
      <extension url="http://hl7.org/fhir/StructureDefinition/implementationguide-page">
        <valueUri value="Extension-UKCore-Evidence.html"/>
      </extension>
      <reference>
        <reference value="StructureDefinition/Extension-UKCore-Evidence"/>
      </reference>
      <exampleBoolean value="false"/>
    </resource>
    <resource>
      <extension url="http://hl7.org/fhir/tools/StructureDefinition/resource-information">
        <valueString value="StructureDefinition:extension"/>
      </extension>
      <extension url="http://hl7.org/fhir/StructureDefinition/implementationguide-page">
        <valueUri value="Extension-UKCore-AllergyIntoleranceEnd.html"/>
      </extension>
      <reference>
        <reference value="StructureDefinition/Extension-UKCore-AllergyIntoleranceEnd"/>
      </reference>
      <exampleBoolean value="false"/>
    </resource>
    <resource>
      <extension url="http://hl7.org/fhir/tools/StructureDefinition/resource-information">
        <valueString value="StructureDefinition:extension"/>
      </extension>
      <extension url="http://hl7.org/fhir/StructureDefinition/implementationguide-page">
        <valueUri value="Extension-UKCore-DeathNotificationStatus.html"/>
      </extension>
      <reference>
        <reference value="StructureDefinition/Extension-UKCore-DeathNotificationStatus"/>
      </reference>
      <exampleBoolean value="false"/>
    </resource>
    <resource>
      <extension url="http://hl7.org/fhir/tools/StructureDefinition/resource-information">
        <valueString value="StructureDefinition:extension"/>
      </extension>
      <extension url="http://hl7.org/fhir/StructureDefinition/implementationguide-page">
        <valueUri value="Extension-UKCore-EthnicCategory.html"/>
      </extension>
      <reference>
        <reference value="StructureDefinition/Extension-UKCore-EthnicCategory"/>
      </reference>
      <exampleBoolean value="false"/>
    </resource>
    <resource>
      <extension url="http://hl7.org/fhir/tools/StructureDefinition/resource-information">
        <valueString value="StructureDefinition:extension"/>
      </extension>
      <extension url="http://hl7.org/fhir/StructureDefinition/implementationguide-page">
        <valueUri value="Extension-UKCore-ReligiousAffiliation.html"/>
      </extension>
      <reference>
        <reference value="StructureDefinition/Extension-UKCore-ReligiousAffiliation"/>
      </reference>
      <exampleBoolean value="false"/>
    </resource>
    <resource>
      <extension url="http://hl7.org/fhir/tools/StructureDefinition/resource-information">
        <valueString value="StructureDefinition:extension"/>
      </extension>
      <extension url="http://hl7.org/fhir/StructureDefinition/implementationguide-page">
        <valueUri value="Extension-UKCore-ResidentialStatus.html"/>
      </extension>
      <reference>
        <reference value="StructureDefinition/Extension-UKCore-ResidentialStatus"/>
      </reference>
      <exampleBoolean value="false"/>
    </resource>
    <resource>
      <extension url="http://hl7.org/fhir/tools/StructureDefinition/resource-information">
        <valueString value="StructureDefinition:extension"/>
      </extension>
      <extension url="http://hl7.org/fhir/StructureDefinition/implementationguide-page">
        <valueUri value="Extension-UKCore-TreatmentCategory.html"/>
      </extension>
      <reference>
        <reference value="StructureDefinition/Extension-UKCore-TreatmentCategory"/>
      </reference>
      <exampleBoolean value="false"/>
    </resource>
    <resource>
      <extension url="http://hl7.org/fhir/tools/StructureDefinition/resource-information">
        <valueString value="StructureDefinition:extension"/>
      </extension>
      <extension url="http://hl7.org/fhir/StructureDefinition/implementationguide-page">
        <valueUri value="Extension-UKCore-NominatedPharmacy.html"/>
      </extension>
      <reference>
        <reference value="StructureDefinition/Extension-UKCore-NominatedPharmacy"/>
      </reference>
      <exampleBoolean value="false"/>
    </resource>
    <resource>
      <extension url="http://hl7.org/fhir/tools/StructureDefinition/resource-information">
        <valueString value="StructureDefinition:extension"/>
      </extension>
      <extension url="http://hl7.org/fhir/StructureDefinition/implementationguide-page">
        <valueUri value="Extension-UKCore-MainLocation.html"/>
      </extension>
      <reference>
        <reference value="StructureDefinition/Extension-UKCore-MainLocation"/>
      </reference>
      <exampleBoolean value="false"/>
    </resource>
    <resource>
      <extension url="http://hl7.org/fhir/tools/StructureDefinition/resource-information">
        <valueString value="StructureDefinition:extension"/>
      </extension>
      <extension url="http://hl7.org/fhir/StructureDefinition/implementationguide-page">
        <valueUri value="Extension-UKCore-ClinicalSetting.html"/>
      </extension>
      <reference>
        <reference value="StructureDefinition/Extension-UKCore-ClinicalSetting"/>
      </reference>
      <exampleBoolean value="false"/>
    </resource>
    <resource>
      <extension url="http://hl7.org/fhir/tools/StructureDefinition/resource-information">
        <valueString value="StructureDefinition:extension"/>
      </extension>
      <extension url="http://hl7.org/fhir/StructureDefinition/implementationguide-page">
        <valueUri value="Extension-UKCore-ListWarningCode.html"/>
      </extension>
      <reference>
        <reference value="StructureDefinition/Extension-UKCore-ListWarningCode"/>
      </reference>
      <exampleBoolean value="false"/>
    </resource>
    <resource>
      <extension url="http://hl7.org/fhir/tools/StructureDefinition/resource-information">
        <valueString value="StructureDefinition:extension"/>
      </extension>
      <extension url="http://hl7.org/fhir/StructureDefinition/implementationguide-page">
        <valueUri value="Extension-UKCore-AdmissionMethod.html"/>
      </extension>
      <reference>
        <reference value="StructureDefinition/Extension-UKCore-AdmissionMethod"/>
      </reference>
      <exampleBoolean value="false"/>
    </resource>
    <resource>
      <extension url="http://hl7.org/fhir/tools/StructureDefinition/resource-information">
        <valueString value="StructureDefinition:extension"/>
      </extension>
      <extension url="http://hl7.org/fhir/StructureDefinition/implementationguide-page">
        <valueUri value="Extension-UKCore-EncounterTransport.html"/>
      </extension>
      <reference>
        <reference value="StructureDefinition/Extension-UKCore-EncounterTransport"/>
      </reference>
      <exampleBoolean value="false"/>
    </resource>
    <resource>
      <extension url="http://hl7.org/fhir/tools/StructureDefinition/resource-information">
        <valueString value="StructureDefinition:extension"/>
      </extension>
      <extension url="http://hl7.org/fhir/StructureDefinition/implementationguide-page">
        <valueUri value="Extension-UKCore-OutcomeOfAttendance.html"/>
      </extension>
      <reference>
        <reference value="StructureDefinition/Extension-UKCore-OutcomeOfAttendance"/>
      </reference>
      <exampleBoolean value="false"/>
    </resource>
    <resource>
      <extension url="http://hl7.org/fhir/tools/StructureDefinition/resource-information">
        <valueString value="StructureDefinition:extension"/>
      </extension>
      <extension url="http://hl7.org/fhir/StructureDefinition/implementationguide-page">
        <valueUri value="Extension-UKCore-AnaestheticIssues.html"/>
      </extension>
      <reference>
        <reference value="StructureDefinition/Extension-UKCore-AnaestheticIssues"/>
      </reference>
      <exampleBoolean value="false"/>
    </resource>
    <resource>
      <extension url="http://hl7.org/fhir/tools/StructureDefinition/resource-information">
        <valueString value="StructureDefinition:extension"/>
      </extension>
      <extension url="http://hl7.org/fhir/StructureDefinition/implementationguide-page">
        <valueUri value="Extension-UKCore-DischargeMethod.html"/>
      </extension>
      <reference>
        <reference value="StructureDefinition/Extension-UKCore-DischargeMethod"/>
      </reference>
      <exampleBoolean value="false"/>
    </resource>
    <resource>
      <extension url="http://hl7.org/fhir/tools/StructureDefinition/resource-information">
        <valueString value="StructureDefinition:extension"/>
      </extension>
      <extension url="http://hl7.org/fhir/StructureDefinition/implementationguide-page">
        <valueUri value="Extension-UKCore-EmergencyCareDischargeStatus.html"/>
      </extension>
      <reference>
        <reference value="StructureDefinition/Extension-UKCore-EmergencyCareDischargeStatus"/>
      </reference>
      <exampleBoolean value="false"/>
    </resource>
    <resource>
      <extension url="http://hl7.org/fhir/tools/StructureDefinition/resource-information">
        <valueString value="StructureDefinition:extension"/>
      </extension>
      <extension url="http://hl7.org/fhir/StructureDefinition/implementationguide-page">
        <valueUri value="Extension-UKCore-ConditionEpisode.html"/>
      </extension>
      <reference>
        <reference value="StructureDefinition/Extension-UKCore-ConditionEpisode"/>
      </reference>
      <exampleBoolean value="false"/>
    </resource>
    <resource>
      <extension url="http://hl7.org/fhir/tools/StructureDefinition/resource-information">
        <valueString value="Patient"/>
      </extension>
      <extension url="http://hl7.org/fhir/StructureDefinition/implementationguide-page">
        <valueUri value="UKCore-Patient-Example.html"/>
      </extension>
      <reference>
        <reference value="Patient/UKCore-Patient-Example"/>
      </reference>
      <exampleBoolean value="true"/>
    </resource>
    <resource>
      <extension url="http://hl7.org/fhir/tools/StructureDefinition/resource-information">
        <valueString value="Condition"/>
      </extension>
      <extension url="http://hl7.org/fhir/StructureDefinition/implementationguide-page">
        <valueUri value="UKCore-Condition-Example.html"/>
      </extension>
      <reference>
        <reference value="Condition/UKCore-Condition-Example"/>
      </reference>
      <exampleBoolean value="true"/>
    </resource>
    <resource>
      <extension url="http://hl7.org/fhir/tools/StructureDefinition/resource-information">
        <valueString value="AllergyIntolerance"/>
      </extension>
      <extension url="http://hl7.org/fhir/StructureDefinition/implementationguide-page">
        <valueUri value="UKCore-AllergyIntolerance-Example.html"/>
      </extension>
      <reference>
        <reference value="AllergyIntolerance/UKCore-AllergyIntolerance-Example"/>
      </reference>
      <exampleBoolean value="true"/>
    </resource>
    <resource>
      <extension url="http://hl7.org/fhir/tools/StructureDefinition/resource-information">
        <valueString value="Organization"/>
      </extension>
      <extension url="http://hl7.org/fhir/StructureDefinition/implementationguide-page">
        <valueUri value="UKCore-Organisation-Example.html"/>
      </extension>
      <reference>
        <reference value="Organization/UKCore-Organisation-Example"/>
      </reference>
      <exampleBoolean value="true"/>
    </resource>
    <resource>
      <extension url="http://hl7.org/fhir/tools/StructureDefinition/resource-information">
        <valueString value="Location"/>
      </extension>
      <extension url="http://hl7.org/fhir/StructureDefinition/implementationguide-page">
        <valueUri value="UKCore-Location-Example.html"/>
      </extension>
      <reference>
        <reference value="Location/UKCore-Location-Example"/>
      </reference>
      <exampleBoolean value="true"/>
    </resource>
    <resource>
      <extension url="http://hl7.org/fhir/tools/StructureDefinition/resource-information">
        <valueString value="RelatedPerson"/>
      </extension>
      <extension url="http://hl7.org/fhir/StructureDefinition/implementationguide-page">
        <valueUri value="UKCore-RelatedPerson-Example.html"/>
      </extension>
      <reference>
        <reference value="RelatedPerson/UKCore-RelatedPerson-Example"/>
      </reference>
      <exampleBoolean value="true"/>
    </resource>
    <resource>
      <extension url="http://hl7.org/fhir/tools/StructureDefinition/resource-information">
        <valueString value="PractitionerRole"/>
      </extension>
      <extension url="http://hl7.org/fhir/StructureDefinition/implementationguide-page">
        <valueUri value="UKCore-PractitionerRole-Example.html"/>
      </extension>
      <reference>
        <reference value="PractitionerRole/UKCore-PractitionerRole-Example"/>
      </reference>
      <exampleBoolean value="true"/>
    </resource>
    <resource>
      <extension url="http://hl7.org/fhir/tools/StructureDefinition/resource-information">
        <valueString value="Procedure"/>
      </extension>
      <extension url="http://hl7.org/fhir/StructureDefinition/implementationguide-page">
        <valueUri value="UKCore-Procedure-Example.html"/>
      </extension>
      <reference>
        <reference value="Procedure/UKCore-Procedure-Example"/>
      </reference>
      <exampleBoolean value="true"/>
    </resource>
    <resource>
      <extension url="http://hl7.org/fhir/tools/StructureDefinition/resource-information">
        <valueString value="Practitioner"/>
      </extension>
      <extension url="http://hl7.org/fhir/StructureDefinition/implementationguide-page">
        <valueUri value="UKCore-Practitioner-Example.html"/>
      </extension>
      <reference>
        <reference value="Practitioner/UKCore-Practitioner-Example"/>
      </reference>
      <exampleBoolean value="true"/>
    </resource>
    <resource>
      <extension url="http://hl7.org/fhir/tools/StructureDefinition/resource-information">
        <valueString value="Observation"/>
      </extension>
      <extension url="http://hl7.org/fhir/StructureDefinition/implementationguide-page">
        <valueUri value="UKCore-Observation-Example.html"/>
      </extension>
      <reference>
        <reference value="Observation/UKCore-Observation-Example"/>
      </reference>
      <exampleBoolean value="true"/>
    </resource>
    <resource>
      <extension url="http://hl7.org/fhir/tools/StructureDefinition/resource-information">
        <valueString value="List"/>
      </extension>
      <extension url="http://hl7.org/fhir/StructureDefinition/implementationguide-page">
        <valueUri value="UKCore-List-Example.html"/>
      </extension>
      <reference>
        <reference value="List/UKCore-List-Example"/>
      </reference>
      <exampleBoolean value="true"/>
    </resource>
    <resource>
      <extension url="http://hl7.org/fhir/tools/StructureDefinition/resource-information">
        <valueString value="Encounter"/>
      </extension>
      <extension url="http://hl7.org/fhir/StructureDefinition/implementationguide-page">
        <valueUri value="UKCore-Encounter-Example.html"/>
      </extension>
      <reference>
        <reference value="Encounter/UKCore-Encounter-Example"/>
      </reference>
      <exampleBoolean value="true"/>
    </resource>
    <resource>
      <extension url="http://hl7.org/fhir/tools/StructureDefinition/resource-information">
        <valueString value="Consent"/>
      </extension>
      <extension url="http://hl7.org/fhir/StructureDefinition/implementationguide-page">
        <valueUri value="UKCore-Consent-Example.html"/>
      </extension>
      <reference>
        <reference value="Consent/UKCore-Consent-Example"/>
      </reference>
      <exampleBoolean value="true"/>
    </resource>
    <resource>
      <extension url="http://hl7.org/fhir/tools/StructureDefinition/resource-information">
        <valueString value="CodeSystem"/>
      </extension>
      <extension url="http://hl7.org/fhir/StructureDefinition/implementationguide-page">
        <valueUri value="CodeSystem-UKCore-PreferredWrittenCommunicationFormat.html"/>
      </extension>
      <reference>
        <reference value="CodeSystem/UKCore-PreferredWrittenCommunicationFormat"/>
      </reference>
      <exampleBoolean value="false"/>
    </resource>
    <resource>
      <extension url="http://hl7.org/fhir/tools/StructureDefinition/resource-information">
        <valueString value="CodeSystem"/>
      </extension>
      <extension url="http://hl7.org/fhir/StructureDefinition/implementationguide-page">
        <valueUri value="CodeSystem-UKCore-PreferredContactMethod.html"/>
      </extension>
      <reference>
        <reference value="CodeSystem/UKCore-PreferredContactMethod"/>
      </reference>
      <exampleBoolean value="false"/>
    </resource>
    <resource>
      <extension url="http://hl7.org/fhir/tools/StructureDefinition/resource-information">
        <valueString value="CodeSystem"/>
      </extension>
      <extension url="http://hl7.org/fhir/StructureDefinition/implementationguide-page">
        <valueUri value="CodeSystem-UKCore-ConsentUpdateMode.html"/>
      </extension>
      <reference>
        <reference value="CodeSystem/UKCore-ConsentUpdateMode"/>
      </reference>
      <exampleBoolean value="false"/>
    </resource>
    <resource>
      <extension url="http://hl7.org/fhir/tools/StructureDefinition/resource-information">
        <valueString value="CodeSystem"/>
      </extension>
      <extension url="http://hl7.org/fhir/StructureDefinition/implementationguide-page">
        <valueUri value="CodeSystem-UKCore-AddressKeyType.html"/>
      </extension>
      <reference>
        <reference value="CodeSystem/UKCore-AddressKeyType"/>
      </reference>
      <exampleBoolean value="false"/>
    </resource>
    <resource>
      <extension url="http://hl7.org/fhir/tools/StructureDefinition/resource-information">
        <valueString value="CodeSystem"/>
      </extension>
      <extension url="http://hl7.org/fhir/StructureDefinition/implementationguide-page">
        <valueUri value="CodeSystem-UKCore-AdditionalRelatedPersonRole.html"/>
      </extension>
      <reference>
        <reference value="CodeSystem/UKCore-AdditionalRelatedPersonRole"/>
      </reference>
      <exampleBoolean value="false"/>
    </resource>
    <resource>
      <extension url="http://hl7.org/fhir/tools/StructureDefinition/resource-information">
        <valueString value="ValueSet"/>
      </extension>
      <extension url="http://hl7.org/fhir/StructureDefinition/implementationguide-page">
        <valueUri value="ValueSet-UKCore-PreferredWrittenCommunicationFormat.html"/>
      </extension>
      <reference>
        <reference value="ValueSet/UKCore-PreferredWrittenCommunicationFormat"/>
      </reference>
      <exampleBoolean value="false"/>
    </resource>
    <resource>
      <extension url="http://hl7.org/fhir/tools/StructureDefinition/resource-information">
        <valueString value="ValueSet"/>
      </extension>
      <extension url="http://hl7.org/fhir/StructureDefinition/implementationguide-page">
        <valueUri value="ValueSet-UKCore-PreferredContactMethod.html"/>
      </extension>
      <reference>
        <reference value="ValueSet/UKCore-PreferredContactMethod"/>
      </reference>
      <exampleBoolean value="false"/>
    </resource>
    <resource>
      <extension url="http://hl7.org/fhir/tools/StructureDefinition/resource-information">
        <valueString value="ValueSet"/>
      </extension>
      <extension url="http://hl7.org/fhir/StructureDefinition/implementationguide-page">
        <valueUri value="ValueSet-UKCore-AddressKeyType.html"/>
      </extension>
      <reference>
        <reference value="ValueSet/UKCore-AddressKeyType"/>
      </reference>
      <exampleBoolean value="false"/>
    </resource>
    <resource>
      <extension url="http://hl7.org/fhir/tools/StructureDefinition/resource-information">
        <valueString value="StructureDefinition:extension"/>
      </extension>
      <extension url="http://hl7.org/fhir/StructureDefinition/implementationguide-page">
        <valueUri value="Extension-UKCore-CopyCorrespondenceIndicator.html"/>
      </extension>
      <reference>
        <reference value="StructureDefinition/Extension-UKCore-CopyCorrespondenceIndicator"/>
      </reference>
      <exampleBoolean value="false"/>
    </resource>
    <resource>
      <extension url="http://hl7.org/fhir/tools/StructureDefinition/resource-information">
        <valueString value="StructureDefinition:extension"/>
      </extension>
      <extension url="http://hl7.org/fhir/StructureDefinition/implementationguide-page">
        <valueUri value="Extension-UKCore-ContactRank.html"/>
      </extension>
      <reference>
        <reference value="StructureDefinition/Extension-UKCore-ContactRank"/>
      </reference>
      <exampleBoolean value="false"/>
    </resource>
    <resource>
      <extension url="http://hl7.org/fhir/tools/StructureDefinition/resource-information">
        <valueString value="StructureDefinition:extension"/>
      </extension>
      <extension url="http://hl7.org/fhir/StructureDefinition/implementationguide-page">
        <valueUri value="Extension-UKCore-ContactPreference.html"/>
      </extension>
      <reference>
        <reference value="StructureDefinition/Extension-UKCore-ContactPreference"/>
      </reference>
      <exampleBoolean value="false"/>
    </resource>
    <resource>
      <extension url="http://hl7.org/fhir/tools/StructureDefinition/resource-information">
        <valueString value="StructureDefinition:extension"/>
      </extension>
      <extension url="http://hl7.org/fhir/StructureDefinition/implementationguide-page">
        <valueUri value="Extension-UKCore-AddressKey.html"/>
      </extension>
      <reference>
        <reference value="StructureDefinition/Extension-UKCore-AddressKey"/>
      </reference>
      <exampleBoolean value="false"/>
    </resource>
    <resource>
      <extension url="http://hl7.org/fhir/tools/StructureDefinition/resource-information">
        <valueString value="StructureDefinition:extension"/>
      </extension>
      <extension url="http://hl7.org/fhir/StructureDefinition/implementationguide-page">
        <valueUri value="Extension-UKCore-EffectivePeriod.html"/>
      </extension>
      <reference>
        <reference value="StructureDefinition/Extension-UKCore-EffectivePeriod"/>
      </reference>
      <exampleBoolean value="false"/>
    </resource>
  </definition>
</ImplementationGuide>