{
  "resourceType": "ImplementationGuide",
  "id": "nhsdigital-fhir-r4-core-prototype",
  "text": {
    "status": "generated",
    "div": "<div xmlns=\"http://www.w3.org/1999/xhtml\"><h2>FHIRR4CorePrototype</h2><p>The official URL for this implementation guide is: </p><pre>https://fhir.nhs.uk/R4/ImplementationGuide/nhsdigital-fhir-r4-core-prototype</pre></div>"
  },
  "url": "https://fhir.nhs.uk/R4/ImplementationGuide/nhsdigital-fhir-r4-core-prototype",
  "version": "1.0.0",
  "name": "FHIRR4CorePrototype",
  "title": "FHIR R4 Core Prototype",
  "status": "draft",
  "experimental": true,
  "date": "2019-10-14T00:00:00+01:00",
  "publisher": "NHS Digital",
  "contact": [
    {
      "name": "NHS Digital",
      "telecom": [
        {
          "system": "email",
          "value": "mailto:interoperabilityteam@nhs.net",
          "use": "work"
        }
      ]
    }
  ],
  "jurisdiction": [
    {
      "coding": [
        {
          "system": "urn:iso:std:iso:3166",
          "code": "GB"
        }
      ]
    }
  ],
  "packageId": "nhsdigital.fhir.r4.core.prototype",
  "license": "CC0-1.0",
  "fhirVersion": [
    "4.0.1"
  ],
  "definition": {
    "grouping": [
      {
        "name": "FHIR R4 Core Prototype"
      }
    ],
    "resource": [
      {
        "extension": [
          {
            "url": "http://hl7.org/fhir/tools/StructureDefinition/resource-information",
            "valueString": "ValueSet"
          },
          {
            "url": "http://hl7.org/fhir/StructureDefinition/implementationguide-page",
            "valueUri": "ValueSet-UKCore-ResidentialStatus.html"
          }
        ],
        "reference": {
          "reference": "ValueSet/UKCore-ResidentialStatus"
        },
        "exampleBoolean": false
      },
      {
        "extension": [
          {
            "url": "http://hl7.org/fhir/tools/StructureDefinition/resource-information",
            "valueString": "ValueSet"
          },
          {
            "url": "http://hl7.org/fhir/StructureDefinition/implementationguide-page",
            "valueUri": "ValueSet-UKCore-AllergyManifestation.html"
          }
        ],
        "reference": {
          "reference": "ValueSet/UKCore-AllergyManifestation"
        },
        "exampleBoolean": false
      },
      {
        "extension": [
          {
            "url": "http://hl7.org/fhir/tools/StructureDefinition/resource-information",
            "valueString": "ValueSet"
          },
          {
            "url": "http://hl7.org/fhir/StructureDefinition/implementationguide-page",
            "valueUri": "ValueSet-UKCore-AllergyCertainty.html"
          }
        ],
        "reference": {
          "reference": "ValueSet/UKCore-AllergyCertainty"
        },
        "exampleBoolean": false
      },
      {
        "extension": [
          {
            "url": "http://hl7.org/fhir/tools/StructureDefinition/resource-information",
            "valueString": "ValueSet"
          },
          {
            "url": "http://hl7.org/fhir/StructureDefinition/implementationguide-page",
            "valueUri": "ValueSet-UKCore-AllergySeverity.html"
          }
        ],
        "reference": {
          "reference": "ValueSet/UKCore-AllergySeverity"
        },
        "exampleBoolean": false
      },
      {
        "extension": [
          {
            "url": "http://hl7.org/fhir/tools/StructureDefinition/resource-information",
            "valueString": "ValueSet"
          },
          {
            "url": "http://hl7.org/fhir/StructureDefinition/implementationguide-page",
            "valueUri": "ValueSet-UKCore-ConditionEpisode.html"
          }
        ],
        "reference": {
          "reference": "ValueSet/UKCore-ConditionEpisode"
        },
        "exampleBoolean": false
      },
      {
        "extension": [
          {
            "url": "http://hl7.org/fhir/tools/StructureDefinition/resource-information",
            "valueString": "ValueSet"
          },
          {
            "url": "http://hl7.org/fhir/StructureDefinition/implementationguide-page",
            "valueUri": "ValueSet-UKCore-ConditionCode.html"
          }
        ],
        "reference": {
          "reference": "ValueSet/UKCore-ConditionCode"
        },
        "exampleBoolean": false
      },
      {
        "extension": [
          {
            "url": "http://hl7.org/fhir/tools/StructureDefinition/resource-information",
            "valueString": "ValueSet"
          },
          {
            "url": "http://hl7.org/fhir/StructureDefinition/implementationguide-page",
            "valueUri": "ValueSet-UKCore-ConditionCategory.html"
          }
        ],
        "reference": {
          "reference": "ValueSet/UKCore-ConditionCategory"
        },
        "exampleBoolean": false
      },
      {
        "extension": [
          {
            "url": "http://hl7.org/fhir/tools/StructureDefinition/resource-information",
            "valueString": "ValueSet"
          },
          {
            "url": "http://hl7.org/fhir/StructureDefinition/implementationguide-page",
            "valueUri": "ValueSet-UKCore-ConditionEpisodicity.html"
          }
        ],
        "reference": {
          "reference": "ValueSet/UKCore-ConditionEpisodicity"
        },
        "exampleBoolean": false
      },
      {
        "extension": [
          {
            "url": "http://hl7.org/fhir/tools/StructureDefinition/resource-information",
            "valueString": "ValueSet"
          },
          {
            "url": "http://hl7.org/fhir/StructureDefinition/implementationguide-page",
            "valueUri": "ValueSet-UKCore-AllergyCode.html"
          }
        ],
        "reference": {
          "reference": "ValueSet/UKCore-AllergyCode"
        },
        "exampleBoolean": false
      },
      {
        "extension": [
          {
            "url": "http://hl7.org/fhir/tools/StructureDefinition/resource-information",
            "valueString": "ValueSet"
          },
          {
            "url": "http://hl7.org/fhir/StructureDefinition/implementationguide-page",
            "valueUri": "ValueSet-UKCore-AllergyExposureRoute.html"
          }
        ],
        "reference": {
          "reference": "ValueSet/UKCore-AllergyExposureRoute"
        },
        "exampleBoolean": false
      },
      {
        "extension": [
          {
            "url": "http://hl7.org/fhir/tools/StructureDefinition/resource-information",
            "valueString": "ValueSet"
          },
          {
            "url": "http://hl7.org/fhir/StructureDefinition/implementationguide-page",
            "valueUri": "ValueSet-UKCore-CareSettingType.html"
          }
        ],
        "reference": {
          "reference": "ValueSet/UKCore-CareSettingType"
        },
        "exampleBoolean": false
      },
      {
        "extension": [
          {
            "url": "http://hl7.org/fhir/tools/StructureDefinition/resource-information",
            "valueString": "ValueSet"
          },
          {
            "url": "http://hl7.org/fhir/StructureDefinition/implementationguide-page",
            "valueUri": "ValueSet-UKCore-ProcedureCode.html"
          }
        ],
        "reference": {
          "reference": "ValueSet/UKCore-ProcedureCode"
        },
        "exampleBoolean": false
      },
      {
        "extension": [
          {
            "url": "http://hl7.org/fhir/tools/StructureDefinition/resource-information",
            "valueString": "ValueSet"
          },
          {
            "url": "http://hl7.org/fhir/StructureDefinition/implementationguide-page",
            "valueUri": "ValueSet-UKCore-ListCode.html"
          }
        ],
        "reference": {
          "reference": "ValueSet/UKCore-ListCode"
        },
        "exampleBoolean": false
      },
      {
        "extension": [
          {
            "url": "http://hl7.org/fhir/tools/StructureDefinition/resource-information",
            "valueString": "ValueSet"
          },
          {
            "url": "http://hl7.org/fhir/StructureDefinition/implementationguide-page",
            "valueUri": "ValueSet-UKCore-ListEmptyReasonCode.html"
          }
        ],
        "reference": {
          "reference": "ValueSet/UKCore-ListEmptyReasonCode"
        },
        "exampleBoolean": false
      },
      {
        "extension": [
          {
            "url": "http://hl7.org/fhir/tools/StructureDefinition/resource-information",
            "valueString": "ValueSet"
          },
          {
            "url": "http://hl7.org/fhir/StructureDefinition/implementationguide-page",
            "valueUri": "ValueSet-UKCore-ListWarningCode.html"
          }
        ],
        "reference": {
          "reference": "ValueSet/UKCore-ListWarningCode"
        },
        "exampleBoolean": false
      },
      {
        "extension": [
          {
            "url": "http://hl7.org/fhir/tools/StructureDefinition/resource-information",
            "valueString": "ValueSet"
          },
          {
            "url": "http://hl7.org/fhir/StructureDefinition/implementationguide-page",
            "valueUri": "ValueSet-UKCore-BodySite.html"
          }
        ],
        "reference": {
          "reference": "ValueSet/UKCore-BodySite"
        },
        "exampleBoolean": false
      },
      {
        "extension": [
          {
            "url": "http://hl7.org/fhir/tools/StructureDefinition/resource-information",
            "valueString": "ValueSet"
          },
          {
            "url": "http://hl7.org/fhir/StructureDefinition/implementationguide-page",
            "valueUri": "ValueSet-UKCore-EncounterType.html"
          }
        ],
        "reference": {
          "reference": "ValueSet/UKCore-EncounterType"
        },
        "exampleBoolean": false
      },
      {
        "extension": [
          {
            "url": "http://hl7.org/fhir/tools/StructureDefinition/resource-information",
            "valueString": "ValueSet"
          },
          {
            "url": "http://hl7.org/fhir/StructureDefinition/implementationguide-page",
            "valueUri": "ValueSet-UKCore-EmergencyCareDischargeStatus.html"
          }
        ],
        "reference": {
          "reference": "ValueSet/UKCore-EmergencyCareDischargeStatus"
        },
        "exampleBoolean": false
      },
      {
        "extension": [
          {
            "url": "http://hl7.org/fhir/tools/StructureDefinition/resource-information",
            "valueString": "ValueSet"
          },
          {
            "url": "http://hl7.org/fhir/StructureDefinition/implementationguide-page",
            "valueUri": "ValueSet-UKCore-ObservationType.html"
          }
        ],
        "reference": {
          "reference": "ValueSet/UKCore-ObservationType"
        },
        "exampleBoolean": false
      },
      {
        "extension": [
          {
            "url": "http://hl7.org/fhir/tools/StructureDefinition/resource-information",
            "valueString": "ValueSet"
          },
          {
            "url": "http://hl7.org/fhir/StructureDefinition/implementationguide-page",
            "valueUri": "ValueSet-UKCore-TreatmentCategory.html"
          }
        ],
        "reference": {
          "reference": "ValueSet/UKCore-TreatmentCategory"
        },
        "exampleBoolean": false
      },
      {
        "extension": [
          {
            "url": "http://hl7.org/fhir/tools/StructureDefinition/resource-information",
            "valueString": "ValueSet"
          },
          {
            "url": "http://hl7.org/fhir/StructureDefinition/implementationguide-page",
            "valueUri": "ValueSet-UKCore-HumanLanguage.html"
          }
        ],
        "reference": {
          "reference": "ValueSet/UKCore-HumanLanguage"
        },
        "exampleBoolean": false
      },
      {
        "extension": [
          {
            "url": "http://hl7.org/fhir/tools/StructureDefinition/resource-information",
            "valueString": "ValueSet"
          },
          {
            "url": "http://hl7.org/fhir/StructureDefinition/implementationguide-page",
            "valueUri": "ValueSet-UKCore-LanguageAbilityMode.html"
          }
        ],
        "reference": {
          "reference": "ValueSet/UKCore-LanguageAbilityMode"
        },
        "exampleBoolean": false
      },
      {
        "extension": [
          {
            "url": "http://hl7.org/fhir/tools/StructureDefinition/resource-information",
            "valueString": "ValueSet"
          },
          {
            "url": "http://hl7.org/fhir/StructureDefinition/implementationguide-page",
            "valueUri": "ValueSet-UKCore-LanguageAbilityProficiency.html"
          }
        ],
        "reference": {
          "reference": "ValueSet/UKCore-LanguageAbilityProficiency"
        },
        "exampleBoolean": false
      },
      {
        "extension": [
          {
            "url": "http://hl7.org/fhir/tools/StructureDefinition/resource-information",
            "valueString": "ValueSet"
          },
          {
            "url": "http://hl7.org/fhir/StructureDefinition/implementationguide-page",
            "valueUri": "ValueSet-UKCore-SDSJobRoleName.html"
          }
        ],
        "reference": {
          "reference": "ValueSet/UKCore-SDSJobRoleName"
        },
        "exampleBoolean": false
      },
      {
        "extension": [
          {
            "url": "http://hl7.org/fhir/tools/StructureDefinition/resource-information",
            "valueString": "ValueSet"
          },
          {
            "url": "http://hl7.org/fhir/StructureDefinition/implementationguide-page",
            "valueUri": "ValueSet-UKCore-DeathNotificationStatus.html"
          }
        ],
        "reference": {
          "reference": "ValueSet/UKCore-DeathNotificationStatus"
        },
        "exampleBoolean": false
      },
      {
        "extension": [
          {
            "url": "http://hl7.org/fhir/tools/StructureDefinition/resource-information",
            "valueString": "ValueSet"
          },
          {
            "url": "http://hl7.org/fhir/StructureDefinition/implementationguide-page",
            "valueUri": "ValueSet-UKCore-EthnicCategory.html"
          }
        ],
        "reference": {
          "reference": "ValueSet/UKCore-EthnicCategory"
        },
        "exampleBoolean": false
      },
      {
        "extension": [
          {
            "url": "http://hl7.org/fhir/tools/StructureDefinition/resource-information",
            "valueString": "ValueSet"
          },
          {
            "url": "http://hl7.org/fhir/StructureDefinition/implementationguide-page",
            "valueUri": "ValueSet-UKCore-AdmissionMethod.html"
          }
        ],
        "reference": {
          "reference": "ValueSet/UKCore-AdmissionMethod"
        },
        "exampleBoolean": false
      },
      {
        "extension": [
          {
            "url": "http://hl7.org/fhir/tools/StructureDefinition/resource-information",
            "valueString": "ValueSet"
          },
          {
            "url": "http://hl7.org/fhir/StructureDefinition/implementationguide-page",
            "valueUri": "ValueSet-UKCore-DischargeDestination.html"
          }
        ],
        "reference": {
          "reference": "ValueSet/UKCore-DischargeDestination"
        },
        "exampleBoolean": false
      },
      {
        "extension": [
          {
            "url": "http://hl7.org/fhir/tools/StructureDefinition/resource-information",
            "valueString": "ValueSet"
          },
          {
            "url": "http://hl7.org/fhir/StructureDefinition/implementationguide-page",
            "valueUri": "ValueSet-UKCore-DischargeMethod.html"
          }
        ],
        "reference": {
          "reference": "ValueSet/UKCore-DischargeMethod"
        },
        "exampleBoolean": false
      },
      {
        "extension": [
          {
            "url": "http://hl7.org/fhir/tools/StructureDefinition/resource-information",
            "valueString": "ValueSet"
          },
          {
            "url": "http://hl7.org/fhir/StructureDefinition/implementationguide-page",
            "valueUri": "ValueSet-UKCore-OutcomeOfAttendance.html"
          }
        ],
        "reference": {
          "reference": "ValueSet/UKCore-OutcomeOfAttendance"
        },
        "exampleBoolean": false
      },
      {
        "extension": [
          {
            "url": "http://hl7.org/fhir/tools/StructureDefinition/resource-information",
            "valueString": "ValueSet"
          },
          {
            "url": "http://hl7.org/fhir/StructureDefinition/implementationguide-page",
            "valueUri": "ValueSet-UKCore-SourceOfAdmission.html"
          }
        ],
        "reference": {
          "reference": "ValueSet/UKCore-SourceOfAdmission"
        },
        "exampleBoolean": false
      },
      {
        "extension": [
          {
            "url": "http://hl7.org/fhir/tools/StructureDefinition/resource-information",
            "valueString": "ValueSet"
          },
          {
            "url": "http://hl7.org/fhir/StructureDefinition/implementationguide-page",
            "valueUri": "ValueSet-UKCore-NHSNumberVerificationStatus.html"
          }
        ],
        "reference": {
          "reference": "ValueSet/UKCore-NHSNumberVerificationStatus"
        },
        "exampleBoolean": false
      },
      {
        "extension": [
          {
            "url": "http://hl7.org/fhir/tools/StructureDefinition/resource-information",
            "valueString": "ValueSet"
          },
          {
            "url": "http://hl7.org/fhir/StructureDefinition/implementationguide-page",
            "valueUri": "ValueSet-UKCore-ReligiousAffiliation.html"
          }
        ],
        "reference": {
          "reference": "ValueSet/UKCore-ReligiousAffiliation"
        },
        "exampleBoolean": false
      },
      {
        "extension": [
          {
            "url": "http://hl7.org/fhir/tools/StructureDefinition/resource-information",
            "valueString": "ValueSet"
          },
          {
            "url": "http://hl7.org/fhir/StructureDefinition/implementationguide-page",
            "valueUri": "ValueSet-UKCore-NHSDataDictionary-PersonMaritalStatus.html"
          }
        ],
        "reference": {
          "reference": "ValueSet/UKCore-NHSDataDictionary-PersonMaritalStatus"
        },
        "exampleBoolean": false
      },
      {
        "extension": [
          {
            "url": "http://hl7.org/fhir/tools/StructureDefinition/resource-information",
            "valueString": "CodeSystem"
          },
          {
            "url": "http://hl7.org/fhir/StructureDefinition/implementationguide-page",
            "valueUri": "CodeSystem-UKCore-AdmissionMethod.html"
          }
        ],
        "reference": {
          "reference": "CodeSystem/UKCore-AdmissionMethod"
        },
        "exampleBoolean": false
      },
      {
        "extension": [
          {
            "url": "http://hl7.org/fhir/tools/StructureDefinition/resource-information",
            "valueString": "CodeSystem"
          },
          {
            "url": "http://hl7.org/fhir/StructureDefinition/implementationguide-page",
            "valueUri": "CodeSystem-UKCore-DischargeDestination.html"
          }
        ],
        "reference": {
          "reference": "CodeSystem/UKCore-DischargeDestination"
        },
        "exampleBoolean": false
      },
      {
        "extension": [
          {
            "url": "http://hl7.org/fhir/tools/StructureDefinition/resource-information",
            "valueString": "CodeSystem"
          },
          {
            "url": "http://hl7.org/fhir/StructureDefinition/implementationguide-page",
            "valueUri": "CodeSystem-UKCore-DischargeMethod.html"
          }
        ],
        "reference": {
          "reference": "CodeSystem/UKCore-DischargeMethod"
        },
        "exampleBoolean": false
      },
      {
        "extension": [
          {
            "url": "http://hl7.org/fhir/tools/StructureDefinition/resource-information",
            "valueString": "CodeSystem"
          },
          {
            "url": "http://hl7.org/fhir/StructureDefinition/implementationguide-page",
            "valueUri": "CodeSystem-UKCore-OutcomeOfAttendance.html"
          }
        ],
        "reference": {
          "reference": "CodeSystem/UKCore-OutcomeOfAttendance"
        },
        "exampleBoolean": false
      },
      {
        "extension": [
          {
            "url": "http://hl7.org/fhir/tools/StructureDefinition/resource-information",
            "valueString": "CodeSystem"
          },
          {
            "url": "http://hl7.org/fhir/StructureDefinition/implementationguide-page",
            "valueUri": "CodeSystem-UKCore-SourceOfAdmission.html"
          }
        ],
        "reference": {
          "reference": "CodeSystem/UKCore-SourceOfAdmission"
        },
        "exampleBoolean": false
      },
      {
        "extension": [
          {
            "url": "http://hl7.org/fhir/tools/StructureDefinition/resource-information",
            "valueString": "CodeSystem"
          },
          {
            "url": "http://hl7.org/fhir/StructureDefinition/implementationguide-page",
            "valueUri": "CodeSystem-UKCore-ConditionEpisodicity.html"
          }
        ],
        "reference": {
          "reference": "CodeSystem/UKCore-ConditionEpisodicity"
        },
        "exampleBoolean": false
      },
      {
        "extension": [
          {
            "url": "http://hl7.org/fhir/tools/StructureDefinition/resource-information",
            "valueString": "CodeSystem"
          },
          {
            "url": "http://hl7.org/fhir/StructureDefinition/implementationguide-page",
            "valueUri": "CodeSystem-UKCore-ConditionCategory.html"
          }
        ],
        "reference": {
          "reference": "CodeSystem/UKCore-ConditionCategory"
        },
        "exampleBoolean": false
      },
      {
        "extension": [
          {
            "url": "http://hl7.org/fhir/tools/StructureDefinition/resource-information",
            "valueString": "CodeSystem"
          },
          {
            "url": "http://hl7.org/fhir/StructureDefinition/implementationguide-page",
            "valueUri": "CodeSystem-UKCore-ResidentialStatus.html"
          }
        ],
        "reference": {
          "reference": "CodeSystem/UKCore-ResidentialStatus"
        },
        "exampleBoolean": false
      },
      {
        "extension": [
          {
            "url": "http://hl7.org/fhir/tools/StructureDefinition/resource-information",
            "valueString": "CodeSystem"
          },
          {
            "url": "http://hl7.org/fhir/StructureDefinition/implementationguide-page",
            "valueUri": "CodeSystem-UKCore-TreatmentCategory.html"
          }
        ],
        "reference": {
          "reference": "CodeSystem/UKCore-TreatmentCategory"
        },
        "exampleBoolean": false
      },
      {
        "extension": [
          {
            "url": "http://hl7.org/fhir/tools/StructureDefinition/resource-information",
            "valueString": "CodeSystem"
          },
          {
            "url": "http://hl7.org/fhir/StructureDefinition/implementationguide-page",
            "valueUri": "CodeSystem-UKCore-HumanLanguage.html"
          }
        ],
        "reference": {
          "reference": "CodeSystem/UKCore-HumanLanguage"
        },
        "exampleBoolean": false
      },
      {
        "extension": [
          {
            "url": "http://hl7.org/fhir/tools/StructureDefinition/resource-information",
            "valueString": "CodeSystem"
          },
          {
            "url": "http://hl7.org/fhir/StructureDefinition/implementationguide-page",
            "valueUri": "CodeSystem-UKCore-LanguageAbilityProficiency.html"
          }
        ],
        "reference": {
          "reference": "CodeSystem/UKCore-LanguageAbilityProficiency"
        },
        "exampleBoolean": false
      },
      {
        "extension": [
          {
            "url": "http://hl7.org/fhir/tools/StructureDefinition/resource-information",
            "valueString": "CodeSystem"
          },
          {
            "url": "http://hl7.org/fhir/StructureDefinition/implementationguide-page",
            "valueUri": "CodeSystem-UKCore-LanguageAbilityMode.html"
          }
        ],
        "reference": {
          "reference": "CodeSystem/UKCore-LanguageAbilityMode"
        },
        "exampleBoolean": false
      },
      {
        "extension": [
          {
            "url": "http://hl7.org/fhir/tools/StructureDefinition/resource-information",
            "valueString": "CodeSystem"
          },
          {
            "url": "http://hl7.org/fhir/StructureDefinition/implementationguide-page",
            "valueUri": "CodeSystem-UKCore-SDSJobRoleName.html"
          }
        ],
        "reference": {
          "reference": "CodeSystem/UKCore-SDSJobRoleName"
        },
        "exampleBoolean": false
      },
      {
        "extension": [
          {
            "url": "http://hl7.org/fhir/tools/StructureDefinition/resource-information",
            "valueString": "CodeSystem"
          },
          {
            "url": "http://hl7.org/fhir/StructureDefinition/implementationguide-page",
            "valueUri": "CodeSystem-UKCore-ListWarningCode.html"
          }
        ],
        "reference": {
          "reference": "CodeSystem/UKCore-ListWarningCode"
        },
        "exampleBoolean": false
      },
      {
        "extension": [
          {
            "url": "http://hl7.org/fhir/tools/StructureDefinition/resource-information",
            "valueString": "CodeSystem"
          },
          {
            "url": "http://hl7.org/fhir/StructureDefinition/implementationguide-page",
            "valueUri": "CodeSystem-UKCore-ListEmptyReasonCode.html"
          }
        ],
        "reference": {
          "reference": "CodeSystem/UKCore-ListEmptyReasonCode"
        },
        "exampleBoolean": false
      },
      {
        "extension": [
          {
            "url": "http://hl7.org/fhir/tools/StructureDefinition/resource-information",
            "valueString": "CodeSystem"
          },
          {
            "url": "http://hl7.org/fhir/StructureDefinition/implementationguide-page",
            "valueUri": "CodeSystem-UKCore-DeathNotificationStatus.html"
          }
        ],
        "reference": {
          "reference": "CodeSystem/UKCore-DeathNotificationStatus"
        },
        "exampleBoolean": false
      },
      {
        "extension": [
          {
            "url": "http://hl7.org/fhir/tools/StructureDefinition/resource-information",
            "valueString": "CodeSystem"
          },
          {
            "url": "http://hl7.org/fhir/StructureDefinition/implementationguide-page",
            "valueUri": "CodeSystem-UKCore-EthnicCategory.html"
          }
        ],
        "reference": {
          "reference": "CodeSystem/UKCore-EthnicCategory"
        },
        "exampleBoolean": false
      },
      {
        "extension": [
          {
            "url": "http://hl7.org/fhir/tools/StructureDefinition/resource-information",
            "valueString": "CodeSystem"
          },
          {
            "url": "http://hl7.org/fhir/StructureDefinition/implementationguide-page",
            "valueUri": "CodeSystem-UKCore-NHSNumberVerificationStatus.html"
          }
        ],
        "reference": {
          "reference": "CodeSystem/UKCore-NHSNumberVerificationStatus"
        },
        "exampleBoolean": false
      },
      {
        "extension": [
          {
            "url": "http://hl7.org/fhir/tools/StructureDefinition/resource-information",
            "valueString": "CodeSystem"
          },
          {
            "url": "http://hl7.org/fhir/StructureDefinition/implementationguide-page",
            "valueUri": "CodeSystem-UKCore-NHSDataDictionary-PersonMaritalStatus.html"
          }
        ],
        "reference": {
          "reference": "CodeSystem/UKCore-NHSDataDictionary-PersonMaritalStatus"
        },
        "exampleBoolean": false
      },
      {
        "extension": [
          {
            "url": "http://hl7.org/fhir/tools/StructureDefinition/resource-information",
            "valueString": "ConceptMap"
          },
          {
            "url": "http://hl7.org/fhir/StructureDefinition/implementationguide-page",
            "valueUri": "ConceptMap-UKCore-MaritalStatus.html"
          }
        ],
        "reference": {
          "reference": "ConceptMap/UKCore-MaritalStatus"
        },
        "exampleBoolean": false
      },
      {
        "extension": [
          {
            "url": "http://hl7.org/fhir/tools/StructureDefinition/resource-information",
            "valueString": "ConceptMap"
          },
          {
            "url": "http://hl7.org/fhir/StructureDefinition/implementationguide-page",
            "valueUri": "ConceptMap-UKCore-ConditionEpisodicity.html"
          }
        ],
        "reference": {
          "reference": "ConceptMap/UKCore-ConditionEpisodicity"
        },
        "exampleBoolean": false
      },
      {
        "extension": [
          {
            "url": "http://hl7.org/fhir/tools/StructureDefinition/resource-information",
            "valueString": "CodeSystem"
          },
          {
            "url": "http://hl7.org/fhir/StructureDefinition/implementationguide-page",
            "valueUri": "CodeSystem-UKCore-NHSDataDictionary-PersonStatedGender.html"
          }
        ],
        "reference": {
          "reference": "CodeSystem/UKCore-NHSDataDictionary-PersonStatedGender"
        },
        "exampleBoolean": false
      },
      {
        "extension": [
          {
            "url": "http://hl7.org/fhir/tools/StructureDefinition/resource-information",
            "valueString": "ConceptMap"
          },
          {
            "url": "http://hl7.org/fhir/StructureDefinition/implementationguide-page",
            "valueUri": "ConceptMap-UKCore-AdministrativeGender.html"
          }
        ],
        "reference": {
          "reference": "ConceptMap/UKCore-AdministrativeGender"
        },
        "exampleBoolean": false
      },
      {
        "extension": [
          {
            "url": "http://hl7.org/fhir/tools/StructureDefinition/resource-information",
            "valueString": "ConceptMap"
          },
          {
            "url": "http://hl7.org/fhir/StructureDefinition/implementationguide-page",
            "valueUri": "ConceptMap-UKCore-AllergySeverity.html"
          }
        ],
        "reference": {
          "reference": "ConceptMap/UKCore-AllergySeverity"
        },
        "exampleBoolean": false
      },
      {
        "extension": [
          {
            "url": "http://hl7.org/fhir/tools/StructureDefinition/resource-information",
            "valueString": "ConceptMap"
          },
          {
            "url": "http://hl7.org/fhir/StructureDefinition/implementationguide-page",
            "valueUri": "ConceptMap-UKCore-AllergyVerificationStatus.html"
          }
        ],
        "reference": {
          "reference": "ConceptMap/UKCore-AllergyVerificationStatus"
        },
        "exampleBoolean": false
      },
      {
        "extension": [
          {
            "url": "http://hl7.org/fhir/tools/StructureDefinition/resource-information",
            "valueString": "ValueSet"
          },
          {
            "url": "http://hl7.org/fhir/StructureDefinition/implementationguide-page",
            "valueUri": "ValueSet-UKCore-NHSDataDictionary-PersonStatedGender.html"
          }
        ],
        "reference": {
          "reference": "ValueSet/UKCore-NHSDataDictionary-PersonStatedGender"
        },
        "exampleBoolean": false
      },
      {
        "extension": [
          {
            "url": "http://hl7.org/fhir/tools/StructureDefinition/resource-information",
            "valueString": "StructureDefinition:resource"
          },
          {
            "url": "http://hl7.org/fhir/StructureDefinition/implementationguide-page",
            "valueUri": "UKCore-Patient.html"
          }
        ],
        "reference": {
          "reference": "StructureDefinition/UKCore-Patient"
        },
        "exampleBoolean": false
      },
      {
        "extension": [
          {
            "url": "http://hl7.org/fhir/tools/StructureDefinition/resource-information",
            "valueString": "StructureDefinition:resource"
          },
          {
            "url": "http://hl7.org/fhir/StructureDefinition/implementationguide-page",
            "valueUri": "UKCore-Practitioner.html"
          }
        ],
        "reference": {
          "reference": "StructureDefinition/UKCore-Practitioner"
        },
        "exampleBoolean": false
      },
      {
        "extension": [
          {
            "url": "http://hl7.org/fhir/tools/StructureDefinition/resource-information",
            "valueString": "StructureDefinition:resource"
          },
          {
            "url": "http://hl7.org/fhir/StructureDefinition/implementationguide-page",
            "valueUri": "UKCore-PractitionerRole.html"
          }
        ],
        "reference": {
          "reference": "StructureDefinition/UKCore-PractitionerRole"
        },
        "exampleBoolean": false
      },
      {
        "extension": [
          {
            "url": "http://hl7.org/fhir/tools/StructureDefinition/resource-information",
            "valueString": "StructureDefinition:resource"
          },
          {
            "url": "http://hl7.org/fhir/StructureDefinition/implementationguide-page",
            "valueUri": "UKCore-Organization.html"
          }
        ],
        "reference": {
          "reference": "StructureDefinition/UKCore-Organization"
        },
        "exampleBoolean": false
      },
      {
        "extension": [
          {
            "url": "http://hl7.org/fhir/tools/StructureDefinition/resource-information",
            "valueString": "StructureDefinition:resource"
          },
          {
            "url": "http://hl7.org/fhir/StructureDefinition/implementationguide-page",
            "valueUri": "UKCore-Consent.html"
          }
        ],
        "reference": {
          "reference": "StructureDefinition/UKCore-Consent"
        },
        "exampleBoolean": false
      },
      {
        "extension": [
          {
            "url": "http://hl7.org/fhir/tools/StructureDefinition/resource-information",
            "valueString": "StructureDefinition:resource"
          },
          {
            "url": "http://hl7.org/fhir/StructureDefinition/implementationguide-page",
            "valueUri": "UKCore-RelatedPerson.html"
          }
        ],
        "reference": {
          "reference": "StructureDefinition/UKCore-RelatedPerson"
        },
        "exampleBoolean": false
      },
      {
        "extension": [
          {
            "url": "http://hl7.org/fhir/tools/StructureDefinition/resource-information",
            "valueString": "StructureDefinition:resource"
          },
          {
            "url": "http://hl7.org/fhir/StructureDefinition/implementationguide-page",
            "valueUri": "UKCore-Location.html"
          }
        ],
        "reference": {
          "reference": "StructureDefinition/UKCore-Location"
        },
        "exampleBoolean": false
      },
      {
        "extension": [
          {
            "url": "http://hl7.org/fhir/tools/StructureDefinition/resource-information",
            "valueString": "StructureDefinition:resource"
          },
          {
            "url": "http://hl7.org/fhir/StructureDefinition/implementationguide-page",
            "valueUri": "UKCore-Observation.html"
          }
        ],
        "reference": {
          "reference": "StructureDefinition/UKCore-Observation"
        },
        "exampleBoolean": false
      },
      {
        "extension": [
          {
            "url": "http://hl7.org/fhir/tools/StructureDefinition/resource-information",
            "valueString": "StructureDefinition:resource"
          },
          {
            "url": "http://hl7.org/fhir/StructureDefinition/implementationguide-page",
            "valueUri": "UKCore-List.html"
          }
        ],
        "reference": {
          "reference": "StructureDefinition/UKCore-List"
        },
        "exampleBoolean": false
      },
      {
        "extension": [
          {
            "url": "http://hl7.org/fhir/tools/StructureDefinition/resource-information",
            "valueString": "StructureDefinition:extension"
          },
          {
            "url": "http://hl7.org/fhir/StructureDefinition/implementationguide-page",
            "valueUri": "Extension-UKCore-NHSNumberVerificationStatus.html"
          }
        ],
        "reference": {
          "reference": "StructureDefinition/Extension-UKCore-NHSNumberVerificationStatus"
        },
        "exampleBoolean": false
      },
      {
        "extension": [
          {
            "url": "http://hl7.org/fhir/tools/StructureDefinition/resource-information",
            "valueString": "StructureDefinition:extension"
          },
          {
            "url": "http://hl7.org/fhir/StructureDefinition/implementationguide-page",
            "valueUri": "Extension-UKCore-NHSCommunication.html"
          }
        ],
        "reference": {
          "reference": "StructureDefinition/Extension-UKCore-NHSCommunication"
        },
        "exampleBoolean": false
      },
      {
        "extension": [
          {
            "url": "http://hl7.org/fhir/tools/StructureDefinition/resource-information",
            "valueString": "StructureDefinition:extension"
          },
          {
            "url": "http://hl7.org/fhir/StructureDefinition/implementationguide-page",
            "valueUri": "Extension-UKCore-DeathNotificationStatus.html"
          }
        ],
        "reference": {
          "reference": "StructureDefinition/Extension-UKCore-DeathNotificationStatus"
        },
        "exampleBoolean": false
      },
      {
        "extension": [
          {
            "url": "http://hl7.org/fhir/tools/StructureDefinition/resource-information",
            "valueString": "StructureDefinition:extension"
          },
          {
            "url": "http://hl7.org/fhir/StructureDefinition/implementationguide-page",
            "valueUri": "Extension-UKCore-EthnicCategory.html"
          }
        ],
        "reference": {
          "reference": "StructureDefinition/Extension-UKCore-EthnicCategory"
        },
        "exampleBoolean": false
      },
      {
        "extension": [
          {
            "url": "http://hl7.org/fhir/tools/StructureDefinition/resource-information",
            "valueString": "StructureDefinition:extension"
          },
          {
            "url": "http://hl7.org/fhir/StructureDefinition/implementationguide-page",
            "valueUri": "Extension-UKCore-ReligiousAffiliation.html"
          }
        ],
        "reference": {
          "reference": "StructureDefinition/Extension-UKCore-ReligiousAffiliation"
        },
        "exampleBoolean": false
      },
      {
        "extension": [
          {
            "url": "http://hl7.org/fhir/tools/StructureDefinition/resource-information",
            "valueString": "StructureDefinition:extension"
          },
          {
            "url": "http://hl7.org/fhir/StructureDefinition/implementationguide-page",
            "valueUri": "Extension-UKCore-ResidentialStatus.html"
          }
        ],
        "reference": {
          "reference": "StructureDefinition/Extension-UKCore-ResidentialStatus"
        },
        "exampleBoolean": false
      },
      {
        "extension": [
          {
            "url": "http://hl7.org/fhir/tools/StructureDefinition/resource-information",
            "valueString": "StructureDefinition:extension"
          },
          {
            "url": "http://hl7.org/fhir/StructureDefinition/implementationguide-page",
            "valueUri": "Extension-UKCore-TreatmentCategory.html"
          }
        ],
        "reference": {
          "reference": "StructureDefinition/Extension-UKCore-TreatmentCategory"
        },
        "exampleBoolean": false
      },
      {
        "extension": [
          {
            "url": "http://hl7.org/fhir/tools/StructureDefinition/resource-information",
            "valueString": "StructureDefinition:extension"
          },
          {
            "url": "http://hl7.org/fhir/StructureDefinition/implementationguide-page",
            "valueUri": "Extension-UKCore-NominatedPharmacy.html"
          }
        ],
        "reference": {
          "reference": "StructureDefinition/Extension-UKCore-NominatedPharmacy"
        },
        "exampleBoolean": false
      },
      {
        "extension": [
          {
            "url": "http://hl7.org/fhir/tools/StructureDefinition/resource-information",
            "valueString": "StructureDefinition:extension"
          },
          {
            "url": "http://hl7.org/fhir/StructureDefinition/implementationguide-page",
            "valueUri": "Extension-UKCore-MainLocation.html"
          }
        ],
        "reference": {
          "reference": "StructureDefinition/Extension-UKCore-MainLocation"
        },
        "exampleBoolean": false
      },
      {
        "extension": [
          {
            "url": "http://hl7.org/fhir/tools/StructureDefinition/resource-information",
            "valueString": "StructureDefinition:extension"
          },
          {
            "url": "http://hl7.org/fhir/StructureDefinition/implementationguide-page",
            "valueUri": "Extension-UKCore-ClinicalSetting.html"
          }
        ],
        "reference": {
          "reference": "StructureDefinition/Extension-UKCore-ClinicalSetting"
        },
        "exampleBoolean": false
      },
      {
        "extension": [
          {
            "url": "http://hl7.org/fhir/tools/StructureDefinition/resource-information",
            "valueString": "StructureDefinition:extension"
          },
          {
            "url": "http://hl7.org/fhir/StructureDefinition/implementationguide-page",
            "valueUri": "Extension-UKCore-ListWarningCode.html"
          }
        ],
        "reference": {
          "reference": "StructureDefinition/Extension-UKCore-ListWarningCode"
        },
        "exampleBoolean": false
      },
      {
        "extension": [
          {
            "url": "http://hl7.org/fhir/tools/StructureDefinition/resource-information",
            "valueString": "Patient"
          },
          {
            "url": "http://hl7.org/fhir/StructureDefinition/implementationguide-page",
            "valueUri": "UKCore-Patient-Example.html"
          }
        ],
        "reference": {
          "reference": "Patient/UKCore-Patient-Example"
        },
        "exampleBoolean": true
      }
    ]
  }
}