<?xml version="1.0" encoding="UTF-8"?>

<List xmlns="http://hl7.org/fhir">
  <id value="UKCore-List-Example"/>
  <meta>
    <profile value="https://fhir.nhs.uk/R4/StructureDefinition/UKCore-List"/>
  </meta>
  <text>
    <status value="generated"/><div xmlns="http://www.w3.org/1999/xhtml"><p><b>Generated Narrative with Details</b></p><p><b>id</b>: UKCore-List-Example</p><p><b>meta</b>: </p><p><b>status</b>: current</p><p><b>mode</b>: working</p><p><b>code</b>: List of consultations <span style="background: LightGoldenRodYellow">(Details : {SNOMED CT code '1149501000000101' = '1149501000000101', given as 'List of consultations'})</span></p><p><b>subject</b>: <a href="UKCore-Patient-Example.html">Generated Summary: id: UKCore-Patient-Example; 9912003888; Richard SMITH (OFFICIAL); ph: 01131231234; gender: male; birthDate: 1970-09-11</a></p><p><b>date</b>: 10-Dec-2019 13:00:00</p><h3>Entries</h3><table class="grid"><tr><td>-</td><td><b>Item</b></td></tr><tr><td>*</td><td><a href="UKCore-Encounter-Example.html">Generated Summary: id: UKCore-Encounter-Example; status: finished; <span title="{http://terminology.hl7.org/CodeSystem/v3-ActCode AMB}">ambulatory</span>; <span title="Codes: {http://terminology.hl7.org/CodeSystem/service-type 124}">General Practice</span>; <span title="Codes: {http://terminology.hl7.org/CodeSystem/v3-ActPriority R}">routine</span></a></td></tr></table></div>
  </text>
  <status value="current"/>
  <mode value="working"/>
  <code>
    <coding>
      <system value="http://snomed.info/sct"/>
      <code value="1149501000000101"/>
      <display value="List of consultations"/>
    </coding>
  </code>
  <subject>
    <reference value="Patient/UKCore-Patient-Example"/>
  </subject>
  <date value="2019-12-10T13:00:00+00:00"/>
  <entry>
    <item>
      <reference value="Encounter/UKCore-Encounter-Example"/>
    </item>
  </entry>
</List>