{
  "resourceType": "Patient",
  "id": "UKCore-Patient-Example-1-0-0",
  "meta": {
    "profile": [
      "https://fhir.nhs.uk/R4/StructureDefinition/UKCore-Patient-1-0-0"
    ]
  },
  "text": {
    "status": "generated",
    "div": "<div xmlns=\"http://www.w3.org/1999/xhtml\"><p><b>Generated Narrative with Details</b></p><p><b>id</b>: UKCore-Patient-Example-1-0-0</p><p><b>meta</b>: </p><p><b>identifier</b>: 6105551234</p><p><b>name</b>: Richard SMITH (OFFICIAL)</p><p><b>birthDate</b>: </p><p><b style=\"color: maroon\">Exception generating Narrative: null</b></p></div>"
  },
  "identifier": [
    {
      "extension": [
        {
          "url": "https://fhir.nhs.uk/R4/StructureDefinition/Extension-UKCore-NHSNumberVerificationStatus-1-0-0",
          "valueCodeableConcept": {
            "coding": [
              {
                "system": "https://fhir.nhs.uk/R4/CodeSystem/UKCore-NHSNumberVerificationStatus-1-0-0",
                "code": "01",
                "display": "Number present and verified"
              }
            ]
          }
        }
      ],
      "system": "https://fhir.nhs.uk/Id/nhs-number",
      "value": "6105551234"
    }
  ],
  "name": [
    {
      "use": "official",
      "family": "SMITH",
      "given": [
        "Richard"
      ]
    }
  ],
  "_birthDate": {
    "extension": [
      {
        "url": "http://hl7.org/fhir/StructureDefinition/patient-birthTime",
        "valueDateTime": "1970-09-11T13:46:00+00:00"
      }
    ]
  }
}