{
  "resourceType": "Practitioner",
  "id": "UKCore-Practitioner-Example-1-0-0",
  "meta": {
    "profile": [
      "https://fhir.nhs.uk/R4/StructureDefinition/UKCore-Practitioner-1-0-0"
    ]
  },
  "text": {
    "status": "generated",
    "div": "<div xmlns=\"http://www.w3.org/1999/xhtml\"><p><b>Generated Narrative with Details</b></p><p><b>id</b>: UKCore-Practitioner-Example-1-0-0</p><p><b>meta</b>: </p><p><b>identifier</b>: 6105551237</p><p><b>name</b>: Rebecca JONES (OFFICIAL)</p></div>"
  },
  "identifier": [
    {
      "system": "https://fhir.nhs.uk/Id/sds-user-id",
      "value": "6105551237"
    }
  ],
  "name": [
    {
      "use": "official",
      "family": "JONES",
      "given": [
        "Rebecca"
      ]
    }
  ]
}