<?xml version="1.0" encoding="UTF-8"?>

<Practitioner xmlns="http://hl7.org/fhir">
  <id value="UKCore-Practitioner-Example-1-0-0"/>
  <meta>
    <profile value="https://fhir.nhs.uk/R4/StructureDefinition/UKCore-Practitioner-1-0-0"/>
  </meta>
  <text>
    <status value="generated"/><div xmlns="http://www.w3.org/1999/xhtml"><p><b>Generated Narrative with Details</b></p><p><b>id</b>: UKCore-Practitioner-Example-1-0-0</p><p><b>meta</b>: </p><p><b>identifier</b>: 6105551237</p><p><b>name</b>: Rebecca JONES (OFFICIAL)</p></div>
  </text>
  <identifier>
    <system value="https://fhir.nhs.uk/Id/sds-user-id"/>
    <value value="6105551237"/>
  </identifier>
  <name>
    <use value="official"/>
    <family value="JONES"/>
    <given value="Rebecca"/>
  </name>
</Practitioner>