<?xml version="1.0" encoding="UTF-8"?>

<Procedure xmlns="http://hl7.org/fhir">
  <id value="UKCore-Procedure-Example"/>
  <meta>
    <profile value="https://fhir.nhs.uk/R4/StructureDefinition/UKCore-Procedure"/>
  </meta>
  <text>
    <status value="generated"/><div xmlns="http://www.w3.org/1999/xhtml"><p><b>Generated Narrative with Details</b></p><p><b>id</b>: UKCore-Procedure-Example</p><p><b>meta</b>: </p><p><b>status</b>: completed</p><p><b>code</b>: Hand microscope examination of skin (procedure) <span style="background: LightGoldenRodYellow">(Details : {SNOMED CT code '128004' = 'Hand microscope examination of skin', given as 'Hand microscope examination of skin (procedure)'})</span></p><p><b>subject</b>: <a href="UKCore-Patient-Example.html">Generated Summary: id: UKCore-Patient-Example; 9912003888; Richard SMITH (OFFICIAL); ph: 01131231234; gender: male; birthDate: 1970-09-11</a></p><p><b>performed</b>: 10-Dec-2019 13:00:00</p></div>
  </text>
  <status value="completed"/>
  <code>
    <coding>
      <system value="http://snomed.info/sct"/>
      <code value="128004"/>
      <display value="Hand microscope examination of skin (procedure)"/>
    </coding>
  </code>
  <subject>
    <reference value="Patient/UKCore-Patient-Example"/>
  </subject>
  <performedDateTime value="2019-12-10T13:00:00+00:00"/>
</Procedure>