<?xml version="1.0" encoding="UTF-8"?>

<StructureDefinition xmlns="http://hl7.org/fhir">
  <id value="Extension-UKCore-ContactPreference"/>
  <text>
    <status value="generated"/><div xmlns="http://www.w3.org/1999/xhtml"><table border="0" cellpadding="0" cellspacing="0" style="border: 0px #F0F0F0 solid; font-size: 11px; font-family: verdana; vertical-align: top;"><tr style="border: 1px #F0F0F0 solid; font-size: 11px; font-family: verdana; vertical-align: top;"><th style="vertical-align: top; text-align : left; background-color: white; border: 0px #F0F0F0 solid; padding:0px 4px 0px 4px" class="hierarchy"><a href="http://build.fhir.org/formats.html#table" title="The logical name of the element">Name</a></th><th style="vertical-align: top; text-align : left; background-color: white; border: 0px #F0F0F0 solid; padding:0px 4px 0px 4px" class="hierarchy"><a href="http://build.fhir.org/formats.html#table" title="Information about the use of the element">Flags</a></th><th style="vertical-align: top; text-align : left; background-color: white; border: 0px #F0F0F0 solid; padding:0px 4px 0px 4px" class="hierarchy"><a href="http://build.fhir.org/formats.html#table" title="Minimum and Maximum # of times the the element can appear in the instance">Card.</a></th><th style="width: 100px" class="hierarchy"><a href="http://build.fhir.org/formats.html#table" title="Reference to the type of the element">Type</a></th><th style="vertical-align: top; text-align : left; background-color: white; border: 0px #F0F0F0 solid; padding:0px 4px 0px 4px" class="hierarchy"><a href="http://build.fhir.org/formats.html#table" title="Additional information about the element">Description &amp; Constraints</a><span style="float: right"><a href="http://build.fhir.org/formats.html#table" title="Legend for this format"><img src="http://build.fhir.org/help16.png" alt="doco" style="background-color: inherit"/></a></span></th></tr><tr style="border: 0px #F0F0F0 solid; padding:0px; vertical-align: top; background-color: white;"><td style="vertical-align: top; text-align : left; background-color: white; border: 0px #F0F0F0 solid; padding:0px 4px 0px 4px; white-space: nowrap; background-image: url(tbl_bck1.png)" class="hierarchy"><img src="tbl_spacer.png" alt="." style="background-color: inherit" class="hierarchy"/><img src="icon_element.gif" alt="." style="background-color: white; background-color: inherit" title="Element" class="hierarchy"/> <a href="Extension-UKCore-ContactPreference-definitions.html#Extension" title="To record contact preferences for Patient, Patient.contact or RelatedPerson">Extension</a><a name="Extension"> </a></td><td style="vertical-align: top; text-align : left; background-color: white; border: 0px #F0F0F0 solid; padding:0px 4px 0px 4px" class="hierarchy"/><td style="vertical-align: top; text-align : left; background-color: white; border: 0px #F0F0F0 solid; padding:0px 4px 0px 4px" class="hierarchy"/><td style="vertical-align: top; text-align : left; background-color: white; border: 0px #F0F0F0 solid; padding:0px 4px 0px 4px" class="hierarchy"><a href="http://build.fhir.org/extensibility.html#Extension">Extension</a></td><td style="vertical-align: top; text-align : left; background-color: white; border: 0px #F0F0F0 solid; padding:0px 4px 0px 4px" class="hierarchy">Contact preferences for Patient, Patient.contact or RelatedPerson</td></tr>
<tr style="border: 0px #F0F0F0 solid; padding:0px; vertical-align: top; background-color: #F7F7F7;"><td style="vertical-align: top; text-align : left; background-color: #F7F7F7; border: 0px #F0F0F0 solid; padding:0px 4px 0px 4px; white-space: nowrap; background-image: url(tbl_bck12.png)" class="hierarchy"><img src="tbl_spacer.png" alt="." style="background-color: inherit" class="hierarchy"/><img src="tbl_vjoin.png" alt="." style="background-color: inherit" class="hierarchy"/><img src="icon_extension_simple.png" alt="." style="background-color: #F7F7F7; background-color: inherit" title="Simple Extension" class="hierarchy"/> <a href="Extension-UKCore-ContactPreference-definitions.html#Extension.extension" title="null">extension</a><a name="Extension.extension"> </a></td><td style="vertical-align: top; text-align : left; background-color: #F7F7F7; border: 0px #F0F0F0 solid; padding:0px 4px 0px 4px" class="hierarchy"/><td style="vertical-align: top; text-align : left; background-color: #F7F7F7; border: 0px #F0F0F0 solid; padding:0px 4px 0px 4px" class="hierarchy"/><td style="vertical-align: top; text-align : left; background-color: #F7F7F7; border: 0px #F0F0F0 solid; padding:0px 4px 0px 4px" class="hierarchy"/><td style="vertical-align: top; text-align : left; background-color: #F7F7F7; border: 0px #F0F0F0 solid; padding:0px 4px 0px 4px" class="hierarchy"><span style="font-weight:bold">Slice: </span>Unordered, Open by value:url</td></tr>
<tr style="border: 0px #F0F0F0 solid; padding:0px; vertical-align: top; background-color: white;"><td style="vertical-align: top; text-align : left; background-color: white; border: 0px #F0F0F0 solid; padding:0px 4px 0px 4px; white-space: nowrap; background-image: url(tbl_bck15.png)" class="hierarchy"><img src="tbl_spacer.png" alt="." style="background-color: inherit" class="hierarchy"/><img src="tbl_vjoin.png" alt="." style="background-color: inherit" class="hierarchy"/><img src="icon_slice_item.png" alt="." style="background-color: white; background-color: inherit" title="Slice Item" class="hierarchy"/> <a href="Extension-UKCore-ContactPreference-definitions.html#Extension.extension:PreferredContactMethod" title="Slice PreferredContactMethod: Method of contact preference e.g. Letter, Visit, Telephone etc.">extension:PreferredContactMethod</a><a name="Extension.extension"> </a></td><td style="vertical-align: top; text-align : left; background-color: white; border: 0px #F0F0F0 solid; padding:0px 4px 0px 4px" class="hierarchy"/><td style="vertical-align: top; text-align : left; background-color: white; border: 0px #F0F0F0 solid; padding:0px 4px 0px 4px" class="hierarchy">..1</td><td style="vertical-align: top; text-align : left; background-color: white; border: 0px #F0F0F0 solid; padding:0px 4px 0px 4px" class="hierarchy"/><td style="vertical-align: top; text-align : left; background-color: white; border: 0px #F0F0F0 solid; padding:0px 4px 0px 4px" class="hierarchy">Preferred Contact Method</td></tr>
<tr style="border: 0px #F0F0F0 solid; padding:0px; vertical-align: top; background-color: #F7F7F7;"><td style="vertical-align: top; text-align : left; background-color: #F7F7F7; border: 0px #F0F0F0 solid; padding:0px 4px 0px 4px; white-space: nowrap; background-image: url(tbl_bck150.png)" class="hierarchy"><img src="tbl_spacer.png" alt="." style="background-color: inherit" class="hierarchy"/><img src="tbl_vline.png" alt="." style="background-color: inherit" class="hierarchy"/><img src="tbl_vjoin_slice.png" alt="." style="background-color: inherit" class="hierarchy"/><img src="icon_element.gif" alt="." style="background-color: #F7F7F7; background-color: inherit" title="Element" class="hierarchy"/> <a href="Extension-UKCore-ContactPreference-definitions.html#Extension.extension:PreferredContactMethod.url" title="null">url</a><a name="Extension.extension.url"> </a></td><td style="vertical-align: top; text-align : left; background-color: #F7F7F7; border: 0px #F0F0F0 solid; padding:0px 4px 0px 4px" class="hierarchy"/><td style="vertical-align: top; text-align : left; background-color: #F7F7F7; border: 0px #F0F0F0 solid; padding:0px 4px 0px 4px" class="hierarchy"/><td style="vertical-align: top; text-align : left; background-color: #F7F7F7; border: 0px #F0F0F0 solid; padding:0px 4px 0px 4px" class="hierarchy"/><td style="vertical-align: top; text-align : left; background-color: #F7F7F7; border: 0px #F0F0F0 solid; padding:0px 4px 0px 4px" class="hierarchy"><span style="color: darkgreen">&quot;PreferredContactMethod&quot;</span></td></tr>
<tr style="border: 0px #F0F0F0 solid; padding:0px; vertical-align: top; background-color: white;"><td style="vertical-align: top; text-align : left; background-color: white; border: 0px #F0F0F0 solid; padding:0px 4px 0px 4px; white-space: nowrap; background-image: url(tbl_bck140.png)" class="hierarchy"><img src="tbl_spacer.png" alt="." style="background-color: inherit" class="hierarchy"/><img src="tbl_vline.png" alt="." style="background-color: inherit" class="hierarchy"/><img src="tbl_vjoin_end_slice.png" alt="." style="background-color: inherit" class="hierarchy"/><img src="icon_datatype.gif" alt="." style="background-color: white; background-color: inherit" title="Data Type" class="hierarchy"/> <a href="Extension-UKCore-ContactPreference-definitions.html#Extension.extension:PreferredContactMethod.value[x]" title="null">value[x]</a><a name="Extension.extension.value_x_"> </a></td><td style="vertical-align: top; text-align : left; background-color: white; border: 0px #F0F0F0 solid; padding:0px 4px 0px 4px" class="hierarchy"/><td style="vertical-align: top; text-align : left; background-color: white; border: 0px #F0F0F0 solid; padding:0px 4px 0px 4px" class="hierarchy"/><td style="vertical-align: top; text-align : left; background-color: white; border: 0px #F0F0F0 solid; padding:0px 4px 0px 4px" class="hierarchy"><a href="http://build.fhir.org/datatypes.html#CodeableConcept">CodeableConcept</a></td><td style="vertical-align: top; text-align : left; background-color: white; border: 0px #F0F0F0 solid; padding:0px 4px 0px 4px" class="hierarchy"><span style="font-weight:bold">Binding: </span><a href="ValueSet-UKCore-PreferredContactMethod.html">UK Core Preferred Contact Method</a> (<a href="http://build.fhir.org/terminologies.html#extensible" title="To be conformant, the concept in this element SHALL be from the specified value set if any of the codes within the value set can apply to the concept being communicated.  If the value set does not cover the concept (based on human review), alternate codings (or, data type allowing, text) may be included instead.">extensible</a>)</td></tr>
<tr style="border: 0px #F0F0F0 solid; padding:0px; vertical-align: top; background-color: #F7F7F7;"><td style="vertical-align: top; text-align : left; background-color: #F7F7F7; border: 0px #F0F0F0 solid; padding:0px 4px 0px 4px; white-space: nowrap; background-image: url(tbl_bck15.png)" class="hierarchy"><img src="tbl_spacer.png" alt="." style="background-color: inherit" class="hierarchy"/><img src="tbl_vjoin.png" alt="." style="background-color: inherit" class="hierarchy"/><img src="icon_slice_item.png" alt="." style="background-color: #F7F7F7; background-color: inherit" title="Slice Item" class="hierarchy"/> <a href="Extension-UKCore-ContactPreference-definitions.html#Extension.extension:PreferredContactTimes" title="Slice PreferredContactTimes: Preferred Contact time period">extension:PreferredContactTimes</a><a name="Extension.extension"> </a></td><td style="vertical-align: top; text-align : left; background-color: #F7F7F7; border: 0px #F0F0F0 solid; padding:0px 4px 0px 4px" class="hierarchy"/><td style="vertical-align: top; text-align : left; background-color: #F7F7F7; border: 0px #F0F0F0 solid; padding:0px 4px 0px 4px" class="hierarchy">..1</td><td style="vertical-align: top; text-align : left; background-color: #F7F7F7; border: 0px #F0F0F0 solid; padding:0px 4px 0px 4px" class="hierarchy"/><td style="vertical-align: top; text-align : left; background-color: #F7F7F7; border: 0px #F0F0F0 solid; padding:0px 4px 0px 4px" class="hierarchy">Preferred Contact Times</td></tr>
<tr style="border: 0px #F0F0F0 solid; padding:0px; vertical-align: top; background-color: white;"><td style="vertical-align: top; text-align : left; background-color: white; border: 0px #F0F0F0 solid; padding:0px 4px 0px 4px; white-space: nowrap; background-image: url(tbl_bck150.png)" class="hierarchy"><img src="tbl_spacer.png" alt="." style="background-color: inherit" class="hierarchy"/><img src="tbl_vline.png" alt="." style="background-color: inherit" class="hierarchy"/><img src="tbl_vjoin_slice.png" alt="." style="background-color: inherit" class="hierarchy"/><img src="icon_element.gif" alt="." style="background-color: white; background-color: inherit" title="Element" class="hierarchy"/> <a href="Extension-UKCore-ContactPreference-definitions.html#Extension.extension:PreferredContactTimes.url" title="null">url</a><a name="Extension.extension.url"> </a></td><td style="vertical-align: top; text-align : left; background-color: white; border: 0px #F0F0F0 solid; padding:0px 4px 0px 4px" class="hierarchy"/><td style="vertical-align: top; text-align : left; background-color: white; border: 0px #F0F0F0 solid; padding:0px 4px 0px 4px" class="hierarchy"/><td style="vertical-align: top; text-align : left; background-color: white; border: 0px #F0F0F0 solid; padding:0px 4px 0px 4px" class="hierarchy"/><td style="vertical-align: top; text-align : left; background-color: white; border: 0px #F0F0F0 solid; padding:0px 4px 0px 4px" class="hierarchy"><span style="color: darkgreen">&quot;PreferredContactTimes&quot;</span></td></tr>
<tr style="border: 0px #F0F0F0 solid; padding:0px; vertical-align: top; background-color: #F7F7F7;"><td style="vertical-align: top; text-align : left; background-color: #F7F7F7; border: 0px #F0F0F0 solid; padding:0px 4px 0px 4px; white-space: nowrap; background-image: url(tbl_bck140.png)" class="hierarchy"><img src="tbl_spacer.png" alt="." style="background-color: inherit" class="hierarchy"/><img src="tbl_vline.png" alt="." style="background-color: inherit" class="hierarchy"/><img src="tbl_vjoin_end_slice.png" alt="." style="background-color: inherit" class="hierarchy"/><img src="icon_datatype.gif" alt="." style="background-color: #F7F7F7; background-color: inherit" title="Data Type" class="hierarchy"/> <a href="Extension-UKCore-ContactPreference-definitions.html#Extension.extension:PreferredContactTimes.value[x]" title="null">value[x]</a><a name="Extension.extension.value_x_"> </a></td><td style="vertical-align: top; text-align : left; background-color: #F7F7F7; border: 0px #F0F0F0 solid; padding:0px 4px 0px 4px" class="hierarchy"/><td style="vertical-align: top; text-align : left; background-color: #F7F7F7; border: 0px #F0F0F0 solid; padding:0px 4px 0px 4px" class="hierarchy"/><td style="vertical-align: top; text-align : left; background-color: #F7F7F7; border: 0px #F0F0F0 solid; padding:0px 4px 0px 4px" class="hierarchy"><a href="http://build.fhir.org/datatypes.html#Period">Period</a></td><td style="vertical-align: top; text-align : left; background-color: #F7F7F7; border: 0px #F0F0F0 solid; padding:0px 4px 0px 4px" class="hierarchy">Preferred Contact Times</td></tr>
<tr style="border: 0px #F0F0F0 solid; padding:0px; vertical-align: top; background-color: white;"><td style="vertical-align: top; text-align : left; background-color: white; border: 0px #F0F0F0 solid; padding:0px 4px 0px 4px; white-space: nowrap; background-image: url(tbl_bck15.png)" class="hierarchy"><img src="tbl_spacer.png" alt="." style="background-color: inherit" class="hierarchy"/><img src="tbl_vjoin.png" alt="." style="background-color: inherit" class="hierarchy"/><img src="icon_slice_item.png" alt="." style="background-color: white; background-color: inherit" title="Slice Item" class="hierarchy"/> <a href="Extension-UKCore-ContactPreference-definitions.html#Extension.extension:PreferredWrittenCommunicationFormat" title="Slice PreferredWrittenCommunicationFormat: Preferred Written Communication Format, where different from standard text i.e. Large Print, Braille etc.">extension:PreferredWrittenCommunicationFormat</a><a name="Extension.extension"> </a></td><td style="vertical-align: top; text-align : left; background-color: white; border: 0px #F0F0F0 solid; padding:0px 4px 0px 4px" class="hierarchy"/><td style="vertical-align: top; text-align : left; background-color: white; border: 0px #F0F0F0 solid; padding:0px 4px 0px 4px" class="hierarchy">..1</td><td style="vertical-align: top; text-align : left; background-color: white; border: 0px #F0F0F0 solid; padding:0px 4px 0px 4px" class="hierarchy"/><td style="vertical-align: top; text-align : left; background-color: white; border: 0px #F0F0F0 solid; padding:0px 4px 0px 4px" class="hierarchy">Preferred Written Communication Format</td></tr>
<tr style="border: 0px #F0F0F0 solid; padding:0px; vertical-align: top; background-color: #F7F7F7;"><td style="vertical-align: top; text-align : left; background-color: #F7F7F7; border: 0px #F0F0F0 solid; padding:0px 4px 0px 4px; white-space: nowrap; background-image: url(tbl_bck150.png)" class="hierarchy"><img src="tbl_spacer.png" alt="." style="background-color: inherit" class="hierarchy"/><img src="tbl_vline.png" alt="." style="background-color: inherit" class="hierarchy"/><img src="tbl_vjoin_slice.png" alt="." style="background-color: inherit" class="hierarchy"/><img src="icon_element.gif" alt="." style="background-color: #F7F7F7; background-color: inherit" title="Element" class="hierarchy"/> <a href="Extension-UKCore-ContactPreference-definitions.html#Extension.extension:PreferredWrittenCommunicationFormat.url" title="null">url</a><a name="Extension.extension.url"> </a></td><td style="vertical-align: top; text-align : left; background-color: #F7F7F7; border: 0px #F0F0F0 solid; padding:0px 4px 0px 4px" class="hierarchy"/><td style="vertical-align: top; text-align : left; background-color: #F7F7F7; border: 0px #F0F0F0 solid; padding:0px 4px 0px 4px" class="hierarchy"/><td style="vertical-align: top; text-align : left; background-color: #F7F7F7; border: 0px #F0F0F0 solid; padding:0px 4px 0px 4px" class="hierarchy"/><td style="vertical-align: top; text-align : left; background-color: #F7F7F7; border: 0px #F0F0F0 solid; padding:0px 4px 0px 4px" class="hierarchy"><span style="color: darkgreen">&quot;PreferredWrittenCommunicationFormat&quot;</span></td></tr>
<tr style="border: 0px #F0F0F0 solid; padding:0px; vertical-align: top; background-color: white;"><td style="vertical-align: top; text-align : left; background-color: white; border: 0px #F0F0F0 solid; padding:0px 4px 0px 4px; white-space: nowrap; background-image: url(tbl_bck140.png)" class="hierarchy"><img src="tbl_spacer.png" alt="." style="background-color: inherit" class="hierarchy"/><img src="tbl_vline.png" alt="." style="background-color: inherit" class="hierarchy"/><img src="tbl_vjoin_end_slice.png" alt="." style="background-color: inherit" class="hierarchy"/><img src="icon_datatype.gif" alt="." style="background-color: white; background-color: inherit" title="Data Type" class="hierarchy"/> <a href="Extension-UKCore-ContactPreference-definitions.html#Extension.extension:PreferredWrittenCommunicationFormat.value[x]" title="null">value[x]</a><a name="Extension.extension.value_x_"> </a></td><td style="vertical-align: top; text-align : left; background-color: white; border: 0px #F0F0F0 solid; padding:0px 4px 0px 4px" class="hierarchy"/><td style="vertical-align: top; text-align : left; background-color: white; border: 0px #F0F0F0 solid; padding:0px 4px 0px 4px" class="hierarchy"/><td style="vertical-align: top; text-align : left; background-color: white; border: 0px #F0F0F0 solid; padding:0px 4px 0px 4px" class="hierarchy"><a href="http://build.fhir.org/datatypes.html#CodeableConcept">CodeableConcept</a></td><td style="vertical-align: top; text-align : left; background-color: white; border: 0px #F0F0F0 solid; padding:0px 4px 0px 4px" class="hierarchy"><span style="font-weight:bold">Binding: </span><a href="ValueSet-UKCore-PreferredWrittenCommunicationFormat.html">UK Core Preferred Written Communication Format</a> (<a href="http://build.fhir.org/terminologies.html#extensible" title="To be conformant, the concept in this element SHALL be from the specified value set if any of the codes within the value set can apply to the concept being communicated.  If the value set does not cover the concept (based on human review), alternate codings (or, data type allowing, text) may be included instead.">extensible</a>)</td></tr>
<tr style="border: 0px #F0F0F0 solid; padding:0px; vertical-align: top; background-color: #F7F7F7;"><td style="vertical-align: top; text-align : left; background-color: #F7F7F7; border: 0px #F0F0F0 solid; padding:0px 4px 0px 4px; white-space: nowrap; background-image: url(tbl_bck10.png)" class="hierarchy"><img src="tbl_spacer.png" alt="." style="background-color: inherit" class="hierarchy"/><img src="tbl_vjoin.png" alt="." style="background-color: inherit" class="hierarchy"/><img src="icon_element.gif" alt="." style="background-color: #F7F7F7; background-color: inherit" title="Element" class="hierarchy"/> <a href="Extension-UKCore-ContactPreference-definitions.html#Extension.url" title="null">url</a><a name="Extension.url"> </a></td><td style="vertical-align: top; text-align : left; background-color: #F7F7F7; border: 0px #F0F0F0 solid; padding:0px 4px 0px 4px" class="hierarchy"/><td style="vertical-align: top; text-align : left; background-color: #F7F7F7; border: 0px #F0F0F0 solid; padding:0px 4px 0px 4px" class="hierarchy"/><td style="vertical-align: top; text-align : left; background-color: #F7F7F7; border: 0px #F0F0F0 solid; padding:0px 4px 0px 4px" class="hierarchy"/><td style="vertical-align: top; text-align : left; background-color: #F7F7F7; border: 0px #F0F0F0 solid; padding:0px 4px 0px 4px" class="hierarchy"><span style="color: darkgreen">&quot;https://fhir.nhs.uk/R4/StructureDefinition/Extension-UKCore-ContactPreference&quot;</span></td></tr>
<tr style="border: 0px #F0F0F0 solid; padding:0px; vertical-align: top; background-color: white;"><td style="vertical-align: top; text-align : left; background-color: white; border: 0px #F0F0F0 solid; padding:0px 4px 0px 4px; white-space: nowrap; background-image: url(tbl_bck00.png)" class="hierarchy"><img src="tbl_spacer.png" alt="." style="background-color: inherit" class="hierarchy"/><img src="tbl_vjoin_end.png" alt="." style="background-color: inherit" class="hierarchy"/><img src="icon_element.gif" alt="." style="background-color: white; background-color: inherit" title="Element" class="hierarchy"/> <span style="text-decoration:line-through" title="null">value[x]</span><a name="Extension.value_x_"> </a></td><td style="vertical-align: top; text-align : left; background-color: white; border: 0px #F0F0F0 solid; padding:0px 4px 0px 4px" class="hierarchy"/><td style="vertical-align: top; text-align : left; background-color: white; border: 0px #F0F0F0 solid; padding:0px 4px 0px 4px" class="hierarchy"><span style="text-decoration:line-through"/><span style="text-decoration:line-through"></span><span style="text-decoration:line-through">..</span><span style="text-decoration:line-through">0</span></td><td style="vertical-align: top; text-align : left; background-color: white; border: 0px #F0F0F0 solid; padding:0px 4px 0px 4px" class="hierarchy"/><td style="vertical-align: top; text-align : left; background-color: white; border: 0px #F0F0F0 solid; padding:0px 4px 0px 4px" class="hierarchy"/></tr>
<tr><td colspan="5" class="hierarchy"><br/><a href="http://build.fhir.org/formats.html#table" title="Legend for this format"><img src="http://build.fhir.org/help16.png" alt="doco" style="background-color: inherit"/> Documentation for this format</a></td></tr></table></div>
  </text>
  <url value="https://fhir.nhs.uk/R4/StructureDefinition/Extension-UKCore-ContactPreference"/>
  <version value="1.0.0"/>
  <name value="ExtensionUKCoreContactPreference"/>
  <title value="Extension UK Core ContactPreference"/>
  <status value="draft"/>
  <experimental value="false"/>
  <date value="2019-12-17T23:17:14+00:00"/>
  <publisher value="NHS Digital"/>
  <contact>
    <name value="Interoperability Team"/>
    <telecom>
      <system value="email"/>
      <value value="interoperabilityteam@nhs.net"/>
      <use value="work"/>
    </telecom>
  </contact>
  <description value="UKCore Contact preferences for Patient, Patient.contact or RelatedPerson"/>
  <purpose value="To record contact preferences for Patient, Patient.contact or RelatedPerson"/>
  <copyright value="Copyright &#xA9; 2019 NHS Digital"/>
  <fhirVersion value="4.0.1"/>
  <mapping>
    <identity value="rim"/>
    <uri value="http://hl7.org/v3"/>
    <name value="RIM Mapping"/>
  </mapping>
  <kind value="complex-type"/>
  <abstract value="false"/>
  <context>
    <type value="element"/>
    <expression value="Patient.telecom"/>
  </context>
  <context>
    <type value="element"/>
    <expression value="RelatedPerson.telecom"/>
  </context>
  <context>
    <type value="element"/>
    <expression value="Patient.contact"/>
  </context>
  <type value="Extension"/>
  <baseDefinition value="http://hl7.org/fhir/StructureDefinition/Extension"/>
  <derivation value="constraint"/>
  <snapshot>
    <element id="Extension">
      <path value="Extension"/>
      <short value="Contact preferences for Patient, Patient.contact or RelatedPerson"/>
      <definition value="To record contact preferences for Patient, Patient.contact or RelatedPerson"/>
      <min value="0"/>
      <max value="*"/>
      <base>
        <path value="Extension"/>
        <min value="0"/>
        <max value="*"/>
      </base>
      <condition value="ele-1"/>
      <constraint>
        <key value="ele-1"/>
        <severity value="error"/>
        <human value="All FHIR elements must have a @value or children"/>
        <expression value="hasValue() or (children().count() &gt; id.count())"/>
        <xpath value="@value|f:*|h:div"/>
        <source value="Element"/>
      </constraint>
      <constraint>
        <key value="ext-1"/>
        <severity value="error"/>
        <human value="Must have either extensions or value[x], not both"/>
        <expression value="extension.exists() != value.exists()"/>
        <xpath value="exists(f:extension)!=exists(f:*[starts-with(local-name(.), &#39;value&#39;)])"/>
        <source value="Extension"/>
      </constraint>
      <mapping>
        <identity value="rim"/>
        <map value="n/a"/>
      </mapping>
      <mapping>
        <identity value="rim"/>
        <map value="N/A"/>
      </mapping>
    </element>
    <element id="Extension.id">
      <path value="Extension.id"/>
      <representation value="xmlAttr"/>
      <short value="Unique id for inter-element referencing"/>
      <definition value="Unique id for the element within a resource (for internal references). This may be any string value that does not contain spaces."/>
      <min value="0"/>
      <max value="1"/>
      <base>
        <path value="Element.id"/>
        <min value="0"/>
        <max value="1"/>
      </base>
      <type>
        <code>
          <extension url="http://hl7.org/fhir/StructureDefinition/structuredefinition-json-type">
            <valueString value="string"/>
          </extension>
          <extension url="http://hl7.org/fhir/StructureDefinition/structuredefinition-xml-type">
            <valueString value="xsd:string"/>
          </extension>
          <extension url="http://hl7.org/fhir/StructureDefinition/structuredefinition-rdf-type">
            <valueString value="xsd:string"/>
          </extension>
        </code>
      </type>
      <mapping>
        <identity value="rim"/>
        <map value="n/a"/>
      </mapping>
    </element>
    <element id="Extension.extension">
      <path value="Extension.extension"/>
      <slicing>
        <discriminator>
          <type value="value"/>
          <path value="url"/>
        </discriminator>
        <description value="Extensions are always sliced by (at least) url"/>
        <rules value="open"/>
      </slicing>
      <short value="Additional content defined by implementations"/>
      <definition value="May be used to represent additional information that is not part of the basic definition of the element. To make the use of extensions safe and manageable, there is a strict set of governance  applied to the definition and use of extensions. Though any implementer can define an extension, there is a set of requirements that SHALL be met as part of the definition of the extension."/>
      <comment value="There can be no stigma associated with the use of extensions by any application, project, or standard - regardless of the institution or jurisdiction that uses or defines the extensions.  The use of extensions is what allows the FHIR specification to retain a core level of simplicity for everyone."/>
      <alias value="extensions"/>
      <alias value="user content"/>
      <min value="0"/>
      <max value="*"/>
      <base>
        <path value="Element.extension"/>
        <min value="0"/>
        <max value="*"/>
      </base>
      <type>
        <code value="Extension"/>
      </type>
      <condition value="ele-1"/>
      <constraint>
        <key value="ele-1"/>
        <severity value="error"/>
        <human value="All FHIR elements must have a @value or children"/>
        <expression value="hasValue() or (children().count() &gt; id.count())"/>
        <xpath value="@value|f:*|h:div"/>
        <source value="Element"/>
      </constraint>
      <constraint>
        <key value="ext-1"/>
        <severity value="error"/>
        <human value="Must have either extensions or value[x], not both"/>
        <expression value="extension.exists() != value.exists()"/>
        <xpath value="exists(f:extension)!=exists(f:*[starts-with(local-name(.), &#39;value&#39;)])"/>
        <source value="Extension"/>
      </constraint>
      <mapping>
        <identity value="rim"/>
        <map value="n/a"/>
      </mapping>
      <mapping>
        <identity value="rim"/>
        <map value="N/A"/>
      </mapping>
    </element>
    <element id="Extension.extension:PreferredContactMethod">
      <path value="Extension.extension"/>
      <sliceName value="PreferredContactMethod"/>
      <short value="Preferred Contact Method"/>
      <definition value="Method of contact preference e.g. Letter, Visit, Telephone etc."/>
      <comment value="There can be no stigma associated with the use of extensions by any application, project, or standard - regardless of the institution or jurisdiction that uses or defines the extensions.  The use of extensions is what allows the FHIR specification to retain a core level of simplicity for everyone."/>
      <alias value="extensions"/>
      <alias value="user content"/>
      <min value="0"/>
      <max value="1"/>
      <base>
        <path value="Element.extension"/>
        <min value="0"/>
        <max value="*"/>
      </base>
      <type>
        <code value="Extension"/>
      </type>
      <condition value="ele-1"/>
      <constraint>
        <key value="ele-1"/>
        <severity value="error"/>
        <human value="All FHIR elements must have a @value or children"/>
        <expression value="hasValue() or (children().count() &gt; id.count())"/>
        <xpath value="@value|f:*|h:div"/>
        <source value="Element"/>
      </constraint>
      <constraint>
        <key value="ext-1"/>
        <severity value="error"/>
        <human value="Must have either extensions or value[x], not both"/>
        <expression value="extension.exists() != value.exists()"/>
        <xpath value="exists(f:extension)!=exists(f:*[starts-with(local-name(.), &#39;value&#39;)])"/>
        <source value="Extension"/>
      </constraint>
      <mapping>
        <identity value="rim"/>
        <map value="n/a"/>
      </mapping>
      <mapping>
        <identity value="rim"/>
        <map value="N/A"/>
      </mapping>
    </element>
    <element id="Extension.extension:PreferredContactMethod.id">
      <path value="Extension.extension.id"/>
      <representation value="xmlAttr"/>
      <short value="Unique id for inter-element referencing"/>
      <definition value="Unique id for the element within a resource (for internal references). This may be any string value that does not contain spaces."/>
      <min value="0"/>
      <max value="1"/>
      <base>
        <path value="Element.id"/>
        <min value="0"/>
        <max value="1"/>
      </base>
      <type>
        <code>
          <extension url="http://hl7.org/fhir/StructureDefinition/structuredefinition-json-type">
            <valueString value="string"/>
          </extension>
          <extension url="http://hl7.org/fhir/StructureDefinition/structuredefinition-xml-type">
            <valueString value="xsd:string"/>
          </extension>
          <extension url="http://hl7.org/fhir/StructureDefinition/structuredefinition-rdf-type">
            <valueString value="xsd:string"/>
          </extension>
        </code>
      </type>
      <mapping>
        <identity value="rim"/>
        <map value="n/a"/>
      </mapping>
    </element>
    <element id="Extension.extension:PreferredContactMethod.extension">
      <path value="Extension.extension.extension"/>
      <slicing>
        <discriminator>
          <type value="value"/>
          <path value="url"/>
        </discriminator>
        <description value="Extensions are always sliced by (at least) url"/>
        <rules value="open"/>
      </slicing>
      <short value="Additional content defined by implementations"/>
      <definition value="May be used to represent additional information that is not part of the basic definition of the element. To make the use of extensions safe and manageable, there is a strict set of governance  applied to the definition and use of extensions. Though any implementer can define an extension, there is a set of requirements that SHALL be met as part of the definition of the extension."/>
      <comment value="There can be no stigma associated with the use of extensions by any application, project, or standard - regardless of the institution or jurisdiction that uses or defines the extensions.  The use of extensions is what allows the FHIR specification to retain a core level of simplicity for everyone."/>
      <alias value="extensions"/>
      <alias value="user content"/>
      <min value="0"/>
      <max value="*"/>
      <base>
        <path value="Element.extension"/>
        <min value="0"/>
        <max value="*"/>
      </base>
      <type>
        <code value="Extension"/>
      </type>
      <condition value="ele-1"/>
      <constraint>
        <key value="ele-1"/>
        <severity value="error"/>
        <human value="All FHIR elements must have a @value or children"/>
        <expression value="hasValue() or (children().count() &gt; id.count())"/>
        <xpath value="@value|f:*|h:div"/>
        <source value="Element"/>
      </constraint>
      <constraint>
        <key value="ext-1"/>
        <severity value="error"/>
        <human value="Must have either extensions or value[x], not both"/>
        <expression value="extension.exists() != value.exists()"/>
        <xpath value="exists(f:extension)!=exists(f:*[starts-with(local-name(.), &#39;value&#39;)])"/>
        <source value="Extension"/>
      </constraint>
      <mapping>
        <identity value="rim"/>
        <map value="n/a"/>
      </mapping>
      <mapping>
        <identity value="rim"/>
        <map value="N/A"/>
      </mapping>
    </element>
    <element id="Extension.extension:PreferredContactMethod.url">
      <path value="Extension.extension.url"/>
      <representation value="xmlAttr"/>
      <short value="identifies the meaning of the extension"/>
      <definition value="Source of the definition for the extension code - a logical name or a URL."/>
      <comment value="The definition may point directly to a computable or human-readable definition of the extensibility codes, or it may be a logical URI as declared in some other specification. The definition SHALL be a URI for the Structure Definition defining the extension."/>
      <min value="1"/>
      <max value="1"/>
      <base>
        <path value="Extension.url"/>
        <min value="1"/>
        <max value="1"/>
      </base>
      <type>
        <code>
          <extension url="http://hl7.org/fhir/StructureDefinition/structuredefinition-json-type">
            <valueString value="string"/>
          </extension>
          <extension url="http://hl7.org/fhir/StructureDefinition/structuredefinition-xml-type">
            <valueString value="xsd:string"/>
          </extension>
          <extension url="http://hl7.org/fhir/StructureDefinition/structuredefinition-rdf-type">
            <valueString value="xsd:string"/>
          </extension>
          <extension url="http://hl7.org/fhir/StructureDefinition/regex">
            <valueString value="((http|https)://([A-Za-z0-9\\\.\:\%\$]*\/)*)?(Account|ActivityDefinition|AdverseEvent|AllergyIntolerance|Appointment|AppointmentResponse|AuditEvent|Basic|Binary|BiologicallyDerivedProduct|BodyStructure|Bundle|CapabilityStatement|CarePlan|CareTeam|CatalogEntry|ChargeItem|ChargeItemDefinition|Claim|ClaimResponse|ClinicalImpression|CodeSystem|Communication|CommunicationRequest|CompartmentDefinition|Composition|ConceptMap|Condition|Consent|Contract|Coverage|CoverageEligibilityRequest|CoverageEligibilityResponse|DetectedIssue|Device|DeviceDefinition|DeviceMetric|DeviceRequest|DeviceUseStatement|DiagnosticReport|DocumentManifest|DocumentReference|EffectEvidenceSynthesis|Encounter|Endpoint|EnrollmentRequest|EnrollmentResponse|EpisodeOfCare|EventDefinition|Evidence|EvidenceVariable|ExampleScenario|ExplanationOfBenefit|FamilyMemberHistory|Flag|Goal|GraphDefinition|Group|GuidanceResponse|HealthcareService|ImagingStudy|Immunization|ImmunizationEvaluation|ImmunizationRecommendation|ImplementationGuide|InsurancePlan|Invoice|Library|Linkage|List|Location|Measure|MeasureReport|Media|Medication|MedicationAdministration|MedicationDispense|MedicationKnowledge|MedicationRequest|MedicationStatement|MedicinalProduct|MedicinalProductAuthorization|MedicinalProductContraindication|MedicinalProductIndication|MedicinalProductIngredient|MedicinalProductInteraction|MedicinalProductManufactured|MedicinalProductPackaged|MedicinalProductPharmaceutical|MedicinalProductUndesirableEffect|MessageDefinition|MessageHeader|MolecularSequence|NamingSystem|NutritionOrder|Observation|ObservationDefinition|OperationDefinition|OperationOutcome|Organization|OrganizationAffiliation|Patient|PaymentNotice|PaymentReconciliation|Person|PlanDefinition|Practitioner|PractitionerRole|Procedure|Provenance|Questionnaire|QuestionnaireResponse|RelatedPerson|RequestGroup|ResearchDefinition|ResearchElementDefinition|ResearchStudy|ResearchSubject|RiskAssessment|RiskEvidenceSynthesis|Schedule|SearchParameter|ServiceRequest|Slot|Specimen|SpecimenDefinition|StructureDefinition|StructureMap|Subscription|Substance|SubstanceNucleicAcid|SubstancePolymer|SubstanceProtein|SubstanceReferenceInformation|SubstanceSourceMaterial|SubstanceSpecification|SupplyDelivery|SupplyRequest|Task|TerminologyCapabilities|TestReport|TestScript|ValueSet|VerificationResult|VisionPrescription)\/[A-Za-z0-9\-\.]{1,64}(\/_history\/[A-Za-z0-9\-\.]{1,64})?"/>
          </extension>
        </code>
      </type>
      <fixedUri value="PreferredContactMethod"/>
      <mapping>
        <identity value="rim"/>
        <map value="N/A"/>
      </mapping>
    </element>
    <element id="Extension.extension:PreferredContactMethod.value[x]">
      <path value="Extension.extension.value[x]"/>
      <short value="Value of extension"/>
      <definition value="Value of extension - must be one of a constrained set of the data types (see [Extensibility](extensibility.html) for a list)."/>
      <comment value="A stream of bytes, base64 encoded"/>
      <min value="0"/>
      <max value="1"/>
      <base>
        <path value="Extension.value[x]"/>
        <min value="0"/>
        <max value="1"/>
      </base>
      <type>
        <code value="CodeableConcept"/>
      </type>
      <condition value="ele-1"/>
      <constraint>
        <key value="ele-1"/>
        <severity value="error"/>
        <human value="All FHIR elements must have a @value or children"/>
        <expression value="hasValue() or (children().count() &gt; id.count())"/>
        <xpath value="@value|f:*|h:div"/>
        <source value="Element"/>
      </constraint>
      <binding>
        <strength value="extensible"/>
        <description value="Preferred Contact Method"/>
        <valueSet value="https://fhir.nhs.uk/R4/ValueSet/UKCore-PreferredContactMethod"/>
      </binding>
      <mapping>
        <identity value="rim"/>
        <map value="n/a"/>
      </mapping>
      <mapping>
        <identity value="rim"/>
        <map value="N/A"/>
      </mapping>
    </element>
    <element id="Extension.extension:PreferredContactTimes">
      <path value="Extension.extension"/>
      <sliceName value="PreferredContactTimes"/>
      <short value="Preferred Contact Times"/>
      <definition value="Preferred Contact time period"/>
      <comment value="There can be no stigma associated with the use of extensions by any application, project, or standard - regardless of the institution or jurisdiction that uses or defines the extensions.  The use of extensions is what allows the FHIR specification to retain a core level of simplicity for everyone."/>
      <alias value="extensions"/>
      <alias value="user content"/>
      <min value="0"/>
      <max value="1"/>
      <base>
        <path value="Element.extension"/>
        <min value="0"/>
        <max value="*"/>
      </base>
      <type>
        <code value="Extension"/>
      </type>
      <condition value="ele-1"/>
      <constraint>
        <key value="ele-1"/>
        <severity value="error"/>
        <human value="All FHIR elements must have a @value or children"/>
        <expression value="hasValue() or (children().count() &gt; id.count())"/>
        <xpath value="@value|f:*|h:div"/>
        <source value="Element"/>
      </constraint>
      <constraint>
        <key value="ext-1"/>
        <severity value="error"/>
        <human value="Must have either extensions or value[x], not both"/>
        <expression value="extension.exists() != value.exists()"/>
        <xpath value="exists(f:extension)!=exists(f:*[starts-with(local-name(.), &#39;value&#39;)])"/>
        <source value="Extension"/>
      </constraint>
      <mapping>
        <identity value="rim"/>
        <map value="n/a"/>
      </mapping>
      <mapping>
        <identity value="rim"/>
        <map value="N/A"/>
      </mapping>
    </element>
    <element id="Extension.extension:PreferredContactTimes.id">
      <path value="Extension.extension.id"/>
      <representation value="xmlAttr"/>
      <short value="Unique id for inter-element referencing"/>
      <definition value="Unique id for the element within a resource (for internal references). This may be any string value that does not contain spaces."/>
      <min value="0"/>
      <max value="1"/>
      <base>
        <path value="Element.id"/>
        <min value="0"/>
        <max value="1"/>
      </base>
      <type>
        <code>
          <extension url="http://hl7.org/fhir/StructureDefinition/structuredefinition-json-type">
            <valueString value="string"/>
          </extension>
          <extension url="http://hl7.org/fhir/StructureDefinition/structuredefinition-xml-type">
            <valueString value="xsd:string"/>
          </extension>
          <extension url="http://hl7.org/fhir/StructureDefinition/structuredefinition-rdf-type">
            <valueString value="xsd:string"/>
          </extension>
        </code>
      </type>
      <mapping>
        <identity value="rim"/>
        <map value="n/a"/>
      </mapping>
    </element>
    <element id="Extension.extension:PreferredContactTimes.extension">
      <path value="Extension.extension.extension"/>
      <slicing>
        <discriminator>
          <type value="value"/>
          <path value="url"/>
        </discriminator>
        <description value="Extensions are always sliced by (at least) url"/>
        <rules value="open"/>
      </slicing>
      <short value="Additional content defined by implementations"/>
      <definition value="May be used to represent additional information that is not part of the basic definition of the element. To make the use of extensions safe and manageable, there is a strict set of governance  applied to the definition and use of extensions. Though any implementer can define an extension, there is a set of requirements that SHALL be met as part of the definition of the extension."/>
      <comment value="There can be no stigma associated with the use of extensions by any application, project, or standard - regardless of the institution or jurisdiction that uses or defines the extensions.  The use of extensions is what allows the FHIR specification to retain a core level of simplicity for everyone."/>
      <alias value="extensions"/>
      <alias value="user content"/>
      <min value="0"/>
      <max value="*"/>
      <base>
        <path value="Element.extension"/>
        <min value="0"/>
        <max value="*"/>
      </base>
      <type>
        <code value="Extension"/>
      </type>
      <condition value="ele-1"/>
      <constraint>
        <key value="ele-1"/>
        <severity value="error"/>
        <human value="All FHIR elements must have a @value or children"/>
        <expression value="hasValue() or (children().count() &gt; id.count())"/>
        <xpath value="@value|f:*|h:div"/>
        <source value="Element"/>
      </constraint>
      <constraint>
        <key value="ext-1"/>
        <severity value="error"/>
        <human value="Must have either extensions or value[x], not both"/>
        <expression value="extension.exists() != value.exists()"/>
        <xpath value="exists(f:extension)!=exists(f:*[starts-with(local-name(.), &#39;value&#39;)])"/>
        <source value="Extension"/>
      </constraint>
      <mapping>
        <identity value="rim"/>
        <map value="n/a"/>
      </mapping>
      <mapping>
        <identity value="rim"/>
        <map value="N/A"/>
      </mapping>
    </element>
    <element id="Extension.extension:PreferredContactTimes.url">
      <path value="Extension.extension.url"/>
      <representation value="xmlAttr"/>
      <short value="identifies the meaning of the extension"/>
      <definition value="Source of the definition for the extension code - a logical name or a URL."/>
      <comment value="The definition may point directly to a computable or human-readable definition of the extensibility codes, or it may be a logical URI as declared in some other specification. The definition SHALL be a URI for the Structure Definition defining the extension."/>
      <min value="1"/>
      <max value="1"/>
      <base>
        <path value="Extension.url"/>
        <min value="1"/>
        <max value="1"/>
      </base>
      <type>
        <code>
          <extension url="http://hl7.org/fhir/StructureDefinition/structuredefinition-json-type">
            <valueString value="string"/>
          </extension>
          <extension url="http://hl7.org/fhir/StructureDefinition/structuredefinition-xml-type">
            <valueString value="xsd:string"/>
          </extension>
          <extension url="http://hl7.org/fhir/StructureDefinition/structuredefinition-rdf-type">
            <valueString value="xsd:string"/>
          </extension>
          <extension url="http://hl7.org/fhir/StructureDefinition/regex">
            <valueString value="((http|https)://([A-Za-z0-9\\\.\:\%\$]*\/)*)?(Account|ActivityDefinition|AdverseEvent|AllergyIntolerance|Appointment|AppointmentResponse|AuditEvent|Basic|Binary|BiologicallyDerivedProduct|BodyStructure|Bundle|CapabilityStatement|CarePlan|CareTeam|CatalogEntry|ChargeItem|ChargeItemDefinition|Claim|ClaimResponse|ClinicalImpression|CodeSystem|Communication|CommunicationRequest|CompartmentDefinition|Composition|ConceptMap|Condition|Consent|Contract|Coverage|CoverageEligibilityRequest|CoverageEligibilityResponse|DetectedIssue|Device|DeviceDefinition|DeviceMetric|DeviceRequest|DeviceUseStatement|DiagnosticReport|DocumentManifest|DocumentReference|EffectEvidenceSynthesis|Encounter|Endpoint|EnrollmentRequest|EnrollmentResponse|EpisodeOfCare|EventDefinition|Evidence|EvidenceVariable|ExampleScenario|ExplanationOfBenefit|FamilyMemberHistory|Flag|Goal|GraphDefinition|Group|GuidanceResponse|HealthcareService|ImagingStudy|Immunization|ImmunizationEvaluation|ImmunizationRecommendation|ImplementationGuide|InsurancePlan|Invoice|Library|Linkage|List|Location|Measure|MeasureReport|Media|Medication|MedicationAdministration|MedicationDispense|MedicationKnowledge|MedicationRequest|MedicationStatement|MedicinalProduct|MedicinalProductAuthorization|MedicinalProductContraindication|MedicinalProductIndication|MedicinalProductIngredient|MedicinalProductInteraction|MedicinalProductManufactured|MedicinalProductPackaged|MedicinalProductPharmaceutical|MedicinalProductUndesirableEffect|MessageDefinition|MessageHeader|MolecularSequence|NamingSystem|NutritionOrder|Observation|ObservationDefinition|OperationDefinition|OperationOutcome|Organization|OrganizationAffiliation|Patient|PaymentNotice|PaymentReconciliation|Person|PlanDefinition|Practitioner|PractitionerRole|Procedure|Provenance|Questionnaire|QuestionnaireResponse|RelatedPerson|RequestGroup|ResearchDefinition|ResearchElementDefinition|ResearchStudy|ResearchSubject|RiskAssessment|RiskEvidenceSynthesis|Schedule|SearchParameter|ServiceRequest|Slot|Specimen|SpecimenDefinition|StructureDefinition|StructureMap|Subscription|Substance|SubstanceNucleicAcid|SubstancePolymer|SubstanceProtein|SubstanceReferenceInformation|SubstanceSourceMaterial|SubstanceSpecification|SupplyDelivery|SupplyRequest|Task|TerminologyCapabilities|TestReport|TestScript|ValueSet|VerificationResult|VisionPrescription)\/[A-Za-z0-9\-\.]{1,64}(\/_history\/[A-Za-z0-9\-\.]{1,64})?"/>
          </extension>
        </code>
      </type>
      <fixedUri value="PreferredContactTimes"/>
      <mapping>
        <identity value="rim"/>
        <map value="N/A"/>
      </mapping>
    </element>
    <element id="Extension.extension:PreferredContactTimes.value[x]">
      <path value="Extension.extension.value[x]"/>
      <short value="Preferred Contact Times"/>
      <definition value="Value of extension - must be one of a constrained set of the data types (see [Extensibility](extensibility.html) for a list)."/>
      <comment value="A stream of bytes, base64 encoded"/>
      <min value="0"/>
      <max value="1"/>
      <base>
        <path value="Extension.value[x]"/>
        <min value="0"/>
        <max value="1"/>
      </base>
      <type>
        <code value="Period"/>
      </type>
      <condition value="ele-1"/>
      <constraint>
        <key value="ele-1"/>
        <severity value="error"/>
        <human value="All FHIR elements must have a @value or children"/>
        <expression value="hasValue() or (children().count() &gt; id.count())"/>
        <xpath value="@value|f:*|h:div"/>
        <source value="Element"/>
      </constraint>
      <mapping>
        <identity value="rim"/>
        <map value="n/a"/>
      </mapping>
      <mapping>
        <identity value="rim"/>
        <map value="N/A"/>
      </mapping>
    </element>
    <element id="Extension.extension:PreferredWrittenCommunicationFormat">
      <path value="Extension.extension"/>
      <sliceName value="PreferredWrittenCommunicationFormat"/>
      <short value="Preferred Written Communication Format"/>
      <definition value="Preferred Written Communication Format, where different from standard text i.e. Large Print, Braille etc."/>
      <comment value="There can be no stigma associated with the use of extensions by any application, project, or standard - regardless of the institution or jurisdiction that uses or defines the extensions.  The use of extensions is what allows the FHIR specification to retain a core level of simplicity for everyone."/>
      <alias value="extensions"/>
      <alias value="user content"/>
      <min value="0"/>
      <max value="1"/>
      <base>
        <path value="Element.extension"/>
        <min value="0"/>
        <max value="*"/>
      </base>
      <type>
        <code value="Extension"/>
      </type>
      <condition value="ele-1"/>
      <constraint>
        <key value="ele-1"/>
        <severity value="error"/>
        <human value="All FHIR elements must have a @value or children"/>
        <expression value="hasValue() or (children().count() &gt; id.count())"/>
        <xpath value="@value|f:*|h:div"/>
        <source value="Element"/>
      </constraint>
      <constraint>
        <key value="ext-1"/>
        <severity value="error"/>
        <human value="Must have either extensions or value[x], not both"/>
        <expression value="extension.exists() != value.exists()"/>
        <xpath value="exists(f:extension)!=exists(f:*[starts-with(local-name(.), &#39;value&#39;)])"/>
        <source value="Extension"/>
      </constraint>
      <mapping>
        <identity value="rim"/>
        <map value="n/a"/>
      </mapping>
      <mapping>
        <identity value="rim"/>
        <map value="N/A"/>
      </mapping>
    </element>
    <element id="Extension.extension:PreferredWrittenCommunicationFormat.id">
      <path value="Extension.extension.id"/>
      <representation value="xmlAttr"/>
      <short value="Unique id for inter-element referencing"/>
      <definition value="Unique id for the element within a resource (for internal references). This may be any string value that does not contain spaces."/>
      <min value="0"/>
      <max value="1"/>
      <base>
        <path value="Element.id"/>
        <min value="0"/>
        <max value="1"/>
      </base>
      <type>
        <code>
          <extension url="http://hl7.org/fhir/StructureDefinition/structuredefinition-json-type">
            <valueString value="string"/>
          </extension>
          <extension url="http://hl7.org/fhir/StructureDefinition/structuredefinition-xml-type">
            <valueString value="xsd:string"/>
          </extension>
          <extension url="http://hl7.org/fhir/StructureDefinition/structuredefinition-rdf-type">
            <valueString value="xsd:string"/>
          </extension>
        </code>
      </type>
      <mapping>
        <identity value="rim"/>
        <map value="n/a"/>
      </mapping>
    </element>
    <element id="Extension.extension:PreferredWrittenCommunicationFormat.extension">
      <path value="Extension.extension.extension"/>
      <slicing>
        <discriminator>
          <type value="value"/>
          <path value="url"/>
        </discriminator>
        <description value="Extensions are always sliced by (at least) url"/>
        <rules value="open"/>
      </slicing>
      <short value="Additional content defined by implementations"/>
      <definition value="May be used to represent additional information that is not part of the basic definition of the element. To make the use of extensions safe and manageable, there is a strict set of governance  applied to the definition and use of extensions. Though any implementer can define an extension, there is a set of requirements that SHALL be met as part of the definition of the extension."/>
      <comment value="There can be no stigma associated with the use of extensions by any application, project, or standard - regardless of the institution or jurisdiction that uses or defines the extensions.  The use of extensions is what allows the FHIR specification to retain a core level of simplicity for everyone."/>
      <alias value="extensions"/>
      <alias value="user content"/>
      <min value="0"/>
      <max value="*"/>
      <base>
        <path value="Element.extension"/>
        <min value="0"/>
        <max value="*"/>
      </base>
      <type>
        <code value="Extension"/>
      </type>
      <condition value="ele-1"/>
      <constraint>
        <key value="ele-1"/>
        <severity value="error"/>
        <human value="All FHIR elements must have a @value or children"/>
        <expression value="hasValue() or (children().count() &gt; id.count())"/>
        <xpath value="@value|f:*|h:div"/>
        <source value="Element"/>
      </constraint>
      <constraint>
        <key value="ext-1"/>
        <severity value="error"/>
        <human value="Must have either extensions or value[x], not both"/>
        <expression value="extension.exists() != value.exists()"/>
        <xpath value="exists(f:extension)!=exists(f:*[starts-with(local-name(.), &#39;value&#39;)])"/>
        <source value="Extension"/>
      </constraint>
      <mapping>
        <identity value="rim"/>
        <map value="n/a"/>
      </mapping>
      <mapping>
        <identity value="rim"/>
        <map value="N/A"/>
      </mapping>
    </element>
    <element id="Extension.extension:PreferredWrittenCommunicationFormat.url">
      <path value="Extension.extension.url"/>
      <representation value="xmlAttr"/>
      <short value="identifies the meaning of the extension"/>
      <definition value="Source of the definition for the extension code - a logical name or a URL."/>
      <comment value="The definition may point directly to a computable or human-readable definition of the extensibility codes, or it may be a logical URI as declared in some other specification. The definition SHALL be a URI for the Structure Definition defining the extension."/>
      <min value="1"/>
      <max value="1"/>
      <base>
        <path value="Extension.url"/>
        <min value="1"/>
        <max value="1"/>
      </base>
      <type>
        <code>
          <extension url="http://hl7.org/fhir/StructureDefinition/structuredefinition-json-type">
            <valueString value="string"/>
          </extension>
          <extension url="http://hl7.org/fhir/StructureDefinition/structuredefinition-xml-type">
            <valueString value="xsd:string"/>
          </extension>
          <extension url="http://hl7.org/fhir/StructureDefinition/structuredefinition-rdf-type">
            <valueString value="xsd:string"/>
          </extension>
          <extension url="http://hl7.org/fhir/StructureDefinition/regex">
            <valueString value="((http|https)://([A-Za-z0-9\\\.\:\%\$]*\/)*)?(Account|ActivityDefinition|AdverseEvent|AllergyIntolerance|Appointment|AppointmentResponse|AuditEvent|Basic|Binary|BiologicallyDerivedProduct|BodyStructure|Bundle|CapabilityStatement|CarePlan|CareTeam|CatalogEntry|ChargeItem|ChargeItemDefinition|Claim|ClaimResponse|ClinicalImpression|CodeSystem|Communication|CommunicationRequest|CompartmentDefinition|Composition|ConceptMap|Condition|Consent|Contract|Coverage|CoverageEligibilityRequest|CoverageEligibilityResponse|DetectedIssue|Device|DeviceDefinition|DeviceMetric|DeviceRequest|DeviceUseStatement|DiagnosticReport|DocumentManifest|DocumentReference|EffectEvidenceSynthesis|Encounter|Endpoint|EnrollmentRequest|EnrollmentResponse|EpisodeOfCare|EventDefinition|Evidence|EvidenceVariable|ExampleScenario|ExplanationOfBenefit|FamilyMemberHistory|Flag|Goal|GraphDefinition|Group|GuidanceResponse|HealthcareService|ImagingStudy|Immunization|ImmunizationEvaluation|ImmunizationRecommendation|ImplementationGuide|InsurancePlan|Invoice|Library|Linkage|List|Location|Measure|MeasureReport|Media|Medication|MedicationAdministration|MedicationDispense|MedicationKnowledge|MedicationRequest|MedicationStatement|MedicinalProduct|MedicinalProductAuthorization|MedicinalProductContraindication|MedicinalProductIndication|MedicinalProductIngredient|MedicinalProductInteraction|MedicinalProductManufactured|MedicinalProductPackaged|MedicinalProductPharmaceutical|MedicinalProductUndesirableEffect|MessageDefinition|MessageHeader|MolecularSequence|NamingSystem|NutritionOrder|Observation|ObservationDefinition|OperationDefinition|OperationOutcome|Organization|OrganizationAffiliation|Patient|PaymentNotice|PaymentReconciliation|Person|PlanDefinition|Practitioner|PractitionerRole|Procedure|Provenance|Questionnaire|QuestionnaireResponse|RelatedPerson|RequestGroup|ResearchDefinition|ResearchElementDefinition|ResearchStudy|ResearchSubject|RiskAssessment|RiskEvidenceSynthesis|Schedule|SearchParameter|ServiceRequest|Slot|Specimen|SpecimenDefinition|StructureDefinition|StructureMap|Subscription|Substance|SubstanceNucleicAcid|SubstancePolymer|SubstanceProtein|SubstanceReferenceInformation|SubstanceSourceMaterial|SubstanceSpecification|SupplyDelivery|SupplyRequest|Task|TerminologyCapabilities|TestReport|TestScript|ValueSet|VerificationResult|VisionPrescription)\/[A-Za-z0-9\-\.]{1,64}(\/_history\/[A-Za-z0-9\-\.]{1,64})?"/>
          </extension>
        </code>
      </type>
      <fixedUri value="PreferredWrittenCommunicationFormat"/>
      <mapping>
        <identity value="rim"/>
        <map value="N/A"/>
      </mapping>
    </element>
    <element id="Extension.extension:PreferredWrittenCommunicationFormat.value[x]">
      <path value="Extension.extension.value[x]"/>
      <short value="Value of extension"/>
      <definition value="Value of extension - must be one of a constrained set of the data types (see [Extensibility](extensibility.html) for a list)."/>
      <comment value="A stream of bytes, base64 encoded"/>
      <min value="0"/>
      <max value="1"/>
      <base>
        <path value="Extension.value[x]"/>
        <min value="0"/>
        <max value="1"/>
      </base>
      <type>
        <code value="CodeableConcept"/>
      </type>
      <condition value="ele-1"/>
      <constraint>
        <key value="ele-1"/>
        <severity value="error"/>
        <human value="All FHIR elements must have a @value or children"/>
        <expression value="hasValue() or (children().count() &gt; id.count())"/>
        <xpath value="@value|f:*|h:div"/>
        <source value="Element"/>
      </constraint>
      <binding>
        <strength value="extensible"/>
        <description value="Preferred Written Communication Format"/>
        <valueSet value="https://fhir.nhs.uk/R4/ValueSet/UKCore-PreferredWrittenCommunicationFormat"/>
      </binding>
      <mapping>
        <identity value="rim"/>
        <map value="n/a"/>
      </mapping>
      <mapping>
        <identity value="rim"/>
        <map value="N/A"/>
      </mapping>
    </element>
    <element id="Extension.url">
      <path value="Extension.url"/>
      <representation value="xmlAttr"/>
      <short value="identifies the meaning of the extension"/>
      <definition value="Source of the definition for the extension code - a logical name or a URL."/>
      <comment value="The definition may point directly to a computable or human-readable definition of the extensibility codes, or it may be a logical URI as declared in some other specification. The definition SHALL be a URI for the Structure Definition defining the extension."/>
      <min value="1"/>
      <max value="1"/>
      <base>
        <path value="Extension.url"/>
        <min value="1"/>
        <max value="1"/>
      </base>
      <type>
        <code>
          <extension url="http://hl7.org/fhir/StructureDefinition/structuredefinition-json-type">
            <valueString value="string"/>
          </extension>
          <extension url="http://hl7.org/fhir/StructureDefinition/structuredefinition-xml-type">
            <valueString value="xsd:string"/>
          </extension>
          <extension url="http://hl7.org/fhir/StructureDefinition/structuredefinition-rdf-type">
            <valueString value="xsd:string"/>
          </extension>
          <extension url="http://hl7.org/fhir/StructureDefinition/regex">
            <valueString value="((http|https)://([A-Za-z0-9\\\.\:\%\$]*\/)*)?(Account|ActivityDefinition|AdverseEvent|AllergyIntolerance|Appointment|AppointmentResponse|AuditEvent|Basic|Binary|BiologicallyDerivedProduct|BodyStructure|Bundle|CapabilityStatement|CarePlan|CareTeam|CatalogEntry|ChargeItem|ChargeItemDefinition|Claim|ClaimResponse|ClinicalImpression|CodeSystem|Communication|CommunicationRequest|CompartmentDefinition|Composition|ConceptMap|Condition|Consent|Contract|Coverage|CoverageEligibilityRequest|CoverageEligibilityResponse|DetectedIssue|Device|DeviceDefinition|DeviceMetric|DeviceRequest|DeviceUseStatement|DiagnosticReport|DocumentManifest|DocumentReference|EffectEvidenceSynthesis|Encounter|Endpoint|EnrollmentRequest|EnrollmentResponse|EpisodeOfCare|EventDefinition|Evidence|EvidenceVariable|ExampleScenario|ExplanationOfBenefit|FamilyMemberHistory|Flag|Goal|GraphDefinition|Group|GuidanceResponse|HealthcareService|ImagingStudy|Immunization|ImmunizationEvaluation|ImmunizationRecommendation|ImplementationGuide|InsurancePlan|Invoice|Library|Linkage|List|Location|Measure|MeasureReport|Media|Medication|MedicationAdministration|MedicationDispense|MedicationKnowledge|MedicationRequest|MedicationStatement|MedicinalProduct|MedicinalProductAuthorization|MedicinalProductContraindication|MedicinalProductIndication|MedicinalProductIngredient|MedicinalProductInteraction|MedicinalProductManufactured|MedicinalProductPackaged|MedicinalProductPharmaceutical|MedicinalProductUndesirableEffect|MessageDefinition|MessageHeader|MolecularSequence|NamingSystem|NutritionOrder|Observation|ObservationDefinition|OperationDefinition|OperationOutcome|Organization|OrganizationAffiliation|Patient|PaymentNotice|PaymentReconciliation|Person|PlanDefinition|Practitioner|PractitionerRole|Procedure|Provenance|Questionnaire|QuestionnaireResponse|RelatedPerson|RequestGroup|ResearchDefinition|ResearchElementDefinition|ResearchStudy|ResearchSubject|RiskAssessment|RiskEvidenceSynthesis|Schedule|SearchParameter|ServiceRequest|Slot|Specimen|SpecimenDefinition|StructureDefinition|StructureMap|Subscription|Substance|SubstanceNucleicAcid|SubstancePolymer|SubstanceProtein|SubstanceReferenceInformation|SubstanceSourceMaterial|SubstanceSpecification|SupplyDelivery|SupplyRequest|Task|TerminologyCapabilities|TestReport|TestScript|ValueSet|VerificationResult|VisionPrescription)\/[A-Za-z0-9\-\.]{1,64}(\/_history\/[A-Za-z0-9\-\.]{1,64})?"/>
          </extension>
        </code>
      </type>
      <fixedUri value="https://fhir.nhs.uk/R4/StructureDefinition/Extension-UKCore-ContactPreference"/>
      <mapping>
        <identity value="rim"/>
        <map value="N/A"/>
      </mapping>
    </element>
    <element id="Extension.value[x]">
      <path value="Extension.value[x]"/>
      <short value="Value of extension"/>
      <definition value="Value of extension - must be one of a constrained set of the data types (see [Extensibility](extensibility.html) for a list)."/>
      <comment value="A stream of bytes, base64 encoded"/>
      <min value="0"/>
      <max value="0"/>
      <base>
        <path value="Extension.value[x]"/>
        <min value="0"/>
        <max value="1"/>
      </base>
      <type>
        <code value="base64Binary"/>
      </type>
      <type>
        <code value="boolean"/>
      </type>
      <type>
        <code value="canonical"/>
      </type>
      <type>
        <code value="code"/>
      </type>
      <type>
        <code value="date"/>
      </type>
      <type>
        <code value="dateTime"/>
      </type>
      <type>
        <code value="decimal"/>
      </type>
      <type>
        <code value="id"/>
      </type>
      <type>
        <code value="instant"/>
      </type>
      <type>
        <code value="integer"/>
      </type>
      <type>
        <code value="markdown"/>
      </type>
      <type>
        <code value="oid"/>
      </type>
      <type>
        <code value="positiveInt"/>
      </type>
      <type>
        <code value="string"/>
      </type>
      <type>
        <code value="time"/>
      </type>
      <type>
        <code value="unsignedInt"/>
      </type>
      <type>
        <code value="uri"/>
      </type>
      <type>
        <code value="url"/>
      </type>
      <type>
        <code value="uuid"/>
      </type>
      <type>
        <code value="Address"/>
      </type>
      <type>
        <code value="Age"/>
      </type>
      <type>
        <code value="Annotation"/>
      </type>
      <type>
        <code value="Attachment"/>
      </type>
      <type>
        <code value="CodeableConcept"/>
      </type>
      <type>
        <code value="Coding"/>
      </type>
      <type>
        <code value="ContactPoint"/>
      </type>
      <type>
        <code value="Count"/>
      </type>
      <type>
        <code value="Distance"/>
      </type>
      <type>
        <code value="Duration"/>
      </type>
      <type>
        <code value="HumanName"/>
      </type>
      <type>
        <code value="Identifier"/>
      </type>
      <type>
        <code value="Money"/>
      </type>
      <type>
        <code value="Period"/>
      </type>
      <type>
        <code value="Quantity"/>
      </type>
      <type>
        <code value="Range"/>
      </type>
      <type>
        <code value="Ratio"/>
      </type>
      <type>
        <code value="Reference"/>
      </type>
      <type>
        <code value="SampledData"/>
      </type>
      <type>
        <code value="Signature"/>
      </type>
      <type>
        <code value="Timing"/>
      </type>
      <type>
        <code value="ContactDetail"/>
      </type>
      <type>
        <code value="Contributor"/>
      </type>
      <type>
        <code value="DataRequirement"/>
      </type>
      <type>
        <code value="Expression"/>
      </type>
      <type>
        <code value="ParameterDefinition"/>
      </type>
      <type>
        <code value="RelatedArtifact"/>
      </type>
      <type>
        <code value="TriggerDefinition"/>
      </type>
      <type>
        <code value="UsageContext"/>
      </type>
      <type>
        <code value="Dosage"/>
      </type>
      <condition value="ele-1"/>
      <constraint>
        <key value="ele-1"/>
        <severity value="error"/>
        <human value="All FHIR elements must have a @value or children"/>
        <expression value="hasValue() or (children().count() &gt; id.count())"/>
        <xpath value="@value|f:*|h:div"/>
        <source value="Element"/>
      </constraint>
      <mapping>
        <identity value="rim"/>
        <map value="n/a"/>
      </mapping>
      <mapping>
        <identity value="rim"/>
        <map value="N/A"/>
      </mapping>
    </element>
  </snapshot>
  <differential>
    <element id="Extension">
      <path value="Extension"/>
      <short value="Contact preferences for Patient, Patient.contact or RelatedPerson"/>
      <definition value="To record contact preferences for Patient, Patient.contact or RelatedPerson"/>
    </element>
    <element id="Extension.extension">
      <path value="Extension.extension"/>
      <slicing>
        <discriminator>
          <type value="value"/>
          <path value="url"/>
        </discriminator>
        <rules value="open"/>
      </slicing>
    </element>
    <element id="Extension.extension:PreferredContactMethod">
      <path value="Extension.extension"/>
      <sliceName value="PreferredContactMethod"/>
      <short value="Preferred Contact Method"/>
      <definition value="Method of contact preference e.g. Letter, Visit, Telephone etc."/>
      <max value="1"/>
    </element>
    <element id="Extension.extension:PreferredContactMethod.url">
      <path value="Extension.extension.url"/>
      <fixedUri value="PreferredContactMethod"/>
    </element>
    <element id="Extension.extension:PreferredContactMethod.value[x]">
      <path value="Extension.extension.value[x]"/>
      <type>
        <code value="CodeableConcept"/>
      </type>
      <binding>
        <strength value="extensible"/>
        <description value="Preferred Contact Method"/>
        <valueSet value="https://fhir.nhs.uk/R4/ValueSet/UKCore-PreferredContactMethod"/>
      </binding>
    </element>
    <element id="Extension.extension:PreferredContactTimes">
      <path value="Extension.extension"/>
      <sliceName value="PreferredContactTimes"/>
      <short value="Preferred Contact Times"/>
      <definition value="Preferred Contact time period"/>
      <max value="1"/>
    </element>
    <element id="Extension.extension:PreferredContactTimes.url">
      <path value="Extension.extension.url"/>
      <fixedUri value="PreferredContactTimes"/>
    </element>
    <element id="Extension.extension:PreferredContactTimes.value[x]">
      <path value="Extension.extension.value[x]"/>
      <short value="Preferred Contact Times"/>
      <type>
        <code value="Period"/>
      </type>
    </element>
    <element id="Extension.extension:PreferredWrittenCommunicationFormat">
      <path value="Extension.extension"/>
      <sliceName value="PreferredWrittenCommunicationFormat"/>
      <short value="Preferred Written Communication Format"/>
      <definition value="Preferred Written Communication Format, where different from standard text i.e. Large Print, Braille etc."/>
      <max value="1"/>
    </element>
    <element id="Extension.extension:PreferredWrittenCommunicationFormat.url">
      <path value="Extension.extension.url"/>
      <fixedUri value="PreferredWrittenCommunicationFormat"/>
    </element>
    <element id="Extension.extension:PreferredWrittenCommunicationFormat.value[x]">
      <path value="Extension.extension.value[x]"/>
      <type>
        <code value="CodeableConcept"/>
      </type>
      <binding>
        <strength value="extensible"/>
        <description value="Preferred Written Communication Format"/>
        <valueSet value="https://fhir.nhs.uk/R4/ValueSet/UKCore-PreferredWrittenCommunicationFormat"/>
      </binding>
    </element>
    <element id="Extension.url">
      <path value="Extension.url"/>
      <fixedUri value="https://fhir.nhs.uk/R4/StructureDefinition/Extension-UKCore-ContactPreference"/>
    </element>
    <element id="Extension.value[x]">
      <path value="Extension.value[x]"/>
      <max value="0"/>
    </element>
  </differential>
</StructureDefinition>