{
  "resourceType": "ValueSet",
  "id": "UKCore-AllergyCertainty",
  "text": {
    "status": "generated",
    "div": "<div xmlns=\"http://www.w3.org/1999/xhtml\">\n         <h2>UK Core Allergy Certainty</h2>\n         <div>\n            <p>A code from the SNOMED Clinical Terminology UK coding system that describes the certainty of an allergy.</p> \n         </div>\n         <p>\n            <b>Copyright Statement:</b> This value set includes content from SNOMED CT, which is copyright © 2002+ International Health Terminology Standards Development Organisation (IHTSDO), and distributed by agreement between IHTSDO and HL7. Implementer use of SNOMED CT is not covered by this agreement.\n         </p>\n         <p>This value set includes codes from the following code systems:</p>\n         <ul>\n            <li>Include codes from \n               <a href=\"http://www.snomed.org/\">\n                  <code>http://snomed.info/sct</code>\n               </a> where constraint  =  (385434005 |Improbable diagnosis| OR 2931005 |Probable diagnosis| OR 255545003 |Definite| OR 410605003 |Confirmed present|)\n            </li>\n         </ul>\n      </div>"
  },
  "url": "https://fhir.nhs.uk/R4/ValueSet/UKCore-AllergyCertainty",
  "version": "4.0.0",
  "name": "UKCoreAllergyCertainty",
  "title": "UK Core Allergy Certainty",
  "status": "draft",
  "date": "2020-02-15T17:50:32+00:00",
  "publisher": "Project Wildfyre",
  "contact": [
    {
      "name": "Project Wildfyre",
      "telecom": [
        {
          "system": "email",
          "value": "mailto:dunno@dummy.net",
          "use": "work"
        }
      ]
    }
  ],
  "description": "A code from the SNOMED Clinical Terminology UK coding system that describes the certainty of an allergy.",
  "jurisdiction": [
    {
      "coding": [
        {
          "system": "urn:iso:std:iso:3166",
          "code": "GB"
        }
      ]
    }
  ],
  "copyright": "This value set includes content from SNOMED CT, which is copyright © 2002+ International Health Terminology Standards Development Organisation (IHTSDO), and distributed by agreement between IHTSDO and HL7. Implementer use of SNOMED CT is not covered by this agreement.",
  "compose": {
    "include": [
      {
        "system": "http://snomed.info/sct",
        "filter": [
          {
            "property": "constraint",
            "op": "=",
            "value": "(385434005 |Improbable diagnosis| OR 2931005 |Probable diagnosis| OR 255545003 |Definite| OR 410605003 |Confirmed present|)"
          }
        ]
      }
    ]
  },
  "expansion": {
    "identifier": "63865201-af82-4926-80ab-3111a4d6a1a9",
    "timestamp": "2020-03-07T07:45:52+00:00",
    "total": 4,
    "parameter": [
      {
        "name": "version",
        "valueUri": "http://snomed.info/sct?version=http%3A%2F%2Fsnomed.info%2Fsct%2F999000031000000106%2Fversion%2F20190807"
      },
      {
        "name": "count",
        "valueInteger": 2147483647
      },
      {
        "name": "offset",
        "valueInteger": 0
      }
    ],
    "contains": [
      {
        "system": "http://snomed.info/sct",
        "code": "385434005",
        "display": "Improbable diagnosis"
      },
      {
        "system": "http://snomed.info/sct",
        "code": "255545003",
        "display": "Definite"
      },
      {
        "system": "http://snomed.info/sct",
        "code": "410605003",
        "display": "Confirmed present"
      },
      {
        "system": "http://snomed.info/sct",
        "code": "2931005",
        "display": "Probable diagnosis"
      }
    ]
  }
}