{
  "resourceType": "ValueSet",
  "id": "UKCore-NHSNumberVerificationStatus",
  "text": {
    "status": "generated",
    "div": "<div xmlns=\"http://www.w3.org/1999/xhtml\"><h2>UK Core NHS Number Verification Status</h2><div><p>A ValueSet that identifies the trace status of the NHS number. The CodeSystem is comprised of codes from the NHS Data Model and Dictionary: NHS Number Status Indicator Code.</p>\n</div><p><b>Copyright Statement:</b> Copyright © 2019 NHS Digital</p><p>This value set includes codes from the following code systems:</p><ul><li>Include all codes defined in <a href=\"CodeSystem-UKCore-NHSNumberVerificationStatus.html\"><code>https://fhir.nhs.uk/R4/CodeSystem/UKCore-NHSNumberVerificationStatus</code></a></li></ul></div>"
  },
  "extension": [
    {
      "url": "http://hl7.org/fhir/StructureDefinition/valueset-sourceReference",
      "valueUri": "http://www.datadictionary.nhs.uk/data_dictionary/data_field_notes/n/nhs/nhs_number_status_indicator_code_de.asp?shownav=1"
    }
  ],
  "url": "https://fhir.nhs.uk/R4/ValueSet/UKCore-NHSNumberVerificationStatus",
  "version": "1.0.0",
  "name": "UKCoreNHSNumberVerificationStatus",
  "title": "UK Core NHS Number Verification Status",
  "status": "draft",
  "date": "2019-10-14T01:00:00+01:00",
  "publisher": "NHS Digital",
  "contact": [
    {
      "name": "NHS Digital",
      "telecom": [
        {
          "system": "email",
          "value": "mailto:interoperabilityteam@nhs.net",
          "use": "work"
        }
      ]
    }
  ],
  "description": "A ValueSet that identifies the trace status of the NHS number. The CodeSystem is comprised of codes from the NHS Data Model and Dictionary: NHS Number Status Indicator Code.",
  "jurisdiction": [
    {
      "coding": [
        {
          "system": "urn:iso:std:iso:3166",
          "code": "GB"
        }
      ]
    }
  ],
  "copyright": "Copyright © 2019 NHS Digital",
  "compose": {
    "include": [
      {
        "system": "https://fhir.nhs.uk/R4/CodeSystem/UKCore-NHSNumberVerificationStatus"
      }
    ]
  }
}