<?xml version="1.0" encoding="UTF-8"?>

<ValueSet xmlns="http://hl7.org/fhir">
  <id value="UKCore-DeathNotificationStatus"/>
  <text>
    <status value="generated"/><div xmlns="http://www.w3.org/1999/xhtml"><h2>UK Core Death Notification Status</h2><div><p>A ValueSet to identify the type of death notice as held on Personal Demographics Service (PDS).</p>
</div><p><b>Copyright Statement:</b> Copyright © 2019 NHS Digital</p><p>This value set includes codes from the following code systems:</p><ul><li>Include all codes defined in <a href="CodeSystem-UKCore-DeathNotificationStatus.html"><code>https://fhir.nhs.uk/R4/CodeSystem/UKCore-DeathNotificationStatus</code></a></li></ul></div>
  </text>
  <url value="https://fhir.nhs.uk/R4/ValueSet/UKCore-DeathNotificationStatus"/>
  <version value="1.0.0"/>
  <name value="UKCoreDeathNotificationStatus"/>
  <title value="UK Core Death Notification Status"/>
  <status value="draft"/>
  <date value="2019-10-25T01:00:00+01:00"/>
  <publisher value="Project Wildfyre"/>
  <contact>
    <name value="Project Wildfyre"/>
    <telecom>
      <system value="email"/>
      <value value="mailto:interoperabilityteam@nhs.net"/>
      <use value="work"/>
    </telecom>
  </contact>
  <description value="A ValueSet to identify the type of death notice as held on Personal Demographics Service (PDS)."/>
  <jurisdiction>
    <coding>
      <system value="urn:iso:std:iso:3166"/>
      <code value="GB"/>
    </coding>
  </jurisdiction>
  <copyright value="Copyright &#xA9; 2019 NHS Digital"/>
  <compose>
    <include>
      <system value="https://fhir.nhs.uk/R4/CodeSystem/UKCore-DeathNotificationStatus"/>
    </include>
  </compose>
</ValueSet>