{
  "resourceType": "ValueSet",
  "id": "UKCore-AllergyCertainty",
  "text": {
    "status": "generated",
    "div": "<div xmlns=\"http://www.w3.org/1999/xhtml\"><h2>UK Core Allergy Certainty</h2><div><p>A code from the SNOMED Clinical Terminology UK coding system that describes the certainty of an allergy.</p>\n</div><p><b>Copyright Statement:</b> This value set includes content from SNOMED CT, which is copyright © 2002+ International Health Terminology Standards Development Organisation (IHTSDO), and distributed by agreement between IHTSDO and HL7. Implementer use of SNOMED CT is not covered by this agreement.</p><p>This value set includes codes from the following code systems:</p><ul><li>Include codes from <a href=\"http://www.snomed.org/\"><code>http://snomed.info/sct</code></a> where constraint  =  (385434005 |Improbable diagnosis| OR 2931005 |Probable diagnosis| OR 255545003 |Definite| OR 410605003 |Confirmed present|)</li></ul></div>"
  },
  "url": "https://fhir.nhs.uk/R4/ValueSet/UKCore-AllergyCertainty",
  "version": "1.0.0",
  "name": "UKCoreAllergyCertainty",
  "title": "UK Core Allergy Certainty",
  "status": "draft",
  "date": "2019-12-06T10:03:14+00:00",
  "publisher": "NHS Digital",
  "contact": [
    {
      "name": "Interoperability Team",
      "telecom": [
        {
          "system": "email",
          "value": "interoperabilityteam@nhs.net",
          "use": "work"
        }
      ]
    }
  ],
  "description": "A code from the SNOMED Clinical Terminology UK coding system that describes the certainty of an allergy.",
  "copyright": "This value set includes content from SNOMED CT, which is copyright © 2002+ International Health Terminology Standards Development Organisation (IHTSDO), and distributed by agreement between IHTSDO and HL7. Implementer use of SNOMED CT is not covered by this agreement.",
  "compose": {
    "include": [
      {
        "system": "http://snomed.info/sct",
        "filter": [
          {
            "property": "constraint",
            "op": "=",
            "value": "(385434005 |Improbable diagnosis| OR 2931005 |Probable diagnosis| OR 255545003 |Definite| OR 410605003 |Confirmed present|)"
          }
        ]
      }
    ]
  }
}