{
  "resourceType": "ValueSet",
  "id": "UKCore-SourceOfAdmission",
  "text": {
    "status": "generated",
    "div": "<div xmlns=\"http://www.w3.org/1999/xhtml\"><h2>NHS Data Model and Dictionary Source Of Admission</h2><div><p>The source of admission to a Hospital Provider Spell or a Nursing Episode when the Patient is in a Hospital Site or a Care Home.</p>\n</div><p><b>Copyright Statement:</b> Copyright © 2019 NHS Digital</p><p>This value set includes codes from the following code systems:</p><ul><li>Include all codes defined in <a href=\"CodeSystem-UKCore-SourceOfAdmission.html\"><code>https://fhir.nhs.uk/R4/CodeSystem/UKCore-SourceOfAdmission</code></a></li></ul></div>"
  },
  "extension": [
    {
      "url": "http://hl7.org/fhir/StructureDefinition/valueset-sourceReference",
      "valueUri": "http://www.datadictionary.nhs.uk/data_dictionary/attributes/s/smo/source_of_admission_de.asp?shownav=1"
    }
  ],
  "url": "https://fhir.nhs.uk/R4/ValueSet/UKCore-SourceOfAdmission",
  "version": "1.0.0",
  "name": "NHSDataModelandDictionarySourceOfAdmission",
  "title": "NHS Data Model and Dictionary Source Of Admission",
  "status": "draft",
  "date": "2019-11-05T00:00:00+00:00",
  "publisher": "Project Wildfyre",
  "contact": [
    {
      "name": "Project Wildfyre",
      "telecom": [
        {
          "system": "email",
          "value": "mailto:interoperabilityteam@nhs.net",
          "use": "work"
        }
      ]
    }
  ],
  "description": "The source of admission to a Hospital Provider Spell or a Nursing Episode when the Patient is in a Hospital Site or a Care Home.",
  "jurisdiction": [
    {
      "coding": [
        {
          "system": "urn:iso:std:iso:3166",
          "code": "GB"
        }
      ]
    }
  ],
  "copyright": "Copyright © 2019 NHS Digital",
  "compose": {
    "include": [
      {
        "system": "https://fhir.nhs.uk/R4/CodeSystem/UKCore-SourceOfAdmission"
      }
    ]
  }
}