<?xml version="1.0" encoding="UTF-8"?>

<ValueSet xmlns="http://hl7.org/fhir">
  <id value="UKCore-CareSettingType"/>
  <text>
    <status value="generated"/><div xmlns="http://www.w3.org/1999/xhtml"><h2>UK Core Care Setting Type</h2><div><p>A code from the SNOMED Clinical Terminology UK coding system that describes a correspondence care setting type. Any code from the SNOMED CT UK 'Correspondence Care setting type' subset with subset original id 43971000000130; the corresponding SNOMED CT UK Refset fully specified name is 'Correspondence care setting type simple reference set (foundation metadata concept)' with Refset Id 999000381000000107</p>
</div><p><b>Copyright Statement:</b> This value set includes content from SNOMED CT, which is copyright © 2002+ International Health Terminology Standards Development Organisation (IHTSDO), and distributed by agreement between IHTSDO and HL7. Implementer use of SNOMED CT is not covered by this agreement.</p><p>This value set includes codes from the following code systems:</p><ul><li>Include codes from <a href="http://www.snomed.org/"><code>http://snomed.info/sct</code></a> where concept  in  ^999000381000000107</li></ul></div>
  </text>
  <url value="https://fhir.nhs.uk/R4/ValueSet/UKCore-CareSettingType"/>
  <version value="1.0.0"/>
  <name value="UKCoreCareSettingType"/>
  <title value="UK Core Care Setting Type"/>
  <status value="draft"/>
  <date value="2019-11-04T00:00:00+00:00"/>
  <publisher value="NHS Digital"/>
  <contact>
    <name value="NHS Digital"/>
    <telecom>
      <system value="email"/>
      <value value="mailto:interoperabilityteam@nhs.net"/>
      <use value="work"/>
    </telecom>
  </contact>
  <description value="A code from the SNOMED Clinical Terminology UK coding system that describes a correspondence care setting type. Any code from the SNOMED CT UK &#39;Correspondence Care setting type&#39; subset with subset original id 43971000000130; the corresponding SNOMED CT UK Refset fully specified name is &#39;Correspondence care setting type simple reference set (foundation metadata concept)&#39; with Refset Id 999000381000000107"/>
  <jurisdiction>
    <coding>
      <system value="urn:iso:std:iso:3166"/>
      <code value="GB"/>
    </coding>
  </jurisdiction>
  <copyright value="This value set includes content from SNOMED CT, which is copyright &#xA9; 2002+ International Health Terminology Standards Development Organisation (IHTSDO), and distributed by agreement between IHTSDO and HL7. Implementer use of SNOMED CT is not covered by this agreement."/>
  <compose>
    <include>
      <system value="http://snomed.info/sct"/>
      <filter>
        <property value="concept"/>
        <op value="in"/>
        <value value="^999000381000000107"/>
      </filter>
    </include>
  </compose>
</ValueSet>