<?xml version="1.0" encoding="UTF-8"?>

<ValueSet xmlns="http://hl7.org/fhir">
  <id value="UKCore-DocumentType"/>
  <text>
    <status value="generated"/><div xmlns="http://www.w3.org/1999/xhtml">
         <h2>UK Core Document Type</h2>
         <div>
            <p>A code from the SNOMED Clinical Terminology UK coding system that describes a clinical document type. Any code from the SNOMED CT UK 'Document Type' subset with subset original id 44041000000135; the corresponding SNOMED CT UK Refset fully specified name is 'Correspondence document type simple reference set (foundation metadata concept)' with Refset Id 999000391000000109.</p> 
         </div>
         <p>This value set includes codes from the following code systems:</p>
         <ul>
            <li>Include codes from 
               <a href="http://www.snomed.org/">
                  <code>http://snomed.info/sct</code>
               </a> where concept  in  999000391000000109
            </li>
         </ul>
      </div>
  </text>
  <url value="https://fhir.nhs.uk/R4/ValueSet/UKCore-DocumentType"/>
  <version value="4.0.0"/>
  <name value="UKCoreDocumentType"/>
  <title value="UK Core Document Type"/>
  <status value="draft"/>
  <date value="2020-01-16T00:00:00+00:00"/>
  <publisher value="Project Wildfyre"/>
  <contact>
    <name value="Project Wildfyre"/>
    <telecom>
      <system value="email"/>
      <value value="mailto:dunno@dummy.net"/>
      <use value="work"/>
    </telecom>
  </contact>
  <description value="A code from the SNOMED Clinical Terminology UK coding system that describes a clinical document type. Any code from the SNOMED CT UK &#39;Document Type&#39; subset with subset original id 44041000000135; the corresponding SNOMED CT UK Refset fully specified name is &#39;Correspondence document type simple reference set (foundation metadata concept)&#39; with Refset Id 999000391000000109."/>
  <jurisdiction>
    <coding>
      <system value="urn:iso:std:iso:3166"/>
      <code value="GB"/>
    </coding>
  </jurisdiction>
  <compose>
    <include>
      <system value="http://snomed.info/sct"/>
      <filter>
        <property value="concept"/>
        <op value="in"/>
        <value value="999000391000000109"/>
      </filter>
    </include>
  </compose>
  <expansion>
    <identifier value="0f89b4b1-128b-4b1b-85cf-0bec6d65868a"/>
    <timestamp value="2020-03-07T07:45:52+00:00"/>
    <total value="30"/>
    <parameter>
      <name value="version"/>
      <valueUri value="http://snomed.info/sct?version=http%3A%2F%2Fsnomed.info%2Fsct%2F999000031000000106%2Fversion%2F20190807"/>
    </parameter>
    <parameter>
      <name value="count"/>
      <valueInteger value="2147483647"/>
    </parameter>
    <parameter>
      <name value="offset"/>
      <valueInteger value="0"/>
    </parameter>
    <contains>
      <system value="http://snomed.info/sct"/>
      <code value="308585003"/>
      <display value="DS 1500 report"/>
    </contains>
    <contains>
      <system value="http://snomed.info/sct"/>
      <code value="736367008"/>
      <display value="Anticipatory care plan"/>
    </contains>
    <contains>
      <system value="http://snomed.info/sct"/>
      <code value="4331000179104"/>
      <display value="Clinical immunology report"/>
    </contains>
    <contains>
      <system value="http://snomed.info/sct"/>
      <code value="4271000179106"/>
      <display value="Nuclear medicine report"/>
    </contains>
    <contains>
      <system value="http://snomed.info/sct"/>
      <code value="4211000179102"/>
      <display value="Bone density scan report"/>
    </contains>
    <contains>
      <system value="http://snomed.info/sct"/>
      <code value="310854009"/>
      <display value="Housing report"/>
    </contains>
    <contains>
      <system value="http://snomed.info/sct"/>
      <code value="736372004"/>
      <display value="Discharge care plan"/>
    </contains>
    <contains>
      <system value="http://snomed.info/sct"/>
      <code value="4231000179109"/>
      <display value="Mammography report"/>
    </contains>
    <contains>
      <system value="http://snomed.info/sct"/>
      <code value="371527006"/>
      <display value="Radiology report"/>
    </contains>
    <contains>
      <system value="http://snomed.info/sct"/>
      <code value="307930005"/>
      <display value="Death certificate"/>
    </contains>
    <contains>
      <system value="http://snomed.info/sct"/>
      <code value="408403008"/>
      <display value="Patient held record"/>
    </contains>
    <contains>
      <system value="http://snomed.info/sct"/>
      <code value="736373009"/>
      <display value="End of life care plan"/>
    </contains>
    <contains>
      <system value="http://snomed.info/sct"/>
      <code value="4321000179101"/>
      <display value="Haematology report"/>
    </contains>
    <contains>
      <system value="http://snomed.info/sct"/>
      <code value="4261000179100"/>
      <display value="Computed tomography imaging report"/>
    </contains>
    <contains>
      <system value="http://snomed.info/sct"/>
      <code value="308621001"/>
      <display value="RM10-DHSS DMO report"/>
    </contains>
    <contains>
      <system value="http://snomed.info/sct"/>
      <code value="445300006"/>
      <display value="Emergency department record"/>
    </contains>
    <contains>
      <system value="http://snomed.info/sct"/>
      <code value="373942005"/>
      <display value="Discharge summary"/>
    </contains>
    <contains>
      <system value="http://snomed.info/sct"/>
      <code value="308575004"/>
      <display value="Employment report"/>
    </contains>
    <contains>
      <system value="http://snomed.info/sct"/>
      <code value="307881004"/>
      <display value="DSS RMO RM2 report"/>
    </contains>
    <contains>
      <system value="http://snomed.info/sct"/>
      <code value="270372007"/>
      <display value="Disabled driver orange badge report"/>
    </contains>
    <contains>
      <system value="http://snomed.info/sct"/>
      <code value="416779005"/>
      <display value="Anaesthesia record"/>
    </contains>
    <contains>
      <system value="http://snomed.info/sct"/>
      <code value="714340009"/>
      <display value="Implanted device maintenance report"/>
    </contains>
    <contains>
      <system value="http://snomed.info/sct"/>
      <code value="308619006"/>
      <display value="War pensions report"/>
    </contains>
    <contains>
      <system value="http://snomed.info/sct"/>
      <code value="270370004"/>
      <display value="Driving licence fitness report"/>
    </contains>
    <contains>
      <system value="http://snomed.info/sct"/>
      <code value="4311000179106"/>
      <display value="Chemical pathology report"/>
    </contains>
    <contains>
      <system value="http://snomed.info/sct"/>
      <code value="308584004"/>
      <display value="DLA 370 report"/>
    </contains>
    <contains>
      <system value="http://snomed.info/sct"/>
      <code value="714337009"/>
      <display value="Upper gastrointestinal tract endoscopy report"/>
    </contains>
    <contains>
      <system value="http://snomed.info/sct"/>
      <code value="229059009"/>
      <display value="Report"/>
    </contains>
    <contains>
      <system value="http://snomed.info/sct"/>
      <code value="734163000"/>
      <display value="Care plan"/>
    </contains>
    <contains>
      <system value="http://snomed.info/sct"/>
      <code value="714335001"/>
      <display value="Lower gastrointestinal tract endoscopy report"/>
    </contains>
  </expansion>
</ValueSet>