{
  "resourceType": "ValueSet",
  "id": "UKCore-HumanLanguage-1-0-0",
  "text": {
    "status": "generated",
    "div": "<div xmlns=\"http://www.w3.org/1999/xhtml\"><h2>UK Core Human Language</h2><div><p>A ValueSet that identifies the language used by a person.</p>\n</div><p><b>Copyright Statement:</b> Copyright © 2019 NHS Digital</p><p>This value set includes codes from the following code systems:</p><ul><li>Include all codes defined in <a href=\"CodeSystem-UKCore-HumanLanguage-1-0-0.html\"><code>https://fhir.nhs.uk/R4/CodeSystem/UKCore-HumanLanguage-1-0-0</code></a></li></ul></div>"
  },
  "url": "https://fhir.nhs.uk/R4/ValueSet/UKCore-HumanLanguage-1-0-0",
  "version": "1.0.0",
  "name": "UKCoreHumanLanguage",
  "title": "UK Core Human Language",
  "status": "draft",
  "date": "2019-10-25T01:00:00+01:00",
  "publisher": "NHS Digital",
  "contact": [
    {
      "name": "Interoperability Team",
      "telecom": [
        {
          "system": "email",
          "value": "interoperabilityteam@nhs.net",
          "use": "work"
        }
      ]
    }
  ],
  "description": "A ValueSet that identifies the language used by a person.",
  "copyright": "Copyright © 2019 NHS Digital",
  "compose": {
    "include": [
      {
        "system": "https://fhir.nhs.uk/R4/CodeSystem/UKCore-HumanLanguage-1-0-0"
      }
    ]
  }
}