<?xml version="1.0" encoding="UTF-8"?>

<ValueSet xmlns="http://hl7.org/fhir">
  <id value="UKCore-AddressKeyType"/>
  <text>
    <status value="generated"/><div xmlns="http://www.w3.org/1999/xhtml"><h2>UK Core Address Key Type</h2><div><p>A ValueSet to identify the type of Address Key recorded.</p>
</div><p><b>Copyright Statement:</b> Copyright © 2019 NHS Digital</p><p>This value set includes codes from the following code systems:</p><ul><li>Include all codes defined in <a href="CodeSystem-UKCore-AddressKeyType.html"><code>https://fhir.nhs.uk/R4/CodeSystem/UKCore-AddressKeyType</code></a></li></ul></div>
  </text>
  <url value="https://fhir.nhs.uk/R4/ValueSet/UKCore-AddressKeyType"/>
  <version value="1.0.0"/>
  <name value="UKCoreAddressKeyType"/>
  <title value="UK Core Address Key Type"/>
  <status value="draft"/>
  <date value="2019-12-06T00:00:00+00:00"/>
  <publisher value="NHS Digital"/>
  <contact>
    <name value="NHS Digital"/>
    <telecom>
      <system value="email"/>
      <value value="mailto:interoperabilityteam@nhs.net"/>
      <use value="work"/>
    </telecom>
  </contact>
  <description value="A ValueSet to identify the type of Address Key recorded."/>
  <jurisdiction>
    <coding>
      <system value="urn:iso:std:iso:3166"/>
      <code value="GB"/>
    </coding>
  </jurisdiction>
  <copyright value="Copyright &#xA9; 2019 NHS Digital"/>
  <compose>
    <include>
      <system value="https://fhir.nhs.uk/R4/CodeSystem/UKCore-AddressKeyType"/>
    </include>
  </compose>
</ValueSet>