{
  "resourceType": "AllergyIntolerance",
  "id": "UKCore-AllergyIntolerance-Example",
  "meta": {
    "profile": [
      "https://fhir.nhs.uk/R4/StructureDefinition/UKCore-AllergyIntolerance"
    ]
  },
  "text": {
    "status": "generated",
    "div": "<div xmlns=\"http://www.w3.org/1999/xhtml\"><p><b>Generated Narrative with Details</b></p><p><b>id</b>: UKCore-AllergyIntolerance-Example</p><p><b>meta</b>: </p><p><b>clinicalStatus</b>: Active <span style=\"background: LightGoldenRodYellow\">(Details : {http://terminology.hl7.org/CodeSystem/allergyintolerance-clinical code 'active' = 'Active', given as 'Active'})</span></p><p><b>verificationStatus</b>: Confirmed <span style=\"background: LightGoldenRodYellow\">(Details : {http://terminology.hl7.org/CodeSystem/allergyintolerance-verification code 'confirmed' = 'Confirmed', given as 'Confirmed'})</span></p><p><b>patient</b>: <a href=\"UKCore-Patient-Example.html\">Generated Summary: id: UKCore-Patient-Example; Richard SMITH (OFFICIAL); birthDate: 1970-09-11</a></p><p><b>recordedDate</b>: 11-Sep-2019 14:46:00</p></div>"
  },
  "clinicalStatus": {
    "coding": [
      {
        "system": "http://terminology.hl7.org/CodeSystem/allergyintolerance-clinical",
        "code": "active",
        "display": "Active"
      }
    ]
  },
  "verificationStatus": {
    "coding": [
      {
        "system": "http://terminology.hl7.org/CodeSystem/allergyintolerance-verification",
        "code": "confirmed",
        "display": "Confirmed"
      }
    ]
  },
  "patient": {
    "reference": "Patient/UKCore-Patient-Example"
  },
  "recordedDate": "2019-09-11T13:46:00+00:00"
}