{
  "resourceType": "CodeSystem",
  "id": "UKCore-AddressKeyType",
  "text": {
    "status": "generated",
    "div": "<div xmlns=\"http://www.w3.org/1999/xhtml\"><h2>UK Core Address Key Type</h2><div><p>A CodeSystem to identify the type of Address Key recorded.</p>\n</div><p><b>Copyright Statement:</b> Copyright © 2019 NHS Digital</p><p>This code system https://fhir.nhs.uk/R4/CodeSystem/UKCore-AddressKeyType defines the following codes:</p><table class=\"codes\"><tr><td style=\"white-space:nowrap\"><b>Code</b></td><td><b>Display</b></td><td><b>Definition</b></td></tr><tr><td style=\"white-space:nowrap\">PAF<a name=\"UKCore-AddressKeyType-PAF\"> </a></td><td>Postal Address File Key</td><td/></tr><tr><td style=\"white-space:nowrap\">UPRN<a name=\"UKCore-AddressKeyType-UPRN\"> </a></td><td>Unique Property Reference Number</td><td/></tr></table></div>"
  },
  "url": "https://fhir.nhs.uk/R4/CodeSystem/UKCore-AddressKeyType",
  "version": "1.0.0",
  "name": "UKCoreAddressKeyType",
  "title": "UK Core Address Key Type",
  "status": "draft",
  "date": "2019-12-06T00:00:00+00:00",
  "publisher": "Project Wildfyre",
  "contact": [
    {
      "name": "Project Wildfyre",
      "telecom": [
        {
          "system": "email",
          "value": "mailto:interoperabilityteam@nhs.net",
          "use": "work"
        }
      ]
    }
  ],
  "description": "A CodeSystem to identify the type of Address Key recorded.",
  "jurisdiction": [
    {
      "coding": [
        {
          "system": "urn:iso:std:iso:3166",
          "code": "GB"
        }
      ]
    }
  ],
  "copyright": "Copyright © 2019 NHS Digital",
  "content": "complete",
  "concept": [
    {
      "code": "PAF",
      "display": "Postal Address File Key"
    },
    {
      "code": "UPRN",
      "display": "Unique Property Reference Number"
    }
  ]
}