{
  "resourceType": "CodeSystem",
  "id": "UKCore-SourceOfAdmission",
  "text": {
    "status": "generated",
    "div": "<div xmlns=\"http://www.w3.org/1999/xhtml\"><h2>NHS Data Model and Dictionary Source Of Admission</h2><div><p>The source of admission to a Hospital Provider Spell or a Nursing Episode when the Patient is in a Hospital Site or a Care Home.</p>\n</div><p><b>Copyright Statement:</b> Copyright © 2019 NHS Digital</p><p>This code system https://fhir.nhs.uk/R4/CodeSystem/UKCore-SourceOfAdmission defines the following codes:</p><table class=\"codes\"><tr><td style=\"white-space:nowrap\"><b>Code</b></td><td><b>Display</b></td><td><b>Definition</b></td></tr><tr><td style=\"white-space:nowrap\">19<a name=\"UKCore-SourceOfAdmission-19\"> </a></td><td>Usual place of residence unless listed below, for example, a private dwelling whether owner occupied or owned by Local Authority, housing association or other landlord. This includes wardened accommodation but not residential accommodation where health care is provided. It also includes Patients with no fixed abode.</td><td/></tr><tr><td style=\"white-space:nowrap\">29<a name=\"UKCore-SourceOfAdmission-29\"> </a></td><td>Temporary place of residence when usually resident elsewhere (e.g. hotels, residential Educational Establishments)</td><td/></tr><tr><td style=\"white-space:nowrap\">39<a name=\"UKCore-SourceOfAdmission-39\"> </a></td><td>Penal establishment, Court, or Police Station / Police Custody Suite</td><td/></tr><tr><td style=\"white-space:nowrap\">49<a name=\"UKCore-SourceOfAdmission-49\"> </a></td><td>NHS other Hospital Provider - high security psychiatric accommodation in an NHS Hospital Provider (NHS Trust or NHS Foundation Trust)</td><td/></tr><tr><td style=\"white-space:nowrap\">51<a name=\"UKCore-SourceOfAdmission-51\"> </a></td><td>NHS other Hospital Provider - Ward for general Patients or the younger physically disabled or A and E department</td><td>National Code 51 'NHS other hospital provider - Ward for general Patients or the younger physically disabled or A and E department' should not be used if the Patient arrives at an Accident and Emergency Department and is admitted to the same Hospital Provider.</td></tr><tr><td style=\"white-space:nowrap\">52<a name=\"UKCore-SourceOfAdmission-52\"> </a></td><td>NHS other Hospital Provider - Ward for maternity Patients or Neonates</td><td/></tr><tr><td style=\"white-space:nowrap\">53<a name=\"UKCore-SourceOfAdmission-53\"> </a></td><td>NHS other Hospital Provider - Ward for Patients who are mentally ill or have Learning Disabilities</td><td/></tr><tr><td style=\"white-space:nowrap\">54<a name=\"UKCore-SourceOfAdmission-54\"> </a></td><td>NHS run Care Home</td><td/></tr><tr><td style=\"white-space:nowrap\">65<a name=\"UKCore-SourceOfAdmission-65\"> </a></td><td>Local Authority residential accommodation i.e. where care is provided</td><td/></tr><tr><td style=\"white-space:nowrap\">66<a name=\"UKCore-SourceOfAdmission-66\"> </a></td><td>Local Authority foster care</td><td/></tr><tr><td style=\"white-space:nowrap\">79<a name=\"UKCore-SourceOfAdmission-79\"> </a></td><td>Babies born in or on the way to hospital</td><td/></tr><tr><td style=\"white-space:nowrap\">85<a name=\"UKCore-SourceOfAdmission-85\"> </a></td><td>Non-NHS (other than Local Authority) run Care Home</td><td/></tr><tr><td style=\"white-space:nowrap\">87<a name=\"UKCore-SourceOfAdmission-87\"> </a></td><td>Non NHS run hospital</td><td/></tr><tr><td style=\"white-space:nowrap\">88<a name=\"UKCore-SourceOfAdmission-88\"> </a></td><td>Non-NHS (other than Local Authority) run Hospice</td><td/></tr></table></div>"
  },
  "extension": [
    {
      "url": "http://hl7.org/fhir/StructureDefinition/codesystem-sourceReference",
      "valueUri": "http://www.datadictionary.nhs.uk/data_dictionary/attributes/s/smo/source_of_admission_de.asp?shownav=1"
    }
  ],
  "url": "https://fhir.nhs.uk/R4/CodeSystem/UKCore-SourceOfAdmission",
  "version": "4.0.0",
  "name": "NHSDataModelandDictionarySourceOfAdmission",
  "title": "NHS Data Model and Dictionary Source Of Admission",
  "status": "draft",
  "date": "2019-11-05T00:00:00+00:00",
  "publisher": "Project Wildfyre",
  "contact": [
    {
      "name": "Project Wildfyre",
      "telecom": [
        {
          "system": "email",
          "value": "mailto:dunno@dummy.net",
          "use": "work"
        }
      ]
    }
  ],
  "description": "The source of admission to a Hospital Provider Spell or a Nursing Episode when the Patient is in a Hospital Site or a Care Home.",
  "jurisdiction": [
    {
      "coding": [
        {
          "system": "urn:iso:std:iso:3166",
          "code": "GB"
        }
      ]
    }
  ],
  "copyright": "Copyright © 2019 NHS Digital",
  "content": "complete",
  "concept": [
    {
      "code": "19",
      "display": "Usual place of residence unless listed below, for example, a private dwelling whether owner occupied or owned by Local Authority, housing association or other landlord. This includes wardened accommodation but not residential accommodation where health care is provided. It also includes Patients with no fixed abode."
    },
    {
      "code": "29",
      "display": "Temporary place of residence when usually resident elsewhere (e.g. hotels, residential Educational Establishments)"
    },
    {
      "code": "39",
      "display": "Penal establishment, Court, or Police Station / Police Custody Suite"
    },
    {
      "code": "49",
      "display": "NHS other Hospital Provider - high security psychiatric accommodation in an NHS Hospital Provider (NHS Trust or NHS Foundation Trust)"
    },
    {
      "code": "51",
      "display": "NHS other Hospital Provider - Ward for general Patients or the younger physically disabled or A and E department",
      "definition": "National Code 51 'NHS other hospital provider - Ward for general Patients or the younger physically disabled or A and E department' should not be used if the Patient arrives at an Accident and Emergency Department and is admitted to the same Hospital Provider."
    },
    {
      "code": "52",
      "display": "NHS other Hospital Provider - Ward for maternity Patients or Neonates"
    },
    {
      "code": "53",
      "display": "NHS other Hospital Provider - Ward for Patients who are mentally ill or have Learning Disabilities"
    },
    {
      "code": "54",
      "display": "NHS run Care Home"
    },
    {
      "code": "65",
      "display": "Local Authority residential accommodation i.e. where care is provided"
    },
    {
      "code": "66",
      "display": "Local Authority foster care"
    },
    {
      "code": "79",
      "display": "Babies born in or on the way to hospital"
    },
    {
      "code": "85",
      "display": "Non-NHS (other than Local Authority) run Care Home"
    },
    {
      "code": "87",
      "display": "Non NHS run hospital"
    },
    {
      "code": "88",
      "display": "Non-NHS (other than Local Authority) run Hospice"
    }
  ]
}