{
  "resourceType": "CodeSystem",
  "id": "UKCore-NHSDataDictionary-PersonStatedGender",
  "text": {
    "status": "generated",
    "div": "<div xmlns=\"http://www.w3.org/1999/xhtml\"><h2>NHS Data Model and Dictionary Person Stated Gender Code</h2><div><p>The gender of a Person. Person Stated Gender Code is self declared or inferred by observation for those unable to declare their Person Stated Gender.</p>\n</div><p><b>Copyright Statement:</b> Copyright © 2019 NHS Digital</p><p>This code system https://fhir.nhs.uk/R4/CodeSystem/UKCore-NHSDataDictionary-PersonStatedGender defines the following codes:</p><table class=\"codes\"><tr><td style=\"white-space:nowrap\"><b>Code</b></td><td><b>Display</b></td><td><b>Definition</b></td></tr><tr><td style=\"white-space:nowrap\">1<a name=\"UKCore-NHSDataDictionary-PersonStatedGender-1\"> </a></td><td>Male</td><td/></tr><tr><td style=\"white-space:nowrap\">2<a name=\"UKCore-NHSDataDictionary-PersonStatedGender-2\"> </a></td><td>Female</td><td/></tr><tr><td style=\"white-space:nowrap\">9<a name=\"UKCore-NHSDataDictionary-PersonStatedGender-9\"> </a></td><td>Indeterminate (unable to be classified as either male or female)</td><td/></tr><tr><td style=\"white-space:nowrap\">X<a name=\"UKCore-NHSDataDictionary-PersonStatedGender-X\"> </a></td><td>Not Known (not recorded)</td><td/></tr></table></div>"
  },
  "extension": [
    {
      "url": "http://hl7.org/fhir/StructureDefinition/codesystem-sourceReference",
      "valueUri": "http://www.datadictionary.nhs.uk/data_dictionary/attributes/p/person/person_stated_gender_code_de.asp?shownav=1"
    }
  ],
  "url": "https://fhir.nhs.uk/R4/CodeSystem/UKCore-NHSDataDictionary-PersonStatedGender",
  "version": "4.0.0",
  "name": "NHSDataModelandDictionaryPersonStatedGenderCode",
  "title": "NHS Data Model and Dictionary Person Stated Gender Code",
  "status": "active",
  "date": "2019-10-18T13:00:00+01:00",
  "publisher": "Project Wildfyre",
  "contact": [
    {
      "name": "Project Wildfyre",
      "telecom": [
        {
          "system": "email",
          "value": "mailto:dunno@dummy.net",
          "use": "work"
        }
      ]
    }
  ],
  "description": "The gender of a Person. Person Stated Gender Code is self declared or inferred by observation for those unable to declare their Person Stated Gender.",
  "jurisdiction": [
    {
      "coding": [
        {
          "system": "urn:iso:std:iso:3166",
          "code": "GB"
        }
      ]
    }
  ],
  "copyright": "Copyright © 2019 NHS Digital",
  "caseSensitive": true,
  "content": "complete",
  "concept": [
    {
      "code": "1",
      "display": "Male"
    },
    {
      "code": "2",
      "display": "Female"
    },
    {
      "code": "9",
      "display": "Indeterminate (unable to be classified as either male or female)"
    },
    {
      "code": "X",
      "display": "Not Known (not recorded)"
    }
  ]
}