{
  "resourceType": "Medication",
  "id": "UKCore-Medication-Example",
  "meta": {
    "profile": [
      "https://fhir.nhs.uk/R4/StructureDefinition/UKCore-Medication"
    ]
  },
  "text": {
    "status": "generated",
    "div": "<div xmlns=\"http://www.w3.org/1999/xhtml\"><p><b>Generated Narrative with Details</b></p><p><b>id</b>: UKCore-Medication-Example</p><p><b>meta</b>: </p><p><b>code</b>: Timoptic 5mg/ml solution <span style=\"background: LightGoldenRodYellow\">(Details : {http://hl7.org/fhir/sid/ndc code '2501-813-16' = '2501-813-16', given as 'Timoptic 5mg/ml solution'})</span></p><p><b>form</b>: Opthalmic Solution (qualifier value) <span style=\"background: LightGoldenRodYellow\">(Details : {SNOMED CT code '75359005' = 'Timolol maleate', given as 'Opthalmic Solution (qualifier value)'})</span></p><h3>Ingredients</h3><table class=\"grid\"><tr><td>-</td><td><b>Item[x]</b></td><td><b>Strength</b></td></tr><tr><td>*</td><td>Timolol Maleate (substance) <span style=\"background: LightGoldenRodYellow\">(Details : {SNOMED CT code '75359005' = 'Timolol maleate', given as 'Timolol Maleate (substance)'})</span></td><td>5 mg<span style=\"background: LightGoldenRodYellow\"> (Details: UCUM code mg = 'mg')</span>/1 mL<span style=\"background: LightGoldenRodYellow\"> (Details: UCUM code mL = 'mL')</span></td></tr></table><h3>Batches</h3><table class=\"grid\"><tr><td>-</td><td><b>LotNumber</b></td><td><b>ExpirationDate</b></td></tr><tr><td>*</td><td>9494788</td><td>22-May-2020 00:00:00</td></tr></table></div>"
  },
  "code": {
    "coding": [
      {
        "system": "http://hl7.org/fhir/sid/ndc",
        "code": "2501-813-16",
        "display": "Timoptic 5mg/ml solution"
      }
    ]
  },
  "form": {
    "coding": [
      {
        "system": "http://snomed.info/sct",
        "code": "75359005",
        "display": "Opthalmic Solution (qualifier value)"
      }
    ]
  },
  "ingredient": [
    {
      "itemCodeableConcept": {
        "coding": [
          {
            "system": "http://snomed.info/sct",
            "code": "75359005",
            "display": "Timolol Maleate (substance)"
          }
        ]
      },
      "strength": {
        "numerator": {
          "value": 5,
          "system": "http://unitsofmeasure.org",
          "code": "mg"
        },
        "denominator": {
          "value": 1,
          "system": "http://unitsofmeasure.org",
          "code": "mL"
        }
      }
    }
  ],
  "batch": {
    "lotNumber": "9494788",
    "expirationDate": "2020-05-22"
  }
}