{
  "resourceType": "ValueSet",
  "id": "UKCore-NHSDataDictionary-PersonMaritalStatus",
  "text": {
    "status": "generated",
    "div": "<div xmlns=\"http://www.w3.org/1999/xhtml\"><h2>NHS Data Model and Dictionary Person Marital Status Code</h2><div><p>An indicator to identify the legal marital status of a Person.</p>\n</div><p><b>Copyright Statement:</b> Copyright © 2019 NHS Digital</p><p>This value set includes codes from the following code systems:</p><ul><li>Include all codes defined in <a href=\"CodeSystem-UKCore-NHSDataDictionary-PersonMaritalStatus.html\"><code>https://fhir.nhs.uk/R4/CodeSystem/UKCore-NHSDataDictionary-PersonMaritalStatus</code></a></li></ul></div>"
  },
  "extension": [
    {
      "url": "http://hl7.org/fhir/StructureDefinition/valueset-sourceReference",
      "valueUri": "http://www.datadictionary.nhs.uk/data_dictionary/attributes/p/person/person_marital_status_code_de.asp?shownav=1"
    }
  ],
  "url": "https://fhir.nhs.uk/R4/ValueSet/UKCore-NHSDataDictionary-PersonMaritalStatus",
  "version": "1.0.0",
  "name": "NHSDataModelandDictionaryPersonMaritalStatusCode",
  "title": "NHS Data Model and Dictionary Person Marital Status Code",
  "status": "active",
  "date": "2019-10-18T13:00:00+01:00",
  "publisher": "Project Wildfyre",
  "contact": [
    {
      "name": "Project Wildfyre",
      "telecom": [
        {
          "system": "email",
          "value": "mailto:interoperabilityteam@nhs.net",
          "use": "work"
        }
      ]
    }
  ],
  "description": "An indicator to identify the legal marital status of a Person.",
  "jurisdiction": [
    {
      "coding": [
        {
          "system": "urn:iso:std:iso:3166",
          "code": "GB"
        }
      ]
    }
  ],
  "copyright": "Copyright © 2019 NHS Digital",
  "compose": {
    "include": [
      {
        "system": "https://fhir.nhs.uk/R4/CodeSystem/UKCore-NHSDataDictionary-PersonMaritalStatus"
      }
    ]
  }
}