{
  "resourceType": "ValueSet",
  "id": "UKCore-AllergySeverity",
  "text": {
    "status": "generated",
    "div": "<div xmlns=\"http://www.w3.org/1999/xhtml\"><h2>UK Core Allergy Severity</h2><div><p>A code from the SNOMED Clinical Terminology UK coding system that describes the severity of an allergy.</p>\n</div><p><b>Copyright Statement:</b> This value set includes content from SNOMED CT, which is copyright © 2002+ International Health Terminology Standards Development Organisation (IHTSDO), and distributed by agreement between IHTSDO and HL7. Implementer use of SNOMED CT is not covered by this agreement.</p><p>This value set includes codes from the following code systems:</p><ul><li>Include codes from <a href=\"http://www.snomed.org/\"><code>http://snomed.info/sct</code></a> where constraint  =  (255604002 |Mild| OR 6736007 |Moderate| OR 24484000 |Severe| OR 399166001 |Fatal| OR 442452003 |Life threatening severity|)</li></ul></div>"
  },
  "url": "https://fhir.nhs.uk/R4/ValueSet/UKCore-AllergySeverity",
  "version": "1.0.0",
  "name": "UKCoreAllergySeverity",
  "title": "UK Core Allergy Severity",
  "status": "draft",
  "date": "2019-12-17T11:15:30+00:00",
  "contact": [
    {
      "name": "Interoperability Team",
      "telecom": [
        {
          "system": "email",
          "value": "interoperabilityteam@nhs.net",
          "use": "work"
        }
      ]
    }
  ],
  "description": "A code from the SNOMED Clinical Terminology UK coding system that describes the severity of an allergy.",
  "copyright": "This value set includes content from SNOMED CT, which is copyright © 2002+ International Health Terminology Standards Development Organisation (IHTSDO), and distributed by agreement between IHTSDO and HL7. Implementer use of SNOMED CT is not covered by this agreement.",
  "compose": {
    "include": [
      {
        "system": "http://snomed.info/sct",
        "filter": [
          {
            "property": "constraint",
            "op": "=",
            "value": "(255604002 |Mild| OR 6736007 |Moderate| OR 24484000 |Severe| OR 399166001 |Fatal| OR 442452003 |Life threatening severity|)"
          }
        ]
      }
    ]
  }
}