{
  "resourceType": "ValueSet",
  "id": "UKCore-EncounterType",
  "text": {
    "status": "generated",
    "div": "<div xmlns=\"http://www.w3.org/1999/xhtml\"><h2>UK Core Encounter Type</h2><div><p>A code from the SNOMED Clinical Terminology UK coding system that describes an encounter between a care professional and the patient (or patient's record).</p>\n</div><p><b>Copyright Statement:</b> This value set includes content from SNOMED CT, which is copyright © 2002+ International Health Terminology Standards Development Organisation (IHTSDO), and distributed by agreement between IHTSDO and HL7. Implementer use of SNOMED CT is not covered by this agreement.</p><p>This value set includes codes from the following code systems:</p><ul><li>Include codes from <a href=\"http://www.snomed.org/\"><code>http://snomed.info/sct</code></a> where constraint  =  &lt;&lt;185316007 OR &lt;&lt;308467007 OR &lt;&lt;185201007</li></ul></div>"
  },
  "url": "https://fhir.nhs.uk/R4/ValueSet/UKCore-EncounterType",
  "version": "1.0.0",
  "name": "UKCoreEncounterType",
  "title": "UK Core Encounter Type",
  "status": "draft",
  "date": "2019-11-05T00:00:00+00:00",
  "publisher": "Project Wildfyre",
  "contact": [
    {
      "name": "Project Wildfyre",
      "telecom": [
        {
          "system": "email",
          "value": "mailto:interoperabilityteam@nhs.net",
          "use": "work"
        }
      ]
    }
  ],
  "description": "A code from the SNOMED Clinical Terminology UK coding system that describes an encounter between a care professional and the patient (or patient's record).",
  "jurisdiction": [
    {
      "coding": [
        {
          "system": "urn:iso:std:iso:3166",
          "code": "GB"
        }
      ]
    }
  ],
  "copyright": "This value set includes content from SNOMED CT, which is copyright © 2002+ International Health Terminology Standards Development Organisation (IHTSDO), and distributed by agreement between IHTSDO and HL7. Implementer use of SNOMED CT is not covered by this agreement.",
  "compose": {
    "include": [
      {
        "system": "http://snomed.info/sct",
        "filter": [
          {
            "property": "constraint",
            "op": "=",
            "value": "<<185316007 OR <<308467007 OR <<185201007"
          }
        ]
      }
    ]
  }
}