{
  "resourceType": "ValueSet",
  "id": "UKCore-ProcedureCode",
  "text": {
    "status": "generated",
    "div": "<div xmlns=\"http://www.w3.org/1999/xhtml\"><h2>UK Core Procedure Code</h2><div><p>A code from the SNOMED Clinical Terminology UK with the expression (&lt;&lt;71388002 |Procedure|&lt;&lt;129125009 |Procedure with explicit context|).</p>\n</div><p><b>Copyright Statement:</b> This value set includes content from SNOMED CT, which is copyright © 2002+ International Health Terminology Standards Development Organisation (IHTSDO), and distributed by agreement between IHTSDO and HL7. Implementer use of SNOMED CT is not covered by this agreement.</p><p>This value set includes codes from the following code systems:</p><ul><li>Include codes from <a href=\"http://www.snomed.org/\"><code>http://snomed.info/sct</code></a> where constraint  =  (&lt;&lt;71388002 |Procedure|&lt;&lt;129125009 OR |Procedure with explicit context|)</li></ul></div>"
  },
  "url": "https://fhir.nhs.uk/R4/ValueSet/UKCore-ProcedureCode",
  "version": "1.0.0",
  "name": "UKCoreProcedureCode",
  "title": "UK Core Procedure Code",
  "status": "draft",
  "date": "2019-11-11T00:00:00+00:00",
  "publisher": "NHS Digital",
  "contact": [
    {
      "name": "NHS Digital",
      "telecom": [
        {
          "system": "email",
          "value": "mailto:interoperabilityteam@nhs.net",
          "use": "work"
        }
      ]
    }
  ],
  "description": "A code from the SNOMED Clinical Terminology UK with the expression (<<71388002 |Procedure|<<129125009 |Procedure with explicit context|).",
  "jurisdiction": [
    {
      "coding": [
        {
          "system": "urn:iso:std:iso:3166",
          "code": "GB"
        }
      ]
    }
  ],
  "copyright": "This value set includes content from SNOMED CT, which is copyright © 2002+ International Health Terminology Standards Development Organisation (IHTSDO), and distributed by agreement between IHTSDO and HL7. Implementer use of SNOMED CT is not covered by this agreement.",
  "compose": {
    "include": [
      {
        "system": "http://snomed.info/sct",
        "filter": [
          {
            "property": "constraint",
            "op": "=",
            "value": "(<<71388002 |Procedure|<<129125009 OR |Procedure with explicit context|)"
          }
        ]
      }
    ]
  }
}