{
  "resourceType": "ValueSet",
  "id": "UKCore-AllergyExposureRoute",
  "text": {
    "status": "generated",
    "div": "<div xmlns=\"http://www.w3.org/1999/xhtml\"><h2>UK Core Allergy Exposure Route</h2><div><p>A code from the SNOMED Clinical Terminology UK coding system that describes the e-Prescribing route of administration. Any code from the SNOMED CT UK 'NHS e-Prescribing route of administration subset' with subset original id 30201000001137; the corresponding SNOMED CT UK Refset FSN is 'ePrescribing route of administration simple reference set (foundation metadata concept)' with Refset Id 999000051000001100.</p>\n</div><p><b>Copyright Statement:</b> This value set includes content from SNOMED CT, which is copyright © 2002+ International Health Terminology Standards Development Organisation (IHTSDO), and distributed by agreement between IHTSDO and HL7. Implementer use of SNOMED CT is not covered by this agreement.</p><p>This value set includes codes from the following code systems:</p><ul><li>Include codes from <a href=\"http://www.snomed.org/\"><code>http://snomed.info/sct</code></a> where constraint  =  ^999000051000001100 |ePrescribing route of administration simple reference set|</li></ul></div>"
  },
  "url": "https://fhir.nhs.uk/R4/ValueSet/UKCore-AllergyExposureRoute",
  "version": "1.0.0",
  "name": "UKCoreAllergyExposureRoute",
  "title": "UK Core Allergy Exposure Route",
  "status": "draft",
  "date": "2019-11-05T00:00:00+00:00",
  "publisher": "NHS Digital",
  "contact": [
    {
      "name": "NHS Digital",
      "telecom": [
        {
          "system": "email",
          "value": "mailto:interoperabilityteam@nhs.net",
          "use": "work"
        }
      ]
    }
  ],
  "description": "A code from the SNOMED Clinical Terminology UK coding system that describes the e-Prescribing route of administration. Any code from the SNOMED CT UK 'NHS e-Prescribing route of administration subset' with subset original id 30201000001137; the corresponding SNOMED CT UK Refset FSN is 'ePrescribing route of administration simple reference set (foundation metadata concept)' with Refset Id 999000051000001100.",
  "jurisdiction": [
    {
      "coding": [
        {
          "system": "urn:iso:std:iso:3166",
          "code": "GB"
        }
      ]
    }
  ],
  "copyright": "This value set includes content from SNOMED CT, which is copyright © 2002+ International Health Terminology Standards Development Organisation (IHTSDO), and distributed by agreement between IHTSDO and HL7. Implementer use of SNOMED CT is not covered by this agreement.",
  "compose": {
    "include": [
      {
        "system": "http://snomed.info/sct",
        "filter": [
          {
            "property": "constraint",
            "op": "=",
            "value": "^999000051000001100 |ePrescribing route of administration simple reference set|"
          }
        ]
      }
    ]
  }
}