{
  "resourceType": "ValueSet",
  "id": "UKCore-DischargeDestination",
  "text": {
    "status": "generated",
    "div": "<div xmlns=\"http://www.w3.org/1999/xhtml\"><h2>NHS Data Model and Dictionary Discharge Destination</h2><div><p>The destination of a Patient on completion of a Hospital Provider Spell, or a note that the Patient died or was a still birth.</p>\n</div><p><b>Copyright Statement:</b> Copyright © 2019 NHS Digital</p><p>This value set includes codes from the following code systems:</p><ul><li>Include all codes defined in <a href=\"CodeSystem-UKCore-DischargeDestination.html\"><code>https://fhir.nhs.uk/R4/CodeSystem/UKCore-DischargeDestination</code></a></li></ul></div>"
  },
  "extension": [
    {
      "url": "http://hl7.org/fhir/StructureDefinition/valueset-sourceReference",
      "valueUri": "http://www.datadictionary.nhs.uk/data_dictionary/attributes/d/disc/discharge_destination_de.asp?shownav=1"
    }
  ],
  "url": "https://fhir.nhs.uk/R4/ValueSet/UKCore-DischargeDestination",
  "version": "1.0.0",
  "name": "NHSDataModelandDictionaryDischargeDestination",
  "title": "NHS Data Model and Dictionary Discharge Destination",
  "status": "draft",
  "date": "2019-11-05T00:00:00+00:00",
  "publisher": "NHS Digital",
  "contact": [
    {
      "name": "Interoperability Team",
      "telecom": [
        {
          "system": "email",
          "value": "interoperabilityteam@nhs.net",
          "use": "work"
        }
      ]
    }
  ],
  "description": "The destination of a Patient on completion of a Hospital Provider Spell, or a note that the Patient died or was a still birth.",
  "copyright": "Copyright © 2019 NHS Digital",
  "compose": {
    "include": [
      {
        "system": "https://fhir.nhs.uk/R4/CodeSystem/UKCore-DischargeDestination"
      }
    ]
  }
}